node_name,type,appearance,importance
malware,file,321,True
uname,file,2,False
Memory Address,mem,34745,True
8192*1024 bytes,other,284,False
/proc/self/exe,file,286,False
1502,proc,628,True
status:0,other,885,True
"""/usr""",file,61,False
"""/usr/bin""",file,61,False
"""/bin""",file,61,False
"""/tmp""",file,61,False
"""/var""",file,1,False
"""/var/run""",file,1,False
Timestamp,other,2816,False
Unknown,file,9683,True
/usr/bin/myjhfrxfoq,proc,168,True
1503,proc,4,True
Sleep Duration,other,2061,False
1505,proc,20685,False
Shared Memory:2,other,1,False
/etc/init.d/myjhfrxfoq,file,13,True
/etc/cron.hourly/gcc4.sh,file,3,True
/etc/rc1.d/S90myjhfrxfoq,file,2,True
/etc/rc2.d/S90myjhfrxfoq,file,2,True
/etc/rc3.d/S90myjhfrxfoq,file,2,True
/etc/rc4.d/S90myjhfrxfoq,file,2,True
/etc/rc5.d/S90myjhfrxfoq,file,2,True
/etc/rc.d/rc1.d/S90myjhfrxfoq,file,2,True
/etc/rc.d/rc2.d/S90myjhfrxfoq,file,2,True
/etc/rc.d/rc3.d/S90myjhfrxfoq,file,2,True
/etc/rc.d/rc4.d/S90myjhfrxfoq,file,2,True
/etc/rc.d/rc5.d/S90myjhfrxfoq,file,2,True
1506,proc,4,True
1508,proc,4,True
sh,proc,24,True
/proc/stat,file,2,True
1512,proc,897,True
1513,proc,368,True
1514,proc,2,True
/usr/bin/qlrfwteynf,file,838,True
1515,proc,4,True
1517,proc,4,True
1519,proc,4,True
1521,proc,4,True
1523,proc,4,True
/bin/qlrfwteynf,file,1,False
/tmp/qlrfwteynf,file,1,False
/usr/bin/gyasesuvou,file,997,True
1557,proc,4,True
1559,proc,4,True
1561,proc,4,True
1563,proc,4,True
1565,proc,4,True
/bin/gyasesuvou,file,1,False
/tmp/gyasesuvou,file,1,False
/usr/bin/cexaksimkk,file,1003,True
1572,proc,4,True
1574,proc,4,True
1576,proc,4,True
1578,proc,4,True
1580,proc,4,True
/bin/cexaksimkk,file,1,False
/tmp/cexaksimkk,file,1,False
/usr/bin/flelsojwgd,file,1003,True
1591,proc,4,True
1593,proc,4,True
1595,proc,4,True
1597,proc,4,True
1599,proc,4,True
/bin/flelsojwgd,file,1,False
/tmp/flelsojwgd,file,1,False
/usr/bin/vltgrctmon,file,1003,True
1606,proc,4,True
1608,proc,4,True
1610,proc,4,True
1612,proc,4,True
1614,proc,4,True
/bin/vltgrctmon,file,1,False
/tmp/vltgrctmon,file,1,False
/usr/bin/kzsmfhraco,file,1003,True
1621,proc,4,True
1623,proc,4,True
1625,proc,4,True
1627,proc,4,True
1629,proc,4,True
/bin/kzsmfhraco,file,1,False
/tmp/kzsmfhraco,file,1,False
/usr/bin/onwexxiyqu,file,1003,True
1643,proc,4,True
1645,proc,4,True
1647,proc,4,True
1649,proc,4,True
1651,proc,4,True
/bin/onwexxiyqu,file,1,False
/tmp/onwexxiyqu,file,1,False
/usr/bin/fefuxaxrrd,file,997,True
1658,proc,4,True
1660,proc,4,True
1662,proc,4,True
1664,proc,4,True
1667,proc,4,True
/bin/fefuxaxrrd,file,1,False
/tmp/fefuxaxrrd,file,1,False
/usr/bin/jlfthrmymx,file,995,True
1673,proc,4,True
1675,proc,4,True
1679,proc,4,True
1689,proc,4,True
1693,proc,4,True
/bin/jlfthrmymx,file,1,False
/tmp/jlfthrmymx,file,1,False
/usr/bin/kglsqhsrrg,file,997,True
1698,proc,4,True
1700,proc,4,True
1702,proc,4,True
1704,proc,4,True
1706,proc,4,True
/bin/kglsqhsrrg,file,1,False
/tmp/kglsqhsrrg,file,1,False
/usr/bin/yynpluhyxz,file,1003,True
1732,proc,4,True
1734,proc,4,True
1736,proc,4,True
1738,proc,4,True
1740,proc,4,True
/bin/yynpluhyxz,file,1,False
/tmp/yynpluhyxz,file,1,False
/usr/bin/ysymcnltbz,file,1003,True
1795,proc,4,True
1797,proc,4,True
1799,proc,4,True
1801,proc,4,True
1803,proc,4,True
/bin/ysymcnltbz,file,1,False
/tmp/ysymcnltbz,file,1,False
/usr/bin/fpcfjrniyo,file,997,True
1835,proc,4,True
1837,proc,4,True
1839,proc,4,True
1841,proc,4,True
1843,proc,4,True
/bin/fpcfjrniyo,file,1,False
/tmp/fpcfjrniyo,file,1,False
/usr/bin/luklhvooxu,file,995,True
1850,proc,4,True
1852,proc,4,True
1854,proc,4,True
1856,proc,4,True
1858,proc,4,True
/bin/luklhvooxu,file,1,False
/tmp/luklhvooxu,file,1,False
/usr/bin/glrvvkmbeb,file,836,True
1865,proc,4,True
1867,proc,4,True
1869,proc,4,True
1871,proc,4,True
1873,proc,4,True
/bin/glrvvkmbeb,file,1,False
/tmp/glrvvkmbeb,file,1,False
/usr/bin/awtzkkcfkz,file,997,True
1879,proc,4,True
1881,proc,4,True
1883,proc,4,True
1885,proc,4,True
1887,proc,4,True
/bin/awtzkkcfkz,file,1,False
/tmp/awtzkkcfkz,file,1,False
/usr/bin/swxnoyyyti,file,836,True
1894,proc,4,True
1896,proc,4,True
1898,proc,4,True
1900,proc,4,True
1902,proc,4,True
/bin/swxnoyyyti,file,1,False
/tmp/swxnoyyyti,file,1,False
/usr/bin/wszanqacvx,file,1003,True
1908,proc,4,True
1910,proc,4,True
1912,proc,4,True
1914,proc,4,True
1916,proc,4,True
/bin/wszanqacvx,file,1,False
/tmp/wszanqacvx,file,1,False
/usr/bin/akiracqobl,file,1003,True
1923,proc,4,True
1925,proc,4,True
1927,proc,4,True
1929,proc,4,True
1931,proc,4,True
/bin/akiracqobl,file,1,False
/tmp/akiracqobl,file,1,False
/usr/bin/rjssfpglqb,file,995,True
1938,proc,4,True
1940,proc,4,True
1942,proc,4,True
1945,proc,4,True
1947,proc,4,True
/bin/rjssfpglqb,file,1,False
/tmp/rjssfpglqb,file,1,False
/usr/bin/svrzlepzwg,file,997,True
1953,proc,4,True
1955,proc,4,True
1957,proc,4,True
1959,proc,4,True
1962,proc,4,True
/bin/svrzlepzwg,file,1,False
/tmp/svrzlepzwg,file,1,False
/usr/bin/uzxvmujqvg,file,997,True
1968,proc,4,True
1970,proc,4,True
1972,proc,4,True
1974,proc,4,True
1976,proc,4,True
/bin/uzxvmujqvg,file,1,False
/tmp/uzxvmujqvg,file,1,False
/usr/bin/qhiuqgzofl,file,995,True
1983,proc,4,True
1985,proc,4,True
1987,proc,4,True
1990,proc,4,True
1994,proc,4,True
/bin/qhiuqgzofl,file,1,False
/tmp/qhiuqgzofl,file,1,False
/usr/bin/taztlgkkjv,file,838,True
1998,proc,4,True
2000,proc,4,True
2002,proc,4,True
2004,proc,4,True
2006,proc,4,True
/bin/taztlgkkjv,file,1,False
/tmp/taztlgkkjv,file,1,False
/usr/bin/ddmnfcjvbb,file,834,True
2012,proc,4,True
2014,proc,4,True
2016,proc,4,True
2019,proc,4,True
2021,proc,4,True
/bin/ddmnfcjvbb,file,1,False
/tmp/ddmnfcjvbb,file,1,False
/usr/bin/klkilsljlk,file,995,True
2026,proc,4,True
2028,proc,4,True
2030,proc,4,True
2032,proc,4,True
2035,proc,4,True
/bin/klkilsljlk,file,1,False
/tmp/klkilsljlk,file,1,False
/usr/bin/xctzursddd,file,997,True
2043,proc,4,True
2045,proc,4,True
2047,proc,4,True
2049,proc,4,True
2052,proc,4,True
/bin/xctzursddd,file,1,False
/tmp/xctzursddd,file,1,False
/usr/bin/kqohxpkymh,file,836,True
2058,proc,4,True
2060,proc,4,True
2062,proc,4,True
2064,proc,4,True
2066,proc,4,True
/bin/kqohxpkymh,file,1,False
/tmp/kqohxpkymh,file,1,False
/usr/bin/upedzviits,file,1001,True
2072,proc,4,True
2074,proc,4,True
2076,proc,4,True
2078,proc,4,True
2080,proc,4,True
/bin/upedzviits,file,1,False
/tmp/upedzviits,file,1,False
/usr/bin/onslusivym,file,669,True
2087,proc,4,True
2089,proc,4,True
2091,proc,4,True
2093,proc,4,True
2095,proc,4,True
/bin/onslusivym,file,1,False
/tmp/onslusivym,file,1,False
/usr/bin/qmjqwgqqsi,file,997,True
2100,proc,4,True
2102,proc,4,True
2104,proc,4,True
2107,proc,4,True
2109,proc,4,True
/bin/qmjqwgqqsi,file,1,False
/tmp/qmjqwgqqsi,file,1,False
/usr/bin/xbfevrugrt,file,1003,True
2115,proc,4,True
2117,proc,4,True
2119,proc,4,True
2121,proc,4,True
2123,proc,4,True
/bin/xbfevrugrt,file,1,False
/tmp/xbfevrugrt,file,1,False
/usr/bin/rfrnamwvum,file,838,True
2130,proc,4,True
2132,proc,4,True
2134,proc,4,True
2136,proc,4,True
2138,proc,4,True
/bin/rfrnamwvum,file,1,False
/tmp/rfrnamwvum,file,1,False
/usr/bin/xtldeywmzr,file,1003,True
2144,proc,4,True
2146,proc,4,True
2148,proc,4,True
2150,proc,4,True
2152,proc,4,True
/bin/xtldeywmzr,file,1,False
/tmp/xtldeywmzr,file,1,False
/usr/bin/xwonuvcang,file,995,True
2159,proc,4,True
2161,proc,4,True
2163,proc,4,True
2165,proc,4,True
2167,proc,4,True
/bin/xwonuvcang,file,1,False
/tmp/xwonuvcang,file,1,False
/usr/bin/wunzjdshqx,file,343,True
2174,proc,4,True
2176,proc,4,True
2178,proc,4,True
2180,proc,4,True
2182,proc,4,True
/bin/wunzjdshqx,file,1,False
/tmp/wunzjdshqx,file,1,False
/usr/bin/jtjcoldqrl,file,997,True
2185,proc,4,True
2187,proc,4,True
2189,proc,4,True
2191,proc,4,True
2193,proc,4,True
/bin/jtjcoldqrl,file,1,False
/tmp/jtjcoldqrl,file,1,False
/usr/bin/iyoyalrelk,file,997,True
2200,proc,4,True
2202,proc,4,True
2204,proc,4,True
2206,proc,4,True
2208,proc,4,True
/bin/iyoyalrelk,file,1,False
/tmp/iyoyalrelk,file,1,False
/usr/bin/kvjtrcwjda,file,508,True
2215,proc,4,True
2217,proc,4,True
2219,proc,4,True
2221,proc,4,True
2223,proc,4,True
/bin/kvjtrcwjda,file,1,False
/tmp/kvjtrcwjda,file,1,False
/usr/bin/xxkyekbjjy,file,997,True
2227,proc,4,True
2229,proc,4,True
2232,proc,4,True
2235,proc,4,True
2238,proc,4,True
/bin/xxkyekbjjy,file,1,False
/tmp/xxkyekbjjy,file,1,False
/usr/bin/brffqfgqpb,file,508,True
2242,proc,4,True
2244,proc,4,True
2246,proc,4,True
2248,proc,4,True
2250,proc,4,True
/bin/brffqfgqpb,file,1,False
/tmp/brffqfgqpb,file,1,False
/usr/bin/vylvuzcmjp,file,997,True
2254,proc,4,True
2256,proc,4,True
2258,proc,4,True
2261,proc,4,True
2263,proc,4,True
/bin/vylvuzcmjp,file,1,False
/tmp/vylvuzcmjp,file,1,False
/usr/bin/qcqzqtexbk,file,997,True
2269,proc,4,True
2271,proc,4,True
2273,proc,4,True
2275,proc,4,True
2277,proc,4,True
/bin/qcqzqtexbk,file,1,False
/tmp/qcqzqtexbk,file,1,False
/usr/bin/asxodsdqpw,file,995,True
2284,proc,4,True
2286,proc,4,True
2288,proc,4,True
2292,proc,4,True
2294,proc,4,True
/bin/asxodsdqpw,file,1,False
/tmp/asxodsdqpw,file,1,False
/usr/bin/whvplpwopi,file,997,True
2308,proc,4,True
2310,proc,4,True
2312,proc,4,True
2314,proc,4,True
2319,proc,4,True
/bin/whvplpwopi,file,1,False
/tmp/whvplpwopi,file,1,False
/usr/bin/oqeanltqfm,file,997,True
2323,proc,4,True
2325,proc,4,True
2327,proc,4,True
2329,proc,4,True
2332,proc,4,True
/bin/oqeanltqfm,file,1,False
/tmp/oqeanltqfm,file,1,False
/usr/bin/colrimjucv,file,997,True
2338,proc,4,True
2340,proc,4,True
2342,proc,4,True
2344,proc,4,True
2346,proc,4,True
/bin/colrimjucv,file,1,False
/tmp/colrimjucv,file,1,False
/usr/bin/mqgiyfgvyk,file,997,True
2353,proc,4,True
2355,proc,4,True
2357,proc,4,True
2359,proc,4,True
2361,proc,4,True
/bin/mqgiyfgvyk,file,1,False
/tmp/mqgiyfgvyk,file,1,False
/usr/bin/xthptzgcux,file,671,True
2368,proc,4,True
2370,proc,4,True
2372,proc,4,True
2374,proc,4,True
2376,proc,4,True
/bin/xthptzgcux,file,1,False
/tmp/xthptzgcux,file,1,False
/usr/bin/ysgyumteix,file,997,True
2390,proc,4,True
2392,proc,4,True
2394,proc,4,True
2397,proc,4,True
2399,proc,4,True
/bin/ysgyumteix,file,1,False
/tmp/ysgyumteix,file,1,False
/usr/bin/bzelxedjhi,file,997,True
2405,proc,4,True
2407,proc,4,True
2409,proc,4,True
2411,proc,4,True
2413,proc,4,True
/bin/bzelxedjhi,file,1,False
/tmp/bzelxedjhi,file,1,False
/usr/bin/rukbpaxnng,file,1003,True
2420,proc,4,True
2422,proc,4,True
2424,proc,4,True
2426,proc,4,True
2428,proc,4,True
/bin/rukbpaxnng,file,1,False
/tmp/rukbpaxnng,file,1,False
/usr/bin/tggazhefrf,file,1003,True
2435,proc,4,True
2437,proc,4,True
2439,proc,4,True
2441,proc,4,True
2443,proc,4,True
/bin/tggazhefrf,file,1,False
/tmp/tggazhefrf,file,1,False
/usr/bin/wujniexwdj,file,1003,True
2450,proc,4,True
2452,proc,4,True
2454,proc,4,True
2456,proc,4,True
2458,proc,4,True
/bin/wujniexwdj,file,1,False
/tmp/wujniexwdj,file,1,False
/usr/bin/gfyaxytrdu,file,1003,True
2465,proc,4,True
2467,proc,4,True
2469,proc,4,True
2471,proc,4,True
2473,proc,4,True
/bin/gfyaxytrdu,file,1,False
/tmp/gfyaxytrdu,file,1,False
/usr/bin/czhjirbvig,file,997,True
2480,proc,4,True
2482,proc,4,True
2484,proc,4,True
2486,proc,4,True
2489,proc,4,True
/bin/czhjirbvig,file,1,False
/tmp/czhjirbvig,file,1,False
/usr/bin/qwpewtgsto,file,1001,True
2495,proc,4,True
2497,proc,4,True
2499,proc,4,True
2501,proc,4,True
2503,proc,4,True
/bin/qwpewtgsto,file,1,False
/tmp/qwpewtgsto,file,1,False
/usr/bin/sfhhjasjbb,file,997,True
2510,proc,4,True
2512,proc,4,True
2514,proc,4,True
2517,proc,4,True
2519,proc,4,True
/bin/sfhhjasjbb,file,1,False
/tmp/sfhhjasjbb,file,1,False
/usr/bin/ngyyxxrtfo,file,1003,True
2675,proc,4,True
2677,proc,4,True
2679,proc,4,True
2681,proc,4,True
2683,proc,4,True
/bin/ngyyxxrtfo,file,1,False
/tmp/ngyyxxrtfo,file,1,False
/usr/bin/eopkdgfpbh,file,998,True
2723,proc,4,True
2725,proc,4,True
2727,proc,4,True
2729,proc,4,True
2731,proc,4,True
/bin/eopkdgfpbh,file,1,False
/tmp/eopkdgfpbh,file,1,False
chkconfig,proc,2,True
update-rc.d,proc,88,True
ID,other,24,False
/usr/local/share/perl/5.26.0,file,1,False
/etc/perl/strict.pmc,file,1,False
/etc/perl/strict.pm,file,1,False
/usr/local/share/perl/5.26.1/strict.pmc,file,1,False
/usr/local/share/perl/5.26.1/strict.pm,file,1,False
/usr/share/perl5/strict.pmc,file,1,False
/usr/share/perl5/strict.pm,file,1,False
/usr/share/perl/5.26/strict.pmc,file,1,False
/usr/share/perl/5.26/strict.pm,file,1,False
/etc/perl/warnings.pmc,file,1,False
/etc/perl/warnings.pm,file,1,False
/usr/local/share/perl/5.26.1/warnings.pmc,file,1,False
/usr/local/share/perl/5.26.1/warnings.pm,file,1,False
/usr/share/perl5/warnings.pmc,file,1,False
/usr/share/perl5/warnings.pm,file,1,False
/usr/share/perl/5.26/warnings.pmc,file,1,False
/usr/share/perl/5.26/warnings.pm,file,1,False
/etc/perl/File/Glob.pmc,file,1,False
/etc/perl/File/Glob.pm,file,1,False
/usr/local/share/perl/5.26.1/File/Glob.pmc,file,1,False
/usr/local/share/perl/5.26.1/File/Glob.pm,file,1,False
/usr/share/perl5/File/Glob.pmc,file,1,False
/usr/share/perl5/File/Glob.pm,file,1,False
/etc/perl/XSLoader.pmc,file,1,False
/etc/perl/XSLoader.pm,file,1,False
/usr/local/share/perl/5.26.1/XSLoader.pmc,file,1,False
/usr/local/share/perl/5.26.1/XSLoader.pm,file,1,False
/usr/share/perl5/XSLoader.pmc,file,1,False
/usr/share/perl5/XSLoader.pm,file,1,False
/usr/share/perl/5.26/XSLoader.pmc,file,1,False
/usr/share/perl/5.26/XSLoader.pm,file,1,False
/sbin/insserv,file,1,False
/sbin/openrc,file,1,False
"""/etc/rc4.d/S90myjhfrxfoq""",file,1,False
"""/etc/rc3.d/S90myjhfrxfoq""",file,1,False
"""/etc/rc2.d/S90myjhfrxfoq""",file,1,False
"""/etc/rc1.d/S90myjhfrxfoq""",file,1,False
"""/etc/rc5.d/S90myjhfrxfoq""",file,1,False
/run/systemd/system,file,1,False
Pipe 3 : read end from Pipe 4,other,1,False
Pipe 4 : write end to Pipe 3,other,1,False
systemctl,proc,94,False
/prober,file,1,False
.,file,1,False
/bin/sed,file,1,False
sed,proc,49,False
NO_PID,proc,1,False
/sys/fs/selinux,file,2,False
/selinux,file,2,False
/etc/selinux/config,file,2,False
/etc/crontab,file,2,True
Permission:0700,other,1,True
Permission:022,other,1,True
/etc/sedu3yeZV,file,20,True
"""/var/run/gcc4.pid""",file,299,False
/var/run/gcc4.pid,file,4,True
"""/usr/bin/myjhfrxfoq""",file,298,False
183.60.202.2:2444,net,29,True
103.25.9.228:53,net,54,True
8.8.8.8:53,net,53,True
0.0.0.0:2444,net,52,True
1529,proc,293,False
1526,proc,293,False
1525,proc,293,False
1527,proc,293,False
/proc/1505/exe,file,1649,False
/proc/vz,file,1,False
" ""/proc/1/root""",file,1,False
" ""/""",file,1,False
" ""/run/systemd/system/""",file,1,False
1571,proc,293,False
1567,proc,293,False
1570,proc,293,False
1569,proc,293,False
1568,proc,293,False
1586,proc,293,False
1585,proc,293,False
1584,proc,293,False
1583,proc,293,False
1582,proc,293,False
1605,proc,293,False
1604,proc,293,False
1603,proc,293,False
1602,proc,293,False
1601,proc,293,False
1620,proc,293,False
1619,proc,293,False
1616,proc,293,False
1617,proc,293,False
1618,proc,293,False
1635,proc,293,False
1634,proc,293,False
1633,proc,293,False
1632,proc,293,False
1631,proc,293,False
1657,proc,293,False
1656,proc,293,False
1653,proc,293,False
1655,proc,293,False
1654,proc,293,False
1672,proc,293,False
1666,proc,293,False
1671,proc,293,False
1670,proc,293,False
1669,proc,293,False
1678,proc,293,False
1677,proc,293,False
1692,proc,293,False
1695,proc,293,False
1696,proc,293,False
1708,proc,293,False
1711,proc,293,False
1712,proc,293,False
1709,proc,293,False
1710,proc,293,False
1746,proc,293,False
1745,proc,293,False
1744,proc,293,False
1743,proc,293,False
1742,proc,293,False
1809,proc,293,False
1808,proc,293,False
1807,proc,293,False
1805,proc,293,False
1806,proc,293,False
1849,proc,293,False
1845,proc,293,False
1848,proc,293,False
1846,proc,293,False
1847,proc,293,False
1860,proc,293,False
1864,proc,293,False
1863,proc,293,False
1862,proc,293,False
1861,proc,293,False
1877,proc,290,False
1875,proc,290,False
1878,proc,293,False
1876,proc,290,False
1888,proc,293,False
1893,proc,293,False
1892,proc,293,False
1891,proc,293,False
1890,proc,293,False
1907,proc,293,False
1904,proc,293,False
1906,proc,293,False
1905,proc,293,False
1922,proc,293,False
1921,proc,293,False
1920,proc,293,False
1918,proc,293,False
1919,proc,293,False
1937,proc,293,False
1936,proc,293,False
1935,proc,293,False
1934,proc,293,False
1933,proc,293,False
1948,proc,293,False
1944,proc,293,False
1952,proc,293,False
1950,proc,293,False
1951,proc,293,False
1960,proc,293,False
1964,proc,293,False
1967,proc,293,False
1966,proc,293,False
1965,proc,293,False
1977,proc,293,False
1982,proc,293,False
1981,proc,293,False
1980,proc,293,False
1979,proc,293,False
1993,proc,293,False
1989,proc,293,False
1997,proc,293,False
1992,proc,293,False
1996,proc,293,False
2011,proc,290,False
2010,proc,293,False
2009,proc,293,False
2008,proc,293,False
2018,proc,293,False
2025,proc,293,False
2023,proc,293,False
2024,proc,293,False
2036,proc,293,False
2040,proc,293,False
2034,proc,293,False
2039,proc,293,False
2038,proc,293,False
2057,proc,293,False
2051,proc,293,False
2055,proc,293,False
2054,proc,293,False
2056,proc,293,False
2071,proc,293,False
2070,proc,293,False
2068,proc,293,False
2069,proc,293,False
2086,proc,290,False
2085,proc,293,False
2081,proc,293,False
2084,proc,293,False
2083,proc,293,False
2097,proc,293,False
2099,proc,293,False
2098,proc,293,False
2114,proc,293,False
2106,proc,293,False
2113,proc,293,False
2112,proc,293,False
2111,proc,293,False
2129,proc,293,False
2128,proc,293,False
2127,proc,293,False
2126,proc,293,False
2125,proc,293,False
2143,proc,293,False
2142,proc,293,False
2140,proc,293,False
2141,proc,293,False
2158,proc,293,False
2157,proc,293,False
2155,proc,293,False
2154,proc,293,False
2156,proc,293,False
2169,proc,293,False
2173,proc,293,False
2172,proc,293,False
2171,proc,293,False
2170,proc,293,False
2184,proc,293,False
2199,proc,293,False
2195,proc,293,False
2198,proc,293,False
2197,proc,293,False
2196,proc,293,False
2210,proc,293,False
2211,proc,293,False
2214,proc,293,False
2212,proc,293,False
2213,proc,293,False
2225,proc,293,False
2226,proc,293,False
2237,proc,293,False
2231,proc,293,False
2234,proc,293,False
2241,proc,293,False
2240,proc,293,False
2252,proc,293,False
2253,proc,293,False
2260,proc,293,False
2265,proc,293,False
2268,proc,293,False
2267,proc,293,False
2266,proc,293,False
2283,proc,293,False
2279,proc,293,False
2282,proc,293,False
2281,proc,293,False
2280,proc,293,False
2291,proc,293,False
2290,proc,293,False
2298,proc,293,False
2297,proc,293,False
2296,proc,293,False
2321,proc,293,False
2316,proc,293,False
2318,proc,293,False
2317,proc,293,False
2322,proc,293,False
2331,proc,293,False
2337,proc,293,False
2334,proc,293,False
2336,proc,293,False
2335,proc,293,False
2352,proc,290,False
2348,proc,293,False
2351,proc,290,False
2350,proc,293,False
2349,proc,293,False
2363,proc,293,False
2367,proc,290,False
2366,proc,290,False
2365,proc,290,False
2364,proc,293,False
2379,proc,293,False
2380,proc,293,False
2378,proc,293,False
2396,proc,293,False
2401,proc,293,False
2404,proc,293,False
2403,proc,293,False
2402,proc,293,False
2414,proc,293,False
2419,proc,293,False
2418,proc,293,False
2417,proc,293,False
2416,proc,293,False
2434,proc,293,False
2433,proc,293,False
2432,proc,293,False
2430,proc,293,False
2431,proc,293,False
2449,proc,293,False
2448,proc,293,False
2445,proc,293,False
2447,proc,293,False
2446,proc,293,False
2463,proc,293,False
2464,proc,293,False
2462,proc,293,False
2460,proc,293,False
2461,proc,293,False
2479,proc,293,False
2478,proc,293,False
2475,proc,293,False
2476,proc,293,False
2477,proc,293,False
2494,proc,293,False
2488,proc,293,False
2493,proc,293,False
2491,proc,293,False
2492,proc,293,False
2509,proc,293,False
2508,proc,293,False
2507,proc,293,False
2505,proc,293,False
2506,proc,293,False
2524,proc,293,False
2516,proc,293,False
2523,proc,293,False
2521,proc,293,False
2522,proc,293,False
2689,proc,293,False
2688,proc,293,False
2687,proc,293,False
2685,proc,293,False
2686,proc,293,False
2736,proc,280,False
2737,proc,280,False
2735,proc,280,False
2734,proc,280,False
2733,proc,280,False
