node_name,type,appearance,importance
malware,file,353,True
uname,file,2,False
Memory Address,mem,40749,True
8192*1024 bytes,other,295,False
/proc/self/exe,file,297,False
1518,proc,689,True
status:0,other,896,True
"""/boot""",file,61,False
"""/var""",file,1,False
"""/var/run""",file,1,False
Timestamp,other,2906,False
Unknown,file,10680,True
/boot/kyjfilcrnq,proc,184,True
1519,proc,4,True
Sleep Duration,other,2135,False
1521,proc,22306,False
Shared Memory:2,other,1,False
/etc/init.d/kyjfilcrnq,file,13,True
/etc/cron.hourly/cron.sh,file,3,True
/proc/rs_dev,file,585,True
/etc/rc1.d/S90kyjfilcrnq,file,2,True
/etc/rc2.d/S90kyjfilcrnq,file,2,True
/etc/rc3.d/S90kyjfilcrnq,file,2,True
/etc/rc4.d/S90kyjfilcrnq,file,2,True
/etc/rc5.d/S90kyjfilcrnq,file,2,True
/etc/rc.d/rc1.d/S90kyjfilcrnq,file,2,True
/etc/rc.d/rc2.d/S90kyjfilcrnq,file,2,True
/etc/rc.d/rc3.d/S90kyjfilcrnq,file,2,True
/etc/rc.d/rc4.d/S90kyjfilcrnq,file,2,True
/etc/rc.d/rc5.d/S90kyjfilcrnq,file,2,True
1522,proc,4,True
1524,proc,4,True
sh,proc,24,True
/proc/stat,file,2,True
1528,proc,897,True
1529,proc,363,True
1530,proc,13,True
/boot/gzouwclwnr,file,918,True
1531,proc,4,True
1533,proc,4,True
1535,proc,4,True
1537,proc,4,True
1539,proc,4,True
/boot/pxqgyrrbzu,file,1093,True
1574,proc,4,True
1576,proc,4,True
1578,proc,4,True
1580,proc,4,True
1583,proc,4,True
/boot/frdsmulhvu,file,1099,True
1589,proc,4,True
1591,proc,4,True
1593,proc,4,True
1595,proc,4,True
1597,proc,4,True
/boot/surblktlmj,file,1093,True
1608,proc,4,True
1610,proc,4,True
1612,proc,4,True
1614,proc,4,True
1617,proc,4,True
/boot/iswqwsprgu,file,918,True
1623,proc,4,True
1625,proc,4,True
1627,proc,4,True
1629,proc,4,True
1631,proc,4,True
/boot/ftrnncnlir,file,737,True
1637,proc,4,True
1639,proc,4,True
1641,proc,4,True
1643,proc,4,True
1645,proc,4,True
/boot/qizzmavgpl,file,918,True
1654,proc,4,True
1656,proc,4,True
1658,proc,4,True
1660,proc,4,True
1663,proc,4,True
/boot/kfsglskbdb,file,1093,True
1668,proc,4,True
1670,proc,4,True
1672,proc,4,True
1674,proc,4,True
1677,proc,4,True
/boot/kfiegjyafw,file,1099,True
1683,proc,4,True
1685,proc,4,True
1687,proc,4,True
1689,proc,4,True
1691,proc,4,True
/boot/pydamssrzt,file,1091,True
1699,proc,4,True
1701,proc,4,True
1703,proc,4,True
1705,proc,4,True
1708,proc,4,True
/boot/hucenabudx,file,1099,True
1733,proc,4,True
1735,proc,4,True
1737,proc,4,True
1739,proc,4,True
1741,proc,4,True
/boot/pyaqircmpc,file,1099,True
1796,proc,4,True
1798,proc,4,True
1800,proc,4,True
1802,proc,4,True
1804,proc,4,True
/boot/btiipgrbod,file,1099,True
1836,proc,4,True
1838,proc,4,True
1840,proc,4,True
1842,proc,4,True
1844,proc,4,True
/boot/hlgpkoezsl,file,1099,True
1851,proc,4,True
1853,proc,4,True
1855,proc,4,True
1857,proc,4,True
1859,proc,4,True
/boot/gvqambdbei,file,1093,True
1912,proc,4,True
1914,proc,4,True
1916,proc,4,True
1918,proc,4,True
1920,proc,4,True
/boot/lgwpwkxyat,file,1093,True
1927,proc,4,True
1929,proc,4,True
1931,proc,4,True
1934,proc,4,True
1939,proc,4,True
/boot/bsthdzgvmt,file,1099,True
1942,proc,4,True
1944,proc,4,True
1946,proc,4,True
1948,proc,4,True
1950,proc,4,True
/boot/tljpweugni,file,1099,True
1957,proc,4,True
1959,proc,4,True
1961,proc,4,True
1963,proc,4,True
1965,proc,4,True
/boot/iphpevdezt,file,1093,True
1972,proc,4,True
1974,proc,4,True
1976,proc,4,True
1978,proc,4,True
1981,proc,4,True
/boot/kkxlhyzfmp,file,1093,True
1987,proc,4,True
1989,proc,4,True
1991,proc,4,True
1995,proc,4,True
1997,proc,4,True
/boot/pzjfoxtpmb,file,1091,True
2002,proc,4,True
2004,proc,4,True
2007,proc,4,True
2009,proc,4,True
2013,proc,4,True
/boot/bxzcujmwuj,file,1091,True
2017,proc,4,True
2019,proc,4,True
2021,proc,4,True
2024,proc,4,True
2027,proc,4,True
/boot/jpyqhyfzey,file,1091,True
2032,proc,4,True
2034,proc,4,True
2036,proc,4,True
2038,proc,4,True
2040,proc,4,True
/boot/dgbfmcdgie,file,1099,True
2047,proc,4,True
2049,proc,4,True
2051,proc,4,True
2053,proc,4,True
2055,proc,4,True
/boot/zqghiflwfw,file,1093,True
2062,proc,4,True
2064,proc,4,True
2066,proc,4,True
2069,proc,4,True
2071,proc,4,True
/boot/bkrlffbdxs,file,1093,True
2077,proc,4,True
2079,proc,4,True
2081,proc,4,True
2084,proc,4,True
2086,proc,4,True
/boot/mfpmkpexoo,file,556,True
2092,proc,4,True
2094,proc,4,True
2096,proc,4,True
2098,proc,4,True
2101,proc,4,True
/boot/fykepenmvn,file,1093,True
2104,proc,4,True
2106,proc,4,True
2108,proc,4,True
2111,proc,4,True
2113,proc,4,True
/boot/yterrxdnqm,file,1093,True
2119,proc,4,True
2121,proc,4,True
2123,proc,4,True
2126,proc,4,True
2129,proc,4,True
/boot/lwhpfsdftn,file,1093,True
2134,proc,4,True
2136,proc,4,True
2138,proc,4,True
2140,proc,4,True
2142,proc,4,True
/boot/ixfnusqrgg,file,1093,True
2149,proc,4,True
2151,proc,4,True
2153,proc,4,True
2156,proc,4,True
2158,proc,4,True
/boot/qnztnkzxje,file,1093,True
2164,proc,4,True
2166,proc,4,True
2168,proc,4,True
2170,proc,4,True
2172,proc,4,True
/boot/ksxexbvwow,file,1093,True
2179,proc,4,True
2181,proc,4,True
2183,proc,4,True
2185,proc,4,True
2187,proc,4,True
/boot/fgqxqatvys,file,1093,True
2194,proc,4,True
2196,proc,4,True
2198,proc,4,True
2200,proc,4,True
2202,proc,4,True
/boot/devawlqrit,file,1095,True
2209,proc,4,True
2211,proc,4,True
2213,proc,4,True
2215,proc,4,True
2217,proc,4,True
/boot/culylmxbnn,file,1099,True
2224,proc,4,True
2226,proc,4,True
2228,proc,4,True
2230,proc,4,True
2232,proc,4,True
/boot/ljmsrriafj,file,1093,True
2239,proc,4,True
2241,proc,4,True
2243,proc,4,True
2245,proc,4,True
2247,proc,4,True
/boot/eirlnrbbue,file,1097,True
2254,proc,4,True
2256,proc,4,True
2258,proc,4,True
2260,proc,4,True
2262,proc,4,True
/boot/lydfnrjaxp,file,1093,True
2269,proc,4,True
2271,proc,4,True
2273,proc,4,True
2275,proc,4,True
2278,proc,4,True
/boot/cuzvqbtvfd,file,1091,True
2284,proc,4,True
2286,proc,4,True
2289,proc,4,True
2292,proc,4,True
2295,proc,4,True
/boot/zdmysrquou,file,1099,True
2299,proc,4,True
2301,proc,4,True
2303,proc,4,True
2305,proc,4,True
2307,proc,4,True
/boot/ogyujgrviy,file,1091,True
2314,proc,4,True
2316,proc,4,True
2318,proc,4,True
2320,proc,4,True
2322,proc,4,True
/boot/hbzgcgpgrl,file,1099,True
2329,proc,4,True
2331,proc,4,True
2333,proc,4,True
2335,proc,4,True
2337,proc,4,True
/boot/awroivjpkx,file,1093,True
2344,proc,4,True
2346,proc,4,True
2348,proc,4,True
2350,proc,4,True
2352,proc,4,True
/boot/nkoyupuxpx,file,1093,True
2359,proc,4,True
2361,proc,4,True
2363,proc,4,True
2365,proc,4,True
2368,proc,4,True
/boot/auqrvglpdz,file,914,True
2374,proc,4,True
2376,proc,4,True
2378,proc,4,True
2380,proc,4,True
2383,proc,4,True
/boot/qrwzvycybx,file,1093,True
2388,proc,4,True
2390,proc,4,True
2392,proc,4,True
2395,proc,4,True
2399,proc,4,True
/boot/lwiovnycak,file,1097,True
2403,proc,4,True
2405,proc,4,True
2407,proc,4,True
2409,proc,4,True
2411,proc,4,True
/boot/bthcxsfqan,file,1099,True
2418,proc,4,True
2420,proc,4,True
2422,proc,4,True
2424,proc,4,True
2426,proc,4,True
/boot/rsztkcqmag,file,1093,True
2450,proc,4,True
2452,proc,4,True
2455,proc,4,True
2457,proc,4,True
2460,proc,4,True
/boot/bsuztxmack,file,1099,True
2465,proc,4,True
2467,proc,4,True
2469,proc,4,True
2471,proc,4,True
2473,proc,4,True
/boot/dczbbqscrr,file,1099,True
2480,proc,4,True
2482,proc,4,True
2484,proc,4,True
2486,proc,4,True
2488,proc,4,True
/boot/ksatflruxo,file,914,True
2495,proc,4,True
2497,proc,4,True
2499,proc,4,True
2501,proc,4,True
2504,proc,4,True
/boot/xcyyuwgxmx,file,1093,True
2509,proc,4,True
2511,proc,4,True
2513,proc,4,True
2515,proc,4,True
2518,proc,4,True
/boot/fzmicupinj,file,1099,True
2524,proc,4,True
2526,proc,4,True
2528,proc,4,True
2530,proc,4,True
2532,proc,4,True
/boot/yekbvdwwsw,file,1093,True
2539,proc,4,True
2541,proc,4,True
2543,proc,4,True
2545,proc,4,True
2547,proc,4,True
/boot/rjvpbnmhxl,file,1099,True
2554,proc,4,True
2556,proc,4,True
2558,proc,4,True
2560,proc,4,True
2562,proc,4,True
/boot/mmyypjufxq,file,1093,True
2569,proc,4,True
2571,proc,4,True
2573,proc,4,True
2575,proc,4,True
2578,proc,4,True
/boot/lxwrjfjxtp,file,1099,True
2640,proc,4,True
2642,proc,4,True
2646,proc,4,True
2649,proc,4,True
2652,proc,4,True
/boot/vxcezwunnx,file,1094,True
2791,proc,4,True
2793,proc,4,True
2795,proc,4,True
2797,proc,4,True
2799,proc,4,True
chkconfig,proc,2,True
update-rc.d,proc,88,True
ID,other,24,False
/usr/local/share/perl/5.26.0,file,1,False
/etc/perl/strict.pmc,file,1,False
/etc/perl/strict.pm,file,1,False
/usr/local/share/perl/5.26.1/strict.pmc,file,1,False
/usr/local/share/perl/5.26.1/strict.pm,file,1,False
/usr/share/perl5/strict.pmc,file,1,False
/usr/share/perl5/strict.pm,file,1,False
/usr/share/perl/5.26/strict.pmc,file,1,False
/usr/share/perl/5.26/strict.pm,file,1,False
/etc/perl/warnings.pmc,file,1,False
/etc/perl/warnings.pm,file,1,False
/usr/local/share/perl/5.26.1/warnings.pmc,file,1,False
/usr/local/share/perl/5.26.1/warnings.pm,file,1,False
/usr/share/perl5/warnings.pmc,file,1,False
/usr/share/perl5/warnings.pm,file,1,False
/usr/share/perl/5.26/warnings.pmc,file,1,False
/usr/share/perl/5.26/warnings.pm,file,1,False
/etc/perl/File/Glob.pmc,file,1,False
/etc/perl/File/Glob.pm,file,1,False
/usr/local/share/perl/5.26.1/File/Glob.pmc,file,1,False
/usr/local/share/perl/5.26.1/File/Glob.pm,file,1,False
/usr/share/perl5/File/Glob.pmc,file,1,False
/usr/share/perl5/File/Glob.pm,file,1,False
/etc/perl/XSLoader.pmc,file,1,False
/etc/perl/XSLoader.pm,file,1,False
/usr/local/share/perl/5.26.1/XSLoader.pmc,file,1,False
/usr/local/share/perl/5.26.1/XSLoader.pm,file,1,False
/usr/share/perl5/XSLoader.pmc,file,1,False
/usr/share/perl5/XSLoader.pm,file,1,False
/usr/share/perl/5.26/XSLoader.pmc,file,1,False
/usr/share/perl/5.26/XSLoader.pm,file,1,False
/sbin/insserv,file,1,False
/sbin/openrc,file,1,False
"""/etc/rc4.d/S90kyjfilcrnq""",file,1,False
"""/etc/rc3.d/S90kyjfilcrnq""",file,1,False
"""/etc/rc2.d/S90kyjfilcrnq""",file,1,False
"""/etc/rc1.d/S90kyjfilcrnq""",file,1,False
"""/etc/rc5.d/S90kyjfilcrnq""",file,1,False
/run/systemd/system,file,1,False
Pipe 3 : read end from Pipe 4,other,1,False
Pipe 4 : write end to Pipe 3,other,1,False
systemctl,proc,94,False
/prober,file,1,False
.,file,1,False
/bin/sed,file,1,False
sed,proc,49,False
NO_PID,proc,1,False
/sys/fs/selinux,file,2,False
/selinux,file,2,False
/etc/selinux/config,file,2,False
/etc/crontab,file,2,True
Permission:0700,other,1,True
Permission:022,other,1,True
/etc/sed6bJvhB,file,20,True
"""/var/run/sftp.pid""",file,299,False
/var/run/sftp.pid,file,4,True
"""/boot/kyjfilcrnq""",file,298,False
103.25.9.228:53,net,51,True
8.8.8.8:53,net,50,True
0.0.0.0:8005,net,48,True
66.102.253.30:8005,net,12,True
103.240.141.50:8005,net,12,True
103.25.9.245:8005,net,12,True
0.0.0.0:80,net,2,True
1545,proc,327,False
1543,proc,327,False
1541,proc,327,False
1542,proc,327,False
/proc/1521/exe,file,1723,False
/proc/vz,file,1,False
" ""/proc/1/root""",file,1,False
" ""/""",file,1,False
" ""/run/systemd/system/""",file,1,False
1588,proc,327,False
1582,proc,327,False
1585,proc,327,False
1587,proc,327,False
1586,proc,327,False
1603,proc,327,False
1602,proc,327,False
1600,proc,327,False
1599,proc,327,False
1601,proc,327,False
1622,proc,327,False
1616,proc,327,False
1621,proc,327,False
1620,proc,327,False
1619,proc,327,False
1636,proc,324,False
1635,proc,327,False
1633,proc,327,False
1634,proc,327,False
1649,proc,327,False
1647,proc,327,False
1648,proc,327,False
1667,proc,327,False
1665,proc,327,False
1662,proc,327,False
1666,proc,327,False
1682,proc,327,False
1676,proc,327,False
1681,proc,327,False
1680,proc,327,False
1679,proc,327,False
1697,proc,327,False
1696,proc,327,False
1695,proc,327,False
1693,proc,327,False
1694,proc,327,False
1707,proc,327,False
1713,proc,327,False
1712,proc,327,False
1711,proc,327,False
1710,proc,327,False
1747,proc,327,False
1746,proc,327,False
1745,proc,327,False
1744,proc,327,False
1743,proc,327,False
1810,proc,327,False
1809,proc,327,False
1808,proc,327,False
1807,proc,327,False
1806,proc,327,False
1850,proc,327,False
1849,proc,327,False
1848,proc,327,False
1846,proc,327,False
1847,proc,327,False
1865,proc,327,False
1864,proc,327,False
1863,proc,327,False
1862,proc,327,False
1861,proc,327,False
1925,proc,327,False
1922,proc,327,False
1923,proc,327,False
1926,proc,327,False
1924,proc,327,False
1933,proc,327,False
1938,proc,327,False
1937,proc,327,False
1936,proc,327,False
1941,proc,327,False
1956,proc,327,False
1954,proc,327,False
1953,proc,327,False
1955,proc,327,False
1952,proc,327,False
1971,proc,327,False
1970,proc,327,False
1969,proc,327,False
1968,proc,327,False
1967,proc,327,False
1980,proc,327,False
1982,proc,327,False
1986,proc,327,False
1985,proc,327,False
1984,proc,327,False
1994,proc,327,False
1993,proc,327,False
1999,proc,327,False
2001,proc,327,False
2000,proc,327,False
2006,proc,327,False
2015,proc,327,False
2011,proc,327,False
2012,proc,327,False
2016,proc,327,False
2026,proc,327,False
2023,proc,327,False
2031,proc,327,False
2029,proc,327,False
2030,proc,327,False
2042,proc,327,False
2046,proc,327,False
2045,proc,327,False
2044,proc,327,False
2043,proc,327,False
2061,proc,327,False
2060,proc,327,False
2059,proc,327,False
2057,proc,327,False
2058,proc,327,False
2076,proc,327,False
2068,proc,327,False
2075,proc,324,False
2074,proc,324,False
2073,proc,324,False
2091,proc,327,False
2083,proc,324,False
2090,proc,327,False
2089,proc,327,False
2088,proc,327,False
2100,proc,327,False
2103,proc,327,False
2110,proc,327,False
2115,proc,327,False
2118,proc,327,False
2116,proc,327,False
2117,proc,327,False
2125,proc,327,False
2133,proc,327,False
2128,proc,327,False
2132,proc,327,False
2131,proc,327,False
2144,proc,327,False
2145,proc,327,False
2148,proc,327,False
2147,proc,327,False
2146,proc,327,False
2155,proc,327,False
2162,proc,327,False
2163,proc,327,False
2160,proc,327,False
2161,proc,327,False
2174,proc,327,False
2178,proc,327,False
2177,proc,327,False
2176,proc,327,False
2175,proc,327,False
2189,proc,327,False
2190,proc,327,False
2192,proc,327,False
2193,proc,327,False
2191,proc,327,False
2204,proc,327,False
2208,proc,327,False
2206,proc,327,False
2207,proc,327,False
2205,proc,327,False
2223,proc,327,False
2218,proc,327,False
2220,proc,327,False
2222,proc,327,False
2221,proc,327,False
2238,proc,327,False
2237,proc,327,False
2236,proc,327,False
2235,proc,327,False
2234,proc,327,False
2249,proc,327,False
2251,proc,327,False
2253,proc,327,False
2252,proc,327,False
2250,proc,327,False
2268,proc,327,False
2267,proc,327,False
2264,proc,327,False
2266,proc,327,False
2265,proc,327,False
2277,proc,327,False
2280,proc,327,False
2283,proc,327,False
2282,proc,327,False
2281,proc,327,False
2288,proc,327,False
2294,proc,327,False
2291,proc,327,False
2298,proc,327,False
2297,proc,327,False
2313,proc,327,False
2311,proc,327,False
2312,proc,327,False
2309,proc,327,False
2310,proc,327,False
2324,proc,327,False
2328,proc,327,False
2327,proc,327,False
2326,proc,327,False
2325,proc,327,False
2343,proc,327,False
2341,proc,327,False
2339,proc,327,False
2340,proc,327,False
2342,proc,327,False
2354,proc,327,False
2355,proc,327,False
2356,proc,327,False
2358,proc,327,False
2357,proc,327,False
2373,proc,327,False
2366,proc,327,False
2372,proc,327,False
2370,proc,327,False
2371,proc,327,False
2382,proc,327,False
2386,proc,327,False
2387,proc,327,False
2385,proc,327,False
2398,proc,327,False
2401,proc,327,False
2394,proc,327,False
2397,proc,327,False
2402,proc,327,False
2417,proc,327,False
2416,proc,327,False
2414,proc,324,False
2413,proc,327,False
2415,proc,324,False
2431,proc,327,False
2432,proc,327,False
2430,proc,327,False
2428,proc,327,False
2429,proc,327,False
2464,proc,327,False
2454,proc,327,False
2459,proc,327,False
2463,proc,327,False
2462,proc,327,False
2479,proc,327,False
2478,proc,327,False
2476,proc,327,False
2477,proc,327,False
2475,proc,327,False
2493,proc,327,False
2494,proc,327,False
2490,proc,327,False
2492,proc,327,False
2491,proc,327,False
2503,proc,327,False
2507,proc,327,False
2508,proc,327,False
2506,proc,327,False
2517,proc,327,False
2521,proc,327,False
2523,proc,327,False
2522,proc,327,False
2520,proc,327,False
2538,proc,327,False
2536,proc,327,False
2535,proc,327,False
2534,proc,327,False
2537,proc,327,False
2553,proc,327,False
2549,proc,327,False
2550,proc,327,False
2552,proc,327,False
2551,proc,327,False
2568,proc,327,False
2567,proc,327,False
2566,proc,327,False
2565,proc,327,False
2564,proc,327,False
2582,proc,327,False
2577,proc,327,False
2583,proc,327,False
2581,proc,327,False
2580,proc,327,False
2672,proc,327,False
2671,proc,327,False
2669,proc,327,False
2670,proc,327,False
2668,proc,327,False
2805,proc,316,False
2804,proc,316,False
2802,proc,316,False
2803,proc,316,False
2801,proc,316,False
