node_name,type,appearance,importance
malware,file,353,True
uname,file,2,False
Memory Address,mem,40609,True
8192*1024 bytes,other,294,False
/proc/self/exe,file,296,False
1510,proc,689,True
status:0,other,895,True
"""/boot""",file,61,False
"""/var""",file,1,False
"""/var/run""",file,1,False
Timestamp,other,2895,False
Unknown,file,10679,True
/boot/snvtbclyfv,proc,184,True
1511,proc,4,True
Sleep Duration,other,2129,False
1513,proc,22297,False
Shared Memory:2,other,1,False
/etc/init.d/snvtbclyfv,file,13,True
/etc/cron.hourly/cron.sh,file,3,True
/proc/rs_dev,file,583,True
/etc/rc1.d/S90snvtbclyfv,file,2,True
/etc/rc2.d/S90snvtbclyfv,file,2,True
/etc/rc3.d/S90snvtbclyfv,file,2,True
/etc/rc4.d/S90snvtbclyfv,file,2,True
/etc/rc5.d/S90snvtbclyfv,file,2,True
/etc/rc.d/rc1.d/S90snvtbclyfv,file,2,True
/etc/rc.d/rc2.d/S90snvtbclyfv,file,2,True
/etc/rc.d/rc3.d/S90snvtbclyfv,file,2,True
/etc/rc.d/rc4.d/S90snvtbclyfv,file,2,True
/etc/rc.d/rc5.d/S90snvtbclyfv,file,2,True
1514,proc,4,True
1516,proc,4,True
sh,proc,24,True
/proc/stat,file,2,True
1520,proc,897,True
1521,proc,363,True
1522,proc,13,True
/boot/mdevbmlkex,file,737,True
1523,proc,4,True
1525,proc,4,True
1527,proc,4,True
1529,proc,4,True
1531,proc,4,True
/boot/xswfxgfzqk,file,1093,True
1564,proc,4,True
1566,proc,4,True
1568,proc,4,True
1571,proc,4,True
1573,proc,4,True
/boot/gahmenjdkb,file,1093,True
1580,proc,4,True
1582,proc,4,True
1584,proc,4,True
1587,proc,4,True
1589,proc,4,True
/boot/hytklhcouj,file,1093,True
1599,proc,4,True
1601,proc,4,True
1603,proc,4,True
1605,proc,4,True
1608,proc,4,True
/boot/ixsalxqgqa,file,1093,True
1617,proc,4,True
1619,proc,4,True
1621,proc,4,True
1624,proc,4,True
1626,proc,4,True
/boot/vyvkjlvhjo,file,1093,True
1632,proc,4,True
1634,proc,4,True
1636,proc,4,True
1638,proc,4,True
1640,proc,4,True
/boot/uqzlqqdpji,file,1093,True
1651,proc,4,True
1653,proc,4,True
1655,proc,4,True
1657,proc,4,True
1659,proc,4,True
/boot/wxcgragaor,file,1093,True
1666,proc,4,True
1668,proc,4,True
1670,proc,4,True
1672,proc,4,True
1674,proc,4,True
/boot/khyuccqbgf,file,1099,True
1681,proc,4,True
1683,proc,4,True
1685,proc,4,True
1687,proc,4,True
1689,proc,4,True
/boot/xmbophtpei,file,1093,True
1696,proc,4,True
1698,proc,4,True
1700,proc,4,True
1704,proc,4,True
1706,proc,4,True
/boot/xzehefsxew,file,918,True
1731,proc,4,True
1733,proc,4,True
1735,proc,4,True
1737,proc,4,True
1739,proc,4,True
/boot/lmrwyqfnip,file,1091,True
1793,proc,4,True
1795,proc,4,True
1797,proc,4,True
1801,proc,4,True
1803,proc,4,True
/boot/bfrslsgovx,file,1099,True
1833,proc,4,True
1835,proc,4,True
1837,proc,4,True
1839,proc,4,True
1841,proc,4,True
/boot/dqytihemwc,file,1099,True
1848,proc,4,True
1850,proc,4,True
1852,proc,4,True
1854,proc,4,True
1856,proc,4,True
/boot/sktpqzvfrl,file,1093,True
1863,proc,4,True
1865,proc,4,True
1868,proc,4,True
1872,proc,4,True
1874,proc,4,True
/boot/iqdfmdnzaz,file,1093,True
1878,proc,4,True
1880,proc,4,True
1882,proc,4,True
1884,proc,4,True
1886,proc,4,True
/boot/bdcrpiriwz,file,1099,True
1893,proc,4,True
1895,proc,4,True
1897,proc,4,True
1899,proc,4,True
1901,proc,4,True
/boot/ognrbywlyc,file,1097,True
1908,proc,4,True
1910,proc,4,True
1912,proc,4,True
1914,proc,4,True
1916,proc,4,True
/boot/dkuxoxzdvw,file,1099,True
1923,proc,4,True
1925,proc,4,True
1927,proc,4,True
1929,proc,4,True
1931,proc,4,True
/boot/vfuvypdbqb,file,1091,True
1938,proc,4,True
1940,proc,4,True
1942,proc,4,True
1944,proc,4,True
1946,proc,4,True
/boot/kzofcedccp,file,1099,True
1999,proc,4,True
2001,proc,4,True
2003,proc,4,True
2005,proc,4,True
2007,proc,4,True
/boot/litomyzpqu,file,1099,True
2014,proc,4,True
2016,proc,4,True
2018,proc,4,True
2020,proc,4,True
2022,proc,4,True
/boot/ouoyxtkggi,file,1093,True
2029,proc,4,True
2031,proc,4,True
2033,proc,4,True
2035,proc,4,True
2037,proc,4,True
/boot/fikfhtnuxj,file,1091,True
2044,proc,4,True
2046,proc,4,True
2048,proc,4,True
2051,proc,4,True
2053,proc,4,True
/boot/wqrihpmrjx,file,1099,True
2059,proc,4,True
2061,proc,4,True
2063,proc,4,True
2065,proc,4,True
2067,proc,4,True
/boot/vmckxiaxks,file,1093,True
2074,proc,4,True
2076,proc,4,True
2078,proc,4,True
2080,proc,4,True
2082,proc,4,True
/boot/zyzerygslo,file,914,True
2089,proc,4,True
2091,proc,4,True
2093,proc,4,True
2095,proc,4,True
2098,proc,4,True
/boot/acrkhzscww,file,1093,True
2103,proc,4,True
2105,proc,4,True
2107,proc,4,True
2109,proc,4,True
2111,proc,4,True
/boot/sfrwfmqtae,file,1099,True
2118,proc,4,True
2120,proc,4,True
2122,proc,4,True
2124,proc,4,True
2126,proc,4,True
/boot/aamdrzyrpx,file,1099,True
2133,proc,4,True
2135,proc,4,True
2137,proc,4,True
2139,proc,4,True
2141,proc,4,True
/boot/xgznnfbfof,file,1097,True
2148,proc,4,True
2150,proc,4,True
2152,proc,4,True
2154,proc,4,True
2156,proc,4,True
/boot/ukvfvgwcwd,file,1099,True
2163,proc,4,True
2165,proc,4,True
2167,proc,4,True
2169,proc,4,True
2171,proc,4,True
/boot/ozvfqsoicp,file,1099,True
2178,proc,4,True
2180,proc,4,True
2182,proc,4,True
2184,proc,4,True
2186,proc,4,True
/boot/ckdnwskgvx,file,912,True
2193,proc,4,True
2195,proc,4,True
2198,proc,4,True
2201,proc,4,True
2203,proc,4,True
/boot/egcnhtdezy,file,1093,True
2207,proc,4,True
2209,proc,4,True
2211,proc,4,True
2213,proc,4,True
2215,proc,4,True
/boot/jbrkqpnfti,file,1095,True
2222,proc,4,True
2224,proc,4,True
2226,proc,4,True
2228,proc,4,True
2231,proc,4,True
/boot/iaspwxfuit,file,1091,True
2237,proc,4,True
2239,proc,4,True
2241,proc,4,True
2243,proc,4,True
2248,proc,4,True
/boot/ntoxzawllo,file,1093,True
2252,proc,4,True
2254,proc,4,True
2256,proc,4,True
2258,proc,4,True
2260,proc,4,True
/boot/ttqmeqsmit,file,1099,True
2267,proc,4,True
2269,proc,4,True
2271,proc,4,True
2273,proc,4,True
2275,proc,4,True
/boot/gsazlzmhjl,file,918,True
2282,proc,4,True
2284,proc,4,True
2286,proc,4,True
2288,proc,4,True
2290,proc,4,True
/boot/thpglxqmwg,file,1093,True
2296,proc,4,True
2298,proc,4,True
2300,proc,4,True
2302,proc,4,True
2304,proc,4,True
/boot/xudgpqbyar,file,1093,True
2311,proc,4,True
2313,proc,4,True
2315,proc,4,True
2318,proc,4,True
2321,proc,4,True
/boot/efnlygebho,file,1093,True
2326,proc,4,True
2328,proc,4,True
2330,proc,4,True
2333,proc,4,True
2336,proc,4,True
/boot/hjrjbeizdo,file,1091,True
2341,proc,4,True
2343,proc,4,True
2345,proc,4,True
2347,proc,4,True
2350,proc,4,True
/boot/umysohfcqi,file,1093,True
2356,proc,4,True
2358,proc,4,True
2360,proc,4,True
2363,proc,4,True
2366,proc,4,True
/boot/blxjffltlc,file,1099,True
2371,proc,4,True
2373,proc,4,True
2375,proc,4,True
2377,proc,4,True
2379,proc,4,True
/boot/oerwoiwtlu,file,1093,True
2386,proc,4,True
2388,proc,4,True
2390,proc,4,True
2393,proc,4,True
2395,proc,4,True
/boot/mfwvefaorc,file,1093,True
2401,proc,4,True
2403,proc,4,True
2405,proc,4,True
2408,proc,4,True
2410,proc,4,True
/boot/zykaskpelj,file,914,True
2416,proc,4,True
2418,proc,4,True
2420,proc,4,True
2422,proc,4,True
2424,proc,4,True
/boot/fihujaljzk,file,1093,True
2430,proc,4,True
2432,proc,4,True
2434,proc,4,True
2437,proc,4,True
2439,proc,4,True
/boot/lmuxyhgtat,file,1099,True
2445,proc,4,True
2447,proc,4,True
2449,proc,4,True
2451,proc,4,True
2453,proc,4,True
/boot/yjshgpnxkw,file,1099,True
2460,proc,4,True
2462,proc,4,True
2464,proc,4,True
2466,proc,4,True
2468,proc,4,True
/boot/qwbtvcwluv,file,1095,True
2475,proc,4,True
2477,proc,4,True
2479,proc,4,True
2482,proc,4,True
2485,proc,4,True
/boot/jvnekaykbs,file,1099,True
2490,proc,4,True
2492,proc,4,True
2494,proc,4,True
2496,proc,4,True
2498,proc,4,True
/boot/nivmoaaxsp,file,1097,True
2514,proc,4,True
2516,proc,4,True
2518,proc,4,True
2520,proc,4,True
2522,proc,4,True
/boot/hdzyzvfbhr,file,556,True
2546,proc,4,True
2548,proc,4,True
2550,proc,4,True
2552,proc,4,True
2554,proc,4,True
/boot/lyiukknusn,file,914,True
2558,proc,4,True
2560,proc,4,True
2562,proc,4,True
2564,proc,4,True
2566,proc,4,True
/boot/aypfaspwzk,file,1091,True
2572,proc,4,True
2574,proc,4,True
2576,proc,4,True
2578,proc,4,True
2581,proc,4,True
/boot/ykyzzyoaew,file,1091,True
2587,proc,4,True
2589,proc,4,True
2591,proc,4,True
2593,proc,4,True
2596,proc,4,True
/boot/kxntuvgtsl,file,1094,True
2753,proc,4,True
2755,proc,4,True
2757,proc,4,True
2759,proc,4,True
2761,proc,4,True
chkconfig,proc,2,True
update-rc.d,proc,88,True
ID,other,24,False
/usr/local/share/perl/5.26.0,file,1,False
/etc/perl/strict.pmc,file,1,False
/etc/perl/strict.pm,file,1,False
/usr/local/share/perl/5.26.1/strict.pmc,file,1,False
/usr/local/share/perl/5.26.1/strict.pm,file,1,False
/usr/share/perl5/strict.pmc,file,1,False
/usr/share/perl5/strict.pm,file,1,False
/usr/share/perl/5.26/strict.pmc,file,1,False
/usr/share/perl/5.26/strict.pm,file,1,False
/etc/perl/warnings.pmc,file,1,False
/etc/perl/warnings.pm,file,1,False
/usr/local/share/perl/5.26.1/warnings.pmc,file,1,False
/usr/local/share/perl/5.26.1/warnings.pm,file,1,False
/usr/share/perl5/warnings.pmc,file,1,False
/usr/share/perl5/warnings.pm,file,1,False
/usr/share/perl/5.26/warnings.pmc,file,1,False
/usr/share/perl/5.26/warnings.pm,file,1,False
/etc/perl/File/Glob.pmc,file,1,False
/etc/perl/File/Glob.pm,file,1,False
/usr/local/share/perl/5.26.1/File/Glob.pmc,file,1,False
/usr/local/share/perl/5.26.1/File/Glob.pm,file,1,False
/usr/share/perl5/File/Glob.pmc,file,1,False
/usr/share/perl5/File/Glob.pm,file,1,False
/etc/perl/XSLoader.pmc,file,1,False
/etc/perl/XSLoader.pm,file,1,False
/usr/local/share/perl/5.26.1/XSLoader.pmc,file,1,False
/usr/local/share/perl/5.26.1/XSLoader.pm,file,1,False
/usr/share/perl5/XSLoader.pmc,file,1,False
/usr/share/perl5/XSLoader.pm,file,1,False
/usr/share/perl/5.26/XSLoader.pmc,file,1,False
/usr/share/perl/5.26/XSLoader.pm,file,1,False
/sbin/insserv,file,1,False
/sbin/openrc,file,1,False
"""/etc/rc4.d/S90snvtbclyfv""",file,1,False
"""/etc/rc3.d/S90snvtbclyfv""",file,1,False
"""/etc/rc2.d/S90snvtbclyfv""",file,1,False
"""/etc/rc1.d/S90snvtbclyfv""",file,1,False
"""/etc/rc5.d/S90snvtbclyfv""",file,1,False
/run/systemd/system,file,1,False
Pipe 3 : read end from Pipe 4,other,1,False
Pipe 4 : write end to Pipe 3,other,1,False
systemctl,proc,94,False
/prober,file,1,False
.,file,1,False
/bin/sed,file,1,False
sed,proc,49,False
NO_PID,proc,1,False
/sys/fs/selinux,file,2,False
/selinux,file,2,False
/etc/selinux/config,file,2,False
/etc/crontab,file,2,True
Permission:0700,other,1,True
Permission:022,other,1,True
/etc/sedENdBLG,file,20,True
"""/var/run/sftp.pid""",file,299,False
/var/run/sftp.pid,file,4,True
"""/boot/snvtbclyfv""",file,298,False
103.25.9.228:53,net,51,True
8.8.8.8:53,net,50,True
0.0.0.0:8005,net,48,True
66.102.253.30:8005,net,12,True
103.240.141.50:8005,net,12,True
103.25.9.245:8005,net,12,True
0.0.0.0:80,net,2,True
1536,proc,327,False
1533,proc,327,False
1535,proc,327,False
/proc/1513/exe,file,1717,False
/proc/vz,file,1,False
" ""/proc/1/root""",file,1,False
" ""/""",file,1,False
" ""/run/systemd/system/""",file,1,False
1578,proc,324,False
1570,proc,327,False
1577,proc,324,False
1575,proc,327,False
1576,proc,327,False
1594,proc,327,False
1586,proc,327,False
1593,proc,327,False
1591,proc,324,False
1592,proc,324,False
1613,proc,327,False
1607,proc,327,False
1612,proc,327,False
1611,proc,327,False
1610,proc,327,False
1631,proc,327,False
1623,proc,327,False
1630,proc,327,False
1628,proc,327,False
1629,proc,327,False
1641,proc,327,False
1643,proc,327,False
1646,proc,327,False
1645,proc,327,False
1644,proc,327,False
1660,proc,327,False
1664,proc,327,False
1665,proc,327,False
1662,proc,327,False
1663,proc,327,False
1680,proc,327,False
1676,proc,327,False
1679,proc,327,False
1678,proc,327,False
1677,proc,327,False
1695,proc,327,False
1694,proc,327,False
1693,proc,327,False
1692,proc,327,False
1691,proc,327,False
1708,proc,327,False
1702,proc,327,False
1703,proc,327,False
1709,proc,327,False
1710,proc,327,False
1744,proc,327,False
1742,proc,327,False
1741,proc,327,False
1743,proc,327,False
1800,proc,327,False
1807,proc,327,False
1799,proc,327,False
1804,proc,327,False
1806,proc,327,False
1847,proc,327,False
1846,proc,327,False
1845,proc,327,False
1844,proc,327,False
1843,proc,327,False
1862,proc,327,False
1861,proc,327,False
1860,proc,327,False
1859,proc,327,False
1858,proc,327,False
1871,proc,327,False
1867,proc,327,False
1870,proc,327,False
1876,proc,327,False
1877,proc,327,False
1892,proc,327,False
1888,proc,327,False
1891,proc,327,False
1889,proc,327,False
1890,proc,327,False
1907,proc,324,False
1904,proc,327,False
1906,proc,327,False
1903,proc,327,False
1905,proc,327,False
1922,proc,327,False
1921,proc,327,False
1920,proc,327,False
1918,proc,327,False
1919,proc,327,False
1937,proc,327,False
1936,proc,327,False
1935,proc,327,False
1934,proc,327,False
1933,proc,327,False
1947,proc,327,False
1949,proc,327,False
1952,proc,327,False
1951,proc,327,False
1950,proc,327,False
2013,proc,327,False
2012,proc,327,False
2011,proc,327,False
2010,proc,327,False
2009,proc,327,False
2028,proc,324,False
2027,proc,327,False
2024,proc,327,False
2025,proc,327,False
2026,proc,327,False
2043,proc,327,False
2039,proc,327,False
2042,proc,327,False
2041,proc,324,False
2040,proc,327,False
2050,proc,327,False
2058,proc,327,False
2057,proc,327,False
2056,proc,327,False
2055,proc,327,False
2073,proc,327,False
2072,proc,327,False
2071,proc,327,False
2069,proc,327,False
2070,proc,327,False
2088,proc,327,False
2084,proc,327,False
2087,proc,327,False
2085,proc,327,False
2086,proc,327,False
2102,proc,327,False
2097,proc,327,False
2101,proc,327,False
2100,proc,327,False
2117,proc,327,False
2113,proc,327,False
2115,proc,327,False
2116,proc,327,False
2114,proc,327,False
2132,proc,327,False
2131,proc,327,False
2128,proc,327,False
2130,proc,327,False
2129,proc,327,False
2147,proc,327,False
2145,proc,327,False
2143,proc,327,False
2146,proc,327,False
2144,proc,327,False
2162,proc,327,False
2160,proc,327,False
2158,proc,327,False
2159,proc,327,False
2161,proc,327,False
2177,proc,327,False
2176,proc,327,False
2175,proc,327,False
2173,proc,327,False
2174,proc,327,False
2192,proc,327,False
2191,proc,327,False
2190,proc,327,False
2189,proc,327,False
2188,proc,327,False
2197,proc,327,False
2200,proc,327,False
2205,proc,327,False
2206,proc,327,False
2216,proc,327,False
2221,proc,327,False
2220,proc,327,False
2218,proc,327,False
2219,proc,327,False
2236,proc,327,False
2230,proc,327,False
2235,proc,327,False
2234,proc,327,False
2233,proc,327,False
2245,proc,327,False
2244,proc,327,False
2249,proc,327,False
2247,proc,327,False
2251,proc,327,False
2262,proc,327,False
2263,proc,327,False
2266,proc,327,False
2265,proc,327,False
2264,proc,327,False
2281,proc,327,False
2280,proc,327,False
2279,proc,327,False
2278,proc,327,False
2277,proc,327,False
2295,proc,327,False
2294,proc,327,False
2292,proc,327,False
2293,proc,327,False
2310,proc,327,False
2306,proc,327,False
2309,proc,327,False
2307,proc,327,False
2308,proc,327,False
2323,proc,327,False
2317,proc,327,False
2319,proc,327,False
2325,proc,327,False
2324,proc,327,False
2340,proc,327,False
2335,proc,327,False
2332,proc,327,False
2339,proc,327,False
2338,proc,327,False
2349,proc,327,False
2351,proc,327,False
2353,proc,327,False
2355,proc,327,False
2354,proc,327,False
2362,proc,327,False
2370,proc,327,False
2368,proc,327,False
2365,proc,327,False
2369,proc,327,False
2385,proc,327,False
2384,proc,327,False
2382,proc,327,False
2381,proc,327,False
2383,proc,327,False
2400,proc,327,False
2392,proc,327,False
2399,proc,327,False
2398,proc,327,False
2397,proc,327,False
2407,proc,327,False
2414,proc,327,False
2415,proc,327,False
2413,proc,327,False
2412,proc,327,False
2426,proc,327,False
2427,proc,327,False
2429,proc,327,False
2428,proc,327,False
2436,proc,327,False
2441,proc,327,False
2444,proc,327,False
2443,proc,327,False
2442,proc,327,False
2459,proc,327,False
2458,proc,327,False
2457,proc,327,False
2456,proc,327,False
2455,proc,327,False
2474,proc,327,False
2473,proc,327,False
2472,proc,327,False
2471,proc,327,False
2470,proc,327,False
2489,proc,327,False
2487,proc,327,False
2481,proc,327,False
2484,proc,327,False
2488,proc,327,False
2504,proc,327,False
2503,proc,327,False
2502,proc,327,False
2500,proc,327,False
2501,proc,327,False
2528,proc,327,False
2526,proc,327,False
2524,proc,327,False
2525,proc,327,False
2527,proc,327,False
2557,proc,327,False
2556,proc,327,False
2569,proc,327,False
2570,proc,327,False
2568,proc,327,False
2571,proc,327,False
2580,proc,327,False
2583,proc,327,False
2586,proc,327,False
2585,proc,327,False
2584,proc,327,False
2595,proc,327,False
2601,proc,327,False
2600,proc,327,False
2599,proc,327,False
2598,proc,327,False
2767,proc,316,False
2766,proc,316,False
2765,proc,316,False
2764,proc,316,False
2763,proc,316,False
