node_name,type,appearance,importance
malware,file,321,True
uname,file,2,False
Memory Address,mem,34001,True
8192*1024 bytes,other,278,False
/proc/self/exe,file,280,False
1506,proc,628,True
status:0,other,879,True
"""/usr""",file,61,False
"""/usr/bin""",file,61,False
"""/bin""",file,61,False
"""/tmp""",file,61,False
"""/var""",file,1,False
"""/var/run""",file,1,False
Timestamp,other,2747,False
Unknown,file,9645,True
/usr/bin/hovvssksho,proc,168,True
1507,proc,4,True
Sleep Duration,other,2018,False
1509,proc,20622,False
Shared Memory:2,other,1,False
/etc/init.d/hovvssksho,file,13,True
/etc/cron.hourly/gcc4.sh,file,3,True
/etc/rc1.d/S90hovvssksho,file,2,True
/etc/rc2.d/S90hovvssksho,file,2,True
/etc/rc3.d/S90hovvssksho,file,2,True
/etc/rc4.d/S90hovvssksho,file,2,True
/etc/rc5.d/S90hovvssksho,file,2,True
/etc/rc.d/rc1.d/S90hovvssksho,file,2,True
/etc/rc.d/rc2.d/S90hovvssksho,file,2,True
/etc/rc.d/rc3.d/S90hovvssksho,file,2,True
/etc/rc.d/rc4.d/S90hovvssksho,file,2,True
/etc/rc.d/rc5.d/S90hovvssksho,file,2,True
1510,proc,4,True
1512,proc,4,True
sh,proc,24,True
/proc/stat,file,2,True
1516,proc,894,True
1517,proc,331,True
1518,proc,2,True
/usr/bin/jywtbxmvbj,file,838,True
1519,proc,4,True
1521,proc,4,True
1523,proc,4,True
1525,proc,4,True
1527,proc,4,True
/bin/jywtbxmvbj,file,1,False
/tmp/jywtbxmvbj,file,1,False
/usr/bin/fodbvdnhsn,file,997,True
1560,proc,4,True
1562,proc,4,True
1564,proc,4,True
1566,proc,4,True
1568,proc,4,True
/bin/fodbvdnhsn,file,1,False
/tmp/fodbvdnhsn,file,1,False
/usr/bin/omecyiwweb,file,673,True
1577,proc,4,True
1579,proc,4,True
1581,proc,4,True
1583,proc,4,True
1585,proc,4,True
/bin/omecyiwweb,file,1,False
/tmp/omecyiwweb,file,1,False
/usr/bin/dgwiycnetz,file,997,True
1594,proc,4,True
1596,proc,4,True
1598,proc,4,True
1601,proc,4,True
1603,proc,4,True
/bin/dgwiycnetz,file,1,False
/tmp/dgwiycnetz,file,1,False
/usr/bin/cjngzfnnor,file,1003,True
1611,proc,4,True
1613,proc,4,True
1615,proc,4,True
1617,proc,4,True
1619,proc,4,True
/bin/cjngzfnnor,file,1,False
/tmp/cjngzfnnor,file,1,False
/usr/bin/qgzddvrvhr,file,1003,True
1626,proc,4,True
1628,proc,4,True
1630,proc,4,True
1632,proc,4,True
1634,proc,4,True
/bin/qgzddvrvhr,file,1,False
/tmp/qgzddvrvhr,file,1,False
/usr/bin/uddkydains,file,999,True
1647,proc,4,True
1649,proc,4,True
1651,proc,4,True
1653,proc,4,True
1655,proc,4,True
/bin/uddkydains,file,1,False
/tmp/uddkydains,file,1,False
/usr/bin/oayatyuwvq,file,343,True
1662,proc,4,True
1664,proc,4,True
1666,proc,4,True
1668,proc,4,True
1670,proc,4,True
/bin/oayatyuwvq,file,1,False
/tmp/oayatyuwvq,file,1,False
/usr/bin/mwwoypzufz,file,995,True
1673,proc,4,True
1675,proc,4,True
1677,proc,4,True
1679,proc,4,True
1682,proc,4,True
/bin/mwwoypzufz,file,1,False
/tmp/mwwoypzufz,file,1,False
/usr/bin/yndpaltnop,file,343,True
1689,proc,4,True
1691,proc,4,True
1693,proc,4,True
1695,proc,4,True
1697,proc,4,True
/bin/yndpaltnop,file,1,False
/tmp/yndpaltnop,file,1,False
/usr/bin/rghkzyjsyf,file,1003,True
1719,proc,4,True
1721,proc,4,True
1723,proc,4,True
1725,proc,4,True
1727,proc,4,True
/bin/rghkzyjsyf,file,1,False
/tmp/rghkzyjsyf,file,1,False
/usr/bin/foojxmxceh,file,995,True
1782,proc,4,True
1784,proc,4,True
1787,proc,4,True
1791,proc,4,True
1793,proc,4,True
/bin/foojxmxceh,file,1,False
/tmp/foojxmxceh,file,1,False
/usr/bin/chshwlahus,file,997,True
1822,proc,4,True
1824,proc,4,True
1826,proc,4,True
1828,proc,4,True
1831,proc,4,True
/bin/chshwlahus,file,1,False
/tmp/chshwlahus,file,1,False
/usr/bin/wdbqidxnlr,file,997,True
1837,proc,4,True
1839,proc,4,True
1841,proc,4,True
1843,proc,4,True
1846,proc,4,True
/bin/wdbqidxnlr,file,1,False
/tmp/wdbqidxnlr,file,1,False
/usr/bin/paotmgwldf,file,997,True
1852,proc,4,True
1854,proc,4,True
1856,proc,4,True
1858,proc,4,True
1860,proc,4,True
/bin/paotmgwldf,file,1,False
/tmp/paotmgwldf,file,1,False
/usr/bin/vwvtwzgkge,file,669,True
1867,proc,4,True
1869,proc,4,True
1871,proc,4,True
1874,proc,4,True
1876,proc,4,True
/bin/vwvtwzgkge,file,1,False
/tmp/vwvtwzgkge,file,1,False
/usr/bin/zaetycwxdn,file,997,True
1880,proc,4,True
1882,proc,4,True
1884,proc,4,True
1887,proc,4,True
1889,proc,4,True
/bin/zaetycwxdn,file,1,False
/tmp/zaetycwxdn,file,1,False
/usr/bin/kdtznvjzae,file,1003,True
1895,proc,4,True
1897,proc,4,True
1899,proc,4,True
1901,proc,4,True
1903,proc,4,True
/bin/kdtznvjzae,file,1,False
/tmp/kdtznvjzae,file,1,False
/usr/bin/espesgvdlv,file,995,True
1910,proc,4,True
1912,proc,4,True
1914,proc,4,True
1917,proc,4,True
1919,proc,4,True
/bin/espesgvdlv,file,1,False
/tmp/espesgvdlv,file,1,False
/usr/bin/rhagsndvfy,file,999,True
1925,proc,4,True
1927,proc,4,True
1929,proc,4,True
1931,proc,4,True
1933,proc,4,True
/bin/rhagsndvfy,file,1,False
/tmp/rhagsndvfy,file,1,False
/usr/bin/rxjrluxgfo,file,997,True
1940,proc,4,True
1942,proc,4,True
1946,proc,4,True
1948,proc,4,True
1950,proc,4,True
/bin/rxjrluxgfo,file,1,False
/tmp/rxjrluxgfo,file,1,False
/usr/bin/fmhwchzjge,file,995,True
1955,proc,4,True
1957,proc,4,True
1959,proc,4,True
1962,proc,4,True
1966,proc,4,True
/bin/fmhwchzjge,file,1,False
/tmp/fmhwchzjge,file,1,False
/usr/bin/rfdxiikjzf,file,508,True
1970,proc,4,True
1972,proc,4,True
1974,proc,4,True
1976,proc,4,True
1978,proc,4,True
/bin/rfdxiikjzf,file,1,False
/tmp/rfdxiikjzf,file,1,False
/usr/bin/mzobtkbctv,file,997,True
1982,proc,4,True
1984,proc,4,True
1986,proc,4,True
1988,proc,4,True
1991,proc,4,True
/bin/mzobtkbctv,file,1,False
/tmp/mzobtkbctv,file,1,False
/usr/bin/xumqzepgbm,file,997,True
1997,proc,4,True
1999,proc,4,True
2001,proc,4,True
2004,proc,4,True
2006,proc,4,True
/bin/xumqzepgbm,file,1,False
/tmp/xumqzepgbm,file,1,False
/usr/bin/dzbdkvgonp,file,838,True
2021,proc,4,True
2023,proc,4,True
2025,proc,4,True
2027,proc,4,True
2029,proc,4,True
/bin/dzbdkvgonp,file,1,False
/tmp/dzbdkvgonp,file,1,False
/usr/bin/jvdfawmgav,file,838,True
2035,proc,4,True
2037,proc,4,True
2039,proc,4,True
2041,proc,4,True
2043,proc,4,True
/bin/jvdfawmgav,file,1,False
/tmp/jvdfawmgav,file,1,False
/usr/bin/zhuiecojnw,file,995,True
2049,proc,4,True
2051,proc,4,True
2053,proc,4,True
2056,proc,4,True
2058,proc,4,True
/bin/zhuiecojnw,file,1,False
/tmp/zhuiecojnw,file,1,False
/usr/bin/ofifypeyyx,file,995,True
2064,proc,4,True
2066,proc,4,True
2068,proc,4,True
2070,proc,4,True
2072,proc,4,True
/bin/ofifypeyyx,file,1,False
/tmp/ofifypeyyx,file,1,False
/usr/bin/ofvwajgjxo,file,997,True
2079,proc,4,True
2081,proc,4,True
2085,proc,4,True
2087,proc,4,True
2089,proc,4,True
/bin/ofvwajgjxo,file,1,False
/tmp/ofvwajgjxo,file,1,False
/usr/bin/pkloafwerg,file,995,True
2094,proc,4,True
2096,proc,4,True
2099,proc,4,True
2101,proc,4,True
2103,proc,4,True
/bin/pkloafwerg,file,1,False
/tmp/pkloafwerg,file,1,False
/usr/bin/wrumxftgqf,file,997,True
2109,proc,4,True
2111,proc,4,True
2113,proc,4,True
2115,proc,4,True
2118,proc,4,True
/bin/wrumxftgqf,file,1,False
/tmp/wrumxftgqf,file,1,False
/usr/bin/niwqolwsun,file,999,True
2124,proc,4,True
2126,proc,4,True
2128,proc,4,True
2130,proc,4,True
2133,proc,4,True
/bin/niwqolwsun,file,1,False
/tmp/niwqolwsun,file,1,False
/usr/bin/gjfgeusjob,file,995,True
2139,proc,4,True
2141,proc,4,True
2143,proc,4,True
2145,proc,4,True
2147,proc,4,True
/bin/gjfgeusjob,file,1,False
/tmp/gjfgeusjob,file,1,False
/usr/bin/brtjmtvoyz,file,997,True
2154,proc,4,True
2156,proc,4,True
2158,proc,4,True
2160,proc,4,True
2163,proc,4,True
/bin/brtjmtvoyz,file,1,False
/tmp/brtjmtvoyz,file,1,False
/usr/bin/ncwboyjxfw,file,673,True
2169,proc,4,True
2171,proc,4,True
2173,proc,4,True
2175,proc,4,True
2177,proc,4,True
/bin/ncwboyjxfw,file,1,False
/tmp/ncwboyjxfw,file,1,False
/usr/bin/kjtctkyegh,file,997,True
2182,proc,4,True
2184,proc,4,True
2186,proc,4,True
2188,proc,4,True
2190,proc,4,True
/bin/kjtctkyegh,file,1,False
/tmp/kjtctkyegh,file,1,False
/usr/bin/pcsodzmaxl,file,1001,True
2197,proc,4,True
2199,proc,4,True
2201,proc,4,True
2203,proc,4,True
2205,proc,4,True
/bin/pcsodzmaxl,file,1,False
/tmp/pcsodzmaxl,file,1,False
/usr/bin/ufexrvielo,file,834,True
2212,proc,4,True
2214,proc,4,True
2216,proc,4,True
2218,proc,4,True
2220,proc,4,True
/bin/ufexrvielo,file,1,False
/tmp/ufexrvielo,file,1,False
/usr/bin/zpphtwmond,file,1003,True
2226,proc,4,True
2228,proc,4,True
2230,proc,4,True
2232,proc,4,True
2234,proc,4,True
/bin/zpphtwmond,file,1,False
/tmp/zpphtwmond,file,1,False
/usr/bin/impkwzbvrk,file,995,True
2241,proc,4,True
2243,proc,4,True
2246,proc,4,True
2248,proc,4,True
2250,proc,4,True
/bin/impkwzbvrk,file,1,False
/tmp/impkwzbvrk,file,1,False
/usr/bin/rlgsxgkiyh,file,1003,True
2256,proc,4,True
2258,proc,4,True
2260,proc,4,True
2262,proc,4,True
2264,proc,4,True
/bin/rlgsxgkiyh,file,1,False
/tmp/rlgsxgkiyh,file,1,False
/usr/bin/cdgbmhmcgp,file,1001,True
2271,proc,4,True
2273,proc,4,True
2275,proc,4,True
2278,proc,4,True
2280,proc,4,True
/bin/cdgbmhmcgp,file,1,False
/tmp/cdgbmhmcgp,file,1,False
/usr/bin/pilgcuanld,file,995,True
2286,proc,4,True
2288,proc,4,True
2290,proc,4,True
2292,proc,4,True
2294,proc,4,True
/bin/pilgcuanld,file,1,False
/tmp/pilgcuanld,file,1,False
/usr/bin/ycdeqwpdzo,file,995,True
2301,proc,4,True
2303,proc,4,True
2306,proc,4,True
2308,proc,4,True
2310,proc,4,True
/bin/ycdeqwpdzo,file,1,False
/tmp/ycdeqwpdzo,file,1,False
/usr/bin/qhepksfqrs,file,995,True
2316,proc,4,True
2318,proc,4,True
2320,proc,4,True
2322,proc,4,True
2324,proc,4,True
/bin/qhepksfqrs,file,1,False
/tmp/qhepksfqrs,file,1,False
/usr/bin/xoqomfuzla,file,834,True
2331,proc,4,True
2333,proc,4,True
2335,proc,4,True
2337,proc,4,True
2339,proc,4,True
/bin/xoqomfuzla,file,1,False
/tmp/xoqomfuzla,file,1,False
/usr/bin/ucbvfbgyis,file,995,True
2345,proc,4,True
2347,proc,4,True
2349,proc,4,True
2351,proc,4,True
2353,proc,4,True
/bin/ucbvfbgyis,file,1,False
/tmp/ucbvfbgyis,file,1,False
/usr/bin/qdwwepieos,file,999,True
2360,proc,4,True
2362,proc,4,True
2364,proc,4,True
2366,proc,4,True
2368,proc,4,True
/bin/qdwwepieos,file,1,False
/tmp/qdwwepieos,file,1,False
/usr/bin/yfhtuvmpmi,file,997,True
2375,proc,4,True
2377,proc,4,True
2379,proc,4,True
2381,proc,4,True
2383,proc,4,True
/bin/yfhtuvmpmi,file,1,False
/tmp/yfhtuvmpmi,file,1,False
/usr/bin/ccgpdqdvii,file,997,True
2390,proc,4,True
2392,proc,4,True
2394,proc,4,True
2396,proc,4,True
2398,proc,4,True
/bin/ccgpdqdvii,file,1,False
/tmp/ccgpdqdvii,file,1,False
/usr/bin/buhlnolioa,file,671,True
2405,proc,4,True
2407,proc,4,True
2409,proc,4,True
2411,proc,4,True
2413,proc,4,True
/bin/buhlnolioa,file,1,False
/tmp/buhlnolioa,file,1,False
/usr/bin/yyszltcdwn,file,834,True
2427,proc,4,True
2429,proc,4,True
2431,proc,4,True
2434,proc,4,True
2436,proc,4,True
/bin/yyszltcdwn,file,1,False
/tmp/yyszltcdwn,file,1,False
/usr/bin/xqmyacxkmc,file,997,True
2441,proc,4,True
2443,proc,4,True
2445,proc,4,True
2448,proc,4,True
2452,proc,4,True
/bin/xqmyacxkmc,file,1,False
/tmp/xqmyacxkmc,file,1,False
/usr/bin/iwbnrmpsje,file,997,True
2456,proc,4,True
2458,proc,4,True
2460,proc,4,True
2462,proc,4,True
2465,proc,4,True
/bin/iwbnrmpsje,file,1,False
/tmp/iwbnrmpsje,file,1,False
/usr/bin/wahpbpzusu,file,997,True
2471,proc,4,True
2473,proc,4,True
2475,proc,4,True
2478,proc,4,True
2480,proc,4,True
/bin/wahpbpzusu,file,1,False
/tmp/wahpbpzusu,file,1,False
/usr/bin/npsurzypgw,file,1003,True
2486,proc,4,True
2488,proc,4,True
2490,proc,4,True
2492,proc,4,True
2494,proc,4,True
/bin/npsurzypgw,file,1,False
/tmp/npsurzypgw,file,1,False
/usr/bin/zxwmwfofcj,file,1003,True
2501,proc,4,True
2503,proc,4,True
2505,proc,4,True
2507,proc,4,True
2509,proc,4,True
/bin/zxwmwfofcj,file,1,False
/tmp/zxwmwfofcj,file,1,False
/usr/bin/icscqudtht,file,673,True
2516,proc,4,True
2518,proc,4,True
2520,proc,4,True
2522,proc,4,True
2524,proc,4,True
/bin/icscqudtht,file,1,False
/tmp/icscqudtht,file,1,False
/usr/bin/wngwgneypc,file,998,True
2712,proc,4,True
2714,proc,4,True
2716,proc,4,True
2718,proc,4,True
2720,proc,4,True
/bin/wngwgneypc,file,1,False
/tmp/wngwgneypc,file,1,False
chkconfig,proc,2,True
update-rc.d,proc,88,True
ID,other,24,False
/usr/local/share/perl/5.26.0,file,1,False
/etc/perl/strict.pmc,file,1,False
/etc/perl/strict.pm,file,1,False
/usr/local/share/perl/5.26.1/strict.pmc,file,1,False
/usr/local/share/perl/5.26.1/strict.pm,file,1,False
/usr/share/perl5/strict.pmc,file,1,False
/usr/share/perl5/strict.pm,file,1,False
/usr/share/perl/5.26/strict.pmc,file,1,False
/usr/share/perl/5.26/strict.pm,file,1,False
/etc/perl/warnings.pmc,file,1,False
/etc/perl/warnings.pm,file,1,False
/usr/local/share/perl/5.26.1/warnings.pmc,file,1,False
/usr/local/share/perl/5.26.1/warnings.pm,file,1,False
/usr/share/perl5/warnings.pmc,file,1,False
/usr/share/perl5/warnings.pm,file,1,False
/usr/share/perl/5.26/warnings.pmc,file,1,False
/usr/share/perl/5.26/warnings.pm,file,1,False
/etc/perl/File/Glob.pmc,file,1,False
/etc/perl/File/Glob.pm,file,1,False
/usr/local/share/perl/5.26.1/File/Glob.pmc,file,1,False
/usr/local/share/perl/5.26.1/File/Glob.pm,file,1,False
/usr/share/perl5/File/Glob.pmc,file,1,False
/usr/share/perl5/File/Glob.pm,file,1,False
/etc/perl/XSLoader.pmc,file,1,False
/etc/perl/XSLoader.pm,file,1,False
/usr/local/share/perl/5.26.1/XSLoader.pmc,file,1,False
/usr/local/share/perl/5.26.1/XSLoader.pm,file,1,False
/usr/share/perl5/XSLoader.pmc,file,1,False
/usr/share/perl5/XSLoader.pm,file,1,False
/usr/share/perl/5.26/XSLoader.pmc,file,1,False
/usr/share/perl/5.26/XSLoader.pm,file,1,False
/sbin/insserv,file,1,False
/sbin/openrc,file,1,False
"""/etc/rc4.d/S90hovvssksho""",file,1,False
"""/etc/rc3.d/S90hovvssksho""",file,1,False
"""/etc/rc2.d/S90hovvssksho""",file,1,False
"""/etc/rc1.d/S90hovvssksho""",file,1,False
"""/etc/rc5.d/S90hovvssksho""",file,1,False
/run/systemd/system,file,1,False
Pipe 3 : read end from Pipe 4,other,1,False
Pipe 4 : write end to Pipe 3,other,1,False
systemctl,proc,94,False
/prober,file,1,False
.,file,1,False
/bin/sed,file,1,False
sed,proc,49,False
NO_PID,proc,1,False
/sys/fs/selinux,file,2,False
/selinux,file,2,False
/etc/selinux/config,file,2,False
/etc/crontab,file,2,True
Permission:0700,other,1,True
Permission:022,other,1,True
/etc/sedyZnRSN,file,20,True
"""/var/run/gcc4.pid""",file,298,False
/var/run/gcc4.pid,file,4,True
"""/usr/bin/hovvssksho""",file,297,False
0.0.0.0:53,net,60,True
8.8.8.8:53,net,59,True
0.0.0.0:8080,net,20,True
0.0.0.0:60000,net,38,True
1531,proc,293,False
1529,proc,293,False
1530,proc,293,False
1533,proc,293,False
/proc/1509/exe,file,1607,False
/proc/vz,file,1,False
" ""/proc/1/root""",file,1,False
" ""/""",file,1,False
" ""/run/systemd/system/""",file,1,False
1574,proc,293,False
1570,proc,293,False
1573,proc,293,False
1572,proc,293,False
1571,proc,293,False
1588,proc,293,False
1587,proc,293,False
1589,proc,293,False
1608,proc,293,False
1600,proc,293,False
1606,proc,293,False
1605,proc,293,False
1607,proc,293,False
1625,proc,293,False
1624,proc,293,False
1623,proc,293,False
1621,proc,293,False
1622,proc,293,False
1640,proc,293,False
1638,proc,293,False
1639,proc,293,False
1637,proc,293,False
1636,proc,293,False
1660,proc,293,False
1658,proc,293,False
1657,proc,293,False
1661,proc,293,False
1659,proc,293,False
1672,proc,293,False
1681,proc,293,False
1687,proc,293,False
1685,proc,293,False
1686,proc,293,False
1684,proc,293,False
1699,proc,293,False
1733,proc,293,False
1732,proc,293,False
1731,proc,293,False
1730,proc,293,False
1729,proc,293,False
1790,proc,293,False
1786,proc,293,False
1789,proc,293,False
1796,proc,290,False
1795,proc,293,False
1836,proc,293,False
1830,proc,293,False
1835,proc,293,False
1834,proc,293,False
1833,proc,293,False
1845,proc,293,False
1849,proc,293,False
1851,proc,293,False
1850,proc,293,False
1848,proc,293,False
1863,proc,293,False
1862,proc,293,False
1864,proc,293,False
1866,proc,293,False
1865,proc,293,False
1873,proc,293,False
1879,proc,293,False
1878,proc,293,False
1886,proc,293,False
1892,proc,293,False
1894,proc,290,False
1893,proc,293,False
1891,proc,293,False
1909,proc,293,False
1908,proc,293,False
1907,proc,293,False
1906,proc,293,False
1905,proc,293,False
1916,proc,290,False
1920,proc,290,False
1922,proc,290,False
1924,proc,293,False
1923,proc,293,False
1939,proc,293,False
1938,proc,293,False
1935,proc,293,False
1937,proc,293,False
1936,proc,293,False
1944,proc,293,False
1945,proc,293,False
1952,proc,293,False
1954,proc,293,False
1953,proc,293,False
1961,proc,293,False
1968,proc,293,False
1965,proc,293,False
1964,proc,293,False
1969,proc,293,False
1980,proc,293,False
1981,proc,293,False
1990,proc,293,False
1993,proc,293,False
1996,proc,293,False
1994,proc,293,False
1995,proc,293,False
2003,proc,293,False
2008,proc,293,False
2011,proc,293,False
2009,proc,293,False
2010,proc,293,False
2034,proc,293,False
2033,proc,293,False
2032,proc,293,False
2031,proc,293,False
2048,proc,293,False
2047,proc,293,False
2046,proc,293,False
2045,proc,293,False
2055,proc,293,False
2060,proc,293,False
2063,proc,293,False
2062,proc,293,False
2061,proc,293,False
2074,proc,293,False
2078,proc,293,False
2075,proc,293,False
2076,proc,293,False
2077,proc,293,False
2084,proc,293,False
2083,proc,293,False
2091,proc,290,False
2092,proc,290,False
2093,proc,290,False
2098,proc,290,False
2105,proc,293,False
2108,proc,293,False
2106,proc,293,False
2107,proc,293,False
2117,proc,293,False
2120,proc,293,False
2123,proc,293,False
2122,proc,293,False
2121,proc,293,False
2138,proc,293,False
2132,proc,293,False
2135,proc,293,False
2136,proc,293,False
2137,proc,293,False
2149,proc,293,False
2153,proc,293,False
2152,proc,293,False
2150,proc,293,False
2151,proc,293,False
2168,proc,293,False
2162,proc,293,False
2167,proc,293,False
2166,proc,293,False
2165,proc,293,False
2181,proc,293,False
2180,proc,293,False
2179,proc,293,False
2196,proc,293,False
2192,proc,293,False
2194,proc,293,False
2195,proc,293,False
2193,proc,293,False
2211,proc,293,False
2210,proc,293,False
2209,proc,293,False
2207,proc,293,False
2208,proc,293,False
2222,proc,293,False
2224,proc,293,False
2223,proc,293,False
2225,proc,293,False
2240,proc,293,False
2239,proc,293,False
2237,proc,293,False
2238,proc,293,False
2236,proc,293,False
2245,proc,293,False
2252,proc,293,False
2255,proc,293,False
2254,proc,293,False
2253,proc,293,False
2270,proc,293,False
2269,proc,293,False
2268,proc,293,False
2267,proc,293,False
2266,proc,293,False
2285,proc,293,False
2284,proc,293,False
2277,proc,293,False
2282,proc,293,False
2283,proc,293,False
2296,proc,293,False
2300,proc,293,False
2299,proc,293,False
2298,proc,293,False
2297,proc,293,False
2305,proc,293,False
2315,proc,293,False
2313,proc,293,False
2314,proc,293,False
2312,proc,293,False
2325,proc,293,False
2330,proc,293,False
2329,proc,293,False
2328,proc,293,False
2327,proc,293,False
2341,proc,293,False
2344,proc,293,False
2343,proc,293,False
2342,proc,293,False
2355,proc,290,False
2356,proc,290,False
2357,proc,290,False
2359,proc,290,False
2358,proc,290,False
2371,proc,290,False
2372,proc,293,False
2370,proc,290,False
2374,proc,293,False
2373,proc,293,False
2385,proc,293,False
2388,proc,293,False
2389,proc,293,False
2387,proc,293,False
2386,proc,293,False
2400,proc,293,False
2401,proc,293,False
2404,proc,293,False
2403,proc,293,False
2402,proc,293,False
2417,proc,293,False
2415,proc,293,False
2416,proc,293,False
2440,proc,293,False
2433,proc,293,False
2439,proc,293,False
2438,proc,293,False
2455,proc,293,False
2447,proc,293,False
2451,proc,293,False
2450,proc,293,False
2454,proc,293,False
2464,proc,293,False
2468,proc,293,False
2470,proc,293,False
2467,proc,293,False
2469,proc,293,False
2483,proc,293,False
2477,proc,293,False
2482,proc,293,False
2485,proc,293,False
2484,proc,293,False
2500,proc,293,False
2499,proc,293,False
2498,proc,293,False
2497,proc,293,False
2496,proc,293,False
2515,proc,293,False
2514,proc,293,False
2511,proc,293,False
2513,proc,293,False
2512,proc,293,False
2528,proc,293,False
2526,proc,293,False
2527,proc,293,False
2726,proc,280,False
2725,proc,280,False
2722,proc,280,False
2724,proc,280,False
2723,proc,280,False
