node_name,type,appearance,importance
malware,file,321,True
uname,file,2,False
Memory Address,mem,35861,True
8192*1024 bytes,other,293,False
/proc/self/exe,file,295,False
1517,proc,628,True
status:0,other,894,True
"""/usr""",file,61,False
"""/usr/bin""",file,61,False
"""/bin""",file,61,False
"""/tmp""",file,61,False
"""/var""",file,1,False
"""/var/run""",file,1,False
Timestamp,other,2896,False
Unknown,file,9660,True
/usr/bin/hktspplivc,proc,168,True
1518,proc,4,True
Sleep Duration,other,2123,False
1520,proc,20670,False
Shared Memory:2,other,1,False
/etc/init.d/hktspplivc,file,13,True
/etc/cron.hourly/gcc4.sh,file,3,True
/etc/rc1.d/S90hktspplivc,file,2,True
/etc/rc2.d/S90hktspplivc,file,2,True
/etc/rc3.d/S90hktspplivc,file,2,True
/etc/rc4.d/S90hktspplivc,file,2,True
/etc/rc5.d/S90hktspplivc,file,2,True
/etc/rc.d/rc1.d/S90hktspplivc,file,2,True
/etc/rc.d/rc2.d/S90hktspplivc,file,2,True
/etc/rc.d/rc3.d/S90hktspplivc,file,2,True
/etc/rc.d/rc4.d/S90hktspplivc,file,2,True
/etc/rc.d/rc5.d/S90hktspplivc,file,2,True
1521,proc,4,True
1523,proc,4,True
sh,proc,24,True
/proc/stat,file,2,True
1527,proc,900,True
1528,proc,331,True
1529,proc,2,True
/usr/bin/arfucuvxwx,file,1003,True
1530,proc,4,True
1532,proc,4,True
1534,proc,4,True
1536,proc,4,True
1538,proc,4,True
/bin/arfucuvxwx,file,1,False
/tmp/arfucuvxwx,file,1,False
/usr/bin/ylatkabvub,file,997,True
1574,proc,4,True
1576,proc,4,True
1578,proc,4,True
1580,proc,4,True
1583,proc,4,True
/bin/ylatkabvub,file,1,False
/tmp/ylatkabvub,file,1,False
/usr/bin/npdvdsculy,file,1003,True
1589,proc,4,True
1591,proc,4,True
1593,proc,4,True
1595,proc,4,True
1597,proc,4,True
/bin/npdvdsculy,file,1,False
/tmp/npdvdsculy,file,1,False
/usr/bin/gdkcgaotvs,file,997,True
1609,proc,4,True
1611,proc,4,True
1613,proc,4,True
1616,proc,4,True
1618,proc,4,True
/bin/gdkcgaotvs,file,1,False
/tmp/gdkcgaotvs,file,1,False
/usr/bin/tufeyypcey,file,997,True
1628,proc,4,True
1630,proc,4,True
1632,proc,4,True
1634,proc,4,True
1636,proc,4,True
/bin/tufeyypcey,file,1,False
/tmp/tufeyypcey,file,1,False
/usr/bin/mlexaznjhu,file,1001,True
1643,proc,4,True
1645,proc,4,True
1647,proc,4,True
1649,proc,4,True
1651,proc,4,True
/bin/mlexaznjhu,file,1,False
/tmp/mlexaznjhu,file,1,False
/usr/bin/pegamwfkoe,file,1003,True
1664,proc,4,True
1666,proc,4,True
1668,proc,4,True
1670,proc,4,True
1672,proc,4,True
/bin/pegamwfkoe,file,1,False
/tmp/pegamwfkoe,file,1,False
/usr/bin/epyiacxuot,file,1003,True
1679,proc,4,True
1681,proc,4,True
1683,proc,4,True
1685,proc,4,True
1687,proc,4,True
/bin/epyiacxuot,file,1,False
/tmp/epyiacxuot,file,1,False
/usr/bin/mpxhbkezgs,file,997,True
1694,proc,4,True
1696,proc,4,True
1698,proc,4,True
1700,proc,4,True
1702,proc,4,True
/bin/mpxhbkezgs,file,1,False
/tmp/mpxhbkezgs,file,1,False
/usr/bin/dvwyaplcdr,file,1003,True
1709,proc,4,True
1711,proc,4,True
1713,proc,4,True
1715,proc,4,True
1717,proc,4,True
/bin/dvwyaplcdr,file,1,False
/tmp/dvwyaplcdr,file,1,False
/usr/bin/qnhpymldyj,file,1003,True
1744,proc,4,True
1746,proc,4,True
1748,proc,4,True
1750,proc,4,True
1752,proc,4,True
/bin/qnhpymldyj,file,1,False
/tmp/qnhpymldyj,file,1,False
/usr/bin/rclsmmdsky,file,1003,True
1807,proc,4,True
1809,proc,4,True
1811,proc,4,True
1813,proc,4,True
1815,proc,4,True
/bin/rclsmmdsky,file,1,False
/tmp/rclsmmdsky,file,1,False
/usr/bin/sjxdvzbvet,file,1003,True
1847,proc,4,True
1849,proc,4,True
1851,proc,4,True
1853,proc,4,True
1855,proc,4,True
/bin/sjxdvzbvet,file,1,False
/tmp/sjxdvzbvet,file,1,False
/usr/bin/mfkrwuzott,file,995,True
1862,proc,4,True
1864,proc,4,True
1866,proc,4,True
1869,proc,4,True
1872,proc,4,True
/bin/mfkrwuzott,file,1,False
/tmp/mfkrwuzott,file,1,False
/usr/bin/vfagyhmnmq,file,997,True
1877,proc,4,True
1879,proc,4,True
1882,proc,4,True
1884,proc,4,True
1886,proc,4,True
/bin/vfagyhmnmq,file,1,False
/tmp/vfagyhmnmq,file,1,False
/usr/bin/ffubltkakm,file,997,True
1892,proc,4,True
1894,proc,4,True
1896,proc,4,True
1899,proc,4,True
1901,proc,4,True
/bin/ffubltkakm,file,1,False
/tmp/ffubltkakm,file,1,False
/usr/bin/phytxysbdz,file,997,True
1907,proc,4,True
1909,proc,4,True
1911,proc,4,True
1913,proc,4,True
1916,proc,4,True
/bin/phytxysbdz,file,1,False
/tmp/phytxysbdz,file,1,False
/usr/bin/afxbjcoefj,file,671,True
1922,proc,4,True
1924,proc,4,True
1926,proc,4,True
1928,proc,4,True
1930,proc,4,True
/bin/afxbjcoefj,file,1,False
/tmp/afxbjcoefj,file,1,False
/usr/bin/rxauqbwlig,file,995,True
1935,proc,4,True
1937,proc,4,True
1940,proc,4,True
1942,proc,4,True
1944,proc,4,True
/bin/rxauqbwlig,file,1,False
/tmp/rxauqbwlig,file,1,False
/usr/bin/xhpmbcrrup,file,1003,True
1950,proc,4,True
1952,proc,4,True
1954,proc,4,True
1956,proc,4,True
1958,proc,4,True
/bin/xhpmbcrrup,file,1,False
/tmp/xhpmbcrrup,file,1,False
/usr/bin/gqibvvdllm,file,1003,True
1965,proc,4,True
1967,proc,4,True
1969,proc,4,True
1971,proc,4,True
1973,proc,4,True
/bin/gqibvvdllm,file,1,False
/tmp/gqibvvdllm,file,1,False
/usr/bin/tvyhaxtnrw,file,997,True
1980,proc,4,True
1982,proc,4,True
1984,proc,4,True
1986,proc,4,True
1988,proc,4,True
/bin/tvyhaxtnrw,file,1,False
/tmp/tvyhaxtnrw,file,1,False
/usr/bin/aimziccpji,file,997,True
1995,proc,4,True
1997,proc,4,True
1999,proc,4,True
2001,proc,4,True
2003,proc,4,True
/bin/aimziccpji,file,1,False
/tmp/aimziccpji,file,1,False
/usr/bin/sgowsxbqho,file,1003,True
2010,proc,4,True
2012,proc,4,True
2014,proc,4,True
2016,proc,4,True
2018,proc,4,True
/bin/sgowsxbqho,file,1,False
/tmp/sgowsxbqho,file,1,False
/usr/bin/llwwkpdhfk,file,838,True
2025,proc,4,True
2027,proc,4,True
2029,proc,4,True
2031,proc,4,True
2033,proc,4,True
/bin/llwwkpdhfk,file,1,False
/tmp/llwwkpdhfk,file,1,False
/usr/bin/zuozltittl,file,997,True
2039,proc,4,True
2041,proc,4,True
2043,proc,4,True
2045,proc,4,True
2047,proc,4,True
/bin/zuozltittl,file,1,False
/tmp/zuozltittl,file,1,False
/usr/bin/xlvksrmyip,file,997,True
2054,proc,4,True
2056,proc,4,True
2058,proc,4,True
2060,proc,4,True
2062,proc,4,True
/bin/xlvksrmyip,file,1,False
/tmp/xlvksrmyip,file,1,False
/usr/bin/gbrjdgmndb,file,343,True
2069,proc,4,True
2071,proc,4,True
2073,proc,4,True
2075,proc,4,True
2077,proc,4,True
/bin/gbrjdgmndb,file,1,False
/tmp/gbrjdgmndb,file,1,False
/usr/bin/derlybjcdd,file,997,True
2080,proc,4,True
2082,proc,4,True
2084,proc,4,True
2087,proc,4,True
2092,proc,4,True
/bin/derlybjcdd,file,1,False
/tmp/derlybjcdd,file,1,False
/usr/bin/cbjximvwfb,file,1003,True
2095,proc,4,True
2097,proc,4,True
2099,proc,4,True
2101,proc,4,True
2103,proc,4,True
/bin/cbjximvwfb,file,1,False
/tmp/cbjximvwfb,file,1,False
/usr/bin/ecwroeosbe,file,995,True
2110,proc,4,True
2112,proc,4,True
2114,proc,4,True
2116,proc,4,True
2118,proc,4,True
/bin/ecwroeosbe,file,1,False
/tmp/ecwroeosbe,file,1,False
/usr/bin/yswbbtnqts,file,995,True
2134,proc,4,True
2136,proc,4,True
2139,proc,4,True
2141,proc,4,True
2143,proc,4,True
/bin/yswbbtnqts,file,1,False
/tmp/yswbbtnqts,file,1,False
/usr/bin/akhwzkhzuw,file,995,True
2149,proc,4,True
2151,proc,4,True
2154,proc,4,True
2156,proc,4,True
2160,proc,4,True
/bin/akhwzkhzuw,file,1,False
/tmp/akhwzkhzuw,file,1,False
/usr/bin/ovgafhjgpl,file,997,True
2164,proc,4,True
2166,proc,4,True
2168,proc,4,True
2171,proc,4,True
2173,proc,4,True
/bin/ovgafhjgpl,file,1,False
/tmp/ovgafhjgpl,file,1,False
/usr/bin/pbyxicznrj,file,997,True
2179,proc,4,True
2181,proc,4,True
2183,proc,4,True
2185,proc,4,True
2188,proc,4,True
/bin/pbyxicznrj,file,1,False
/tmp/pbyxicznrj,file,1,False
/usr/bin/cewcafucaf,file,1003,True
2194,proc,4,True
2196,proc,4,True
2198,proc,4,True
2200,proc,4,True
2202,proc,4,True
/bin/cewcafucaf,file,1,False
/tmp/cewcafucaf,file,1,False
/usr/bin/mvgqzivvhl,file,1003,True
2209,proc,4,True
2211,proc,4,True
2213,proc,4,True
2215,proc,4,True
2217,proc,4,True
/bin/mvgqzivvhl,file,1,False
/tmp/mvgqzivvhl,file,1,False
/usr/bin/dwkhihkxni,file,1003,True
2224,proc,4,True
2226,proc,4,True
2228,proc,4,True
2230,proc,4,True
2232,proc,4,True
/bin/dwkhihkxni,file,1,False
/tmp/dwkhihkxni,file,1,False
/usr/bin/eajfmlaryg,file,836,True
2239,proc,4,True
2241,proc,4,True
2243,proc,4,True
2245,proc,4,True
2247,proc,4,True
/bin/eajfmlaryg,file,1,False
/tmp/eajfmlaryg,file,1,False
/usr/bin/sxzsezqnje,file,997,True
2253,proc,4,True
2255,proc,4,True
2257,proc,4,True
2262,proc,4,True
2264,proc,4,True
/bin/sxzsezqnje,file,1,False
/tmp/sxzsezqnje,file,1,False
/usr/bin/kutzjyffpj,file,997,True
2268,proc,4,True
2270,proc,4,True
2272,proc,4,True
2275,proc,4,True
2277,proc,4,True
/bin/kutzjyffpj,file,1,False
/tmp/kutzjyffpj,file,1,False
/usr/bin/vqkqbwaquc,file,995,True
2283,proc,4,True
2285,proc,4,True
2287,proc,4,True
2290,proc,4,True
2293,proc,4,True
/bin/vqkqbwaquc,file,1,False
/tmp/vqkqbwaquc,file,1,False
/usr/bin/oegecazifg,file,997,True
2298,proc,4,True
2300,proc,4,True
2302,proc,4,True
2304,proc,4,True
2307,proc,4,True
/bin/oegecazifg,file,1,False
/tmp/oegecazifg,file,1,False
/usr/bin/fyhtcdhmxs,file,997,True
2313,proc,4,True
2315,proc,4,True
2317,proc,4,True
2319,proc,4,True
2324,proc,4,True
/bin/fyhtcdhmxs,file,1,False
/tmp/fyhtcdhmxs,file,1,False
/usr/bin/hykjxnkmxf,file,997,True
2328,proc,4,True
2330,proc,4,True
2332,proc,4,True
2334,proc,4,True
2338,proc,4,True
/bin/hykjxnkmxf,file,1,False
/tmp/hykjxnkmxf,file,1,False
/usr/bin/pymfxvjiqa,file,997,True
2343,proc,4,True
2345,proc,4,True
2347,proc,4,True
2349,proc,4,True
2352,proc,4,True
/bin/pymfxvjiqa,file,1,False
/tmp/pymfxvjiqa,file,1,False
/usr/bin/jjdhsvsikb,file,995,True
2358,proc,4,True
2360,proc,4,True
2362,proc,4,True
2364,proc,4,True
2367,proc,4,True
/bin/jjdhsvsikb,file,1,False
/tmp/jjdhsvsikb,file,1,False
/usr/bin/qzfoszkfmk,file,997,True
2373,proc,4,True
2375,proc,4,True
2377,proc,4,True
2379,proc,4,True
2381,proc,4,True
/bin/qzfoszkfmk,file,1,False
/tmp/qzfoszkfmk,file,1,False
/usr/bin/qnkgdeccuq,file,997,True
2388,proc,4,True
2390,proc,4,True
2393,proc,4,True
2396,proc,4,True
2398,proc,4,True
/bin/qnkgdeccuq,file,1,False
/tmp/qnkgdeccuq,file,1,False
/usr/bin/fryefkjspf,file,999,True
2403,proc,4,True
2405,proc,4,True
2407,proc,4,True
2410,proc,4,True
2412,proc,4,True
/bin/fryefkjspf,file,1,False
/tmp/fryefkjspf,file,1,False
/usr/bin/kyskgsupuj,file,1003,True
2418,proc,4,True
2420,proc,4,True
2422,proc,4,True
2424,proc,4,True
2426,proc,4,True
/bin/kyskgsupuj,file,1,False
/tmp/kyskgsupuj,file,1,False
/usr/bin/swmvnkxrkx,file,1003,True
2433,proc,4,True
2435,proc,4,True
2437,proc,4,True
2439,proc,4,True
2441,proc,4,True
/bin/swmvnkxrkx,file,1,False
/tmp/swmvnkxrkx,file,1,False
/usr/bin/fndsvjhbag,file,999,True
2448,proc,4,True
2450,proc,4,True
2452,proc,4,True
2454,proc,4,True
2456,proc,4,True
/bin/fndsvjhbag,file,1,False
/tmp/fndsvjhbag,file,1,False
/usr/bin/veqgnlvcex,file,997,True
2463,proc,4,True
2465,proc,4,True
2467,proc,4,True
2469,proc,4,True
2471,proc,4,True
/bin/veqgnlvcex,file,1,False
/tmp/veqgnlvcex,file,1,False
/usr/bin/irjeplnjfh,file,836,True
2478,proc,4,True
2480,proc,4,True
2482,proc,4,True
2484,proc,4,True
2486,proc,4,True
/bin/irjeplnjfh,file,1,False
/tmp/irjeplnjfh,file,1,False
/usr/bin/ivahgrmsbx,file,1001,True
2492,proc,4,True
2494,proc,4,True
2496,proc,4,True
2499,proc,4,True
2501,proc,4,True
/bin/ivahgrmsbx,file,1,False
/tmp/ivahgrmsbx,file,1,False
/usr/bin/lwtwzkbyub,file,508,True
2516,proc,4,True
2518,proc,4,True
2520,proc,4,True
2522,proc,4,True
2524,proc,4,True
/bin/lwtwzkbyub,file,1,False
/tmp/lwtwzkbyub,file,1,False
/usr/bin/zhyjpgxdro,file,1003,True
2528,proc,4,True
2530,proc,4,True
2532,proc,4,True
2534,proc,4,True
2536,proc,4,True
/bin/zhyjpgxdro,file,1,False
/tmp/zhyjpgxdro,file,1,False
/usr/bin/vasklgfkdk,file,997,True
2543,proc,4,True
2545,proc,4,True
2547,proc,4,True
2549,proc,4,True
2551,proc,4,True
/bin/vasklgfkdk,file,1,False
/tmp/vasklgfkdk,file,1,False
/usr/bin/dglpokehpx,file,998,True
2709,proc,4,True
2711,proc,4,True
2713,proc,4,True
2715,proc,4,True
2717,proc,4,True
/bin/dglpokehpx,file,1,False
/tmp/dglpokehpx,file,1,False
chkconfig,proc,2,True
update-rc.d,proc,88,True
ID,other,24,False
/usr/local/share/perl/5.26.0,file,1,False
/etc/perl/strict.pmc,file,1,False
/etc/perl/strict.pm,file,1,False
/usr/local/share/perl/5.26.1/strict.pmc,file,1,False
/usr/local/share/perl/5.26.1/strict.pm,file,1,False
/usr/share/perl5/strict.pmc,file,1,False
/usr/share/perl5/strict.pm,file,1,False
/usr/share/perl/5.26/strict.pmc,file,1,False
/usr/share/perl/5.26/strict.pm,file,1,False
/etc/perl/warnings.pmc,file,1,False
/etc/perl/warnings.pm,file,1,False
/usr/local/share/perl/5.26.1/warnings.pmc,file,1,False
/usr/local/share/perl/5.26.1/warnings.pm,file,1,False
/usr/share/perl5/warnings.pmc,file,1,False
/usr/share/perl5/warnings.pm,file,1,False
/usr/share/perl/5.26/warnings.pmc,file,1,False
/usr/share/perl/5.26/warnings.pm,file,1,False
/etc/perl/File/Glob.pmc,file,1,False
/etc/perl/File/Glob.pm,file,1,False
/usr/local/share/perl/5.26.1/File/Glob.pmc,file,1,False
/usr/local/share/perl/5.26.1/File/Glob.pm,file,1,False
/usr/share/perl5/File/Glob.pmc,file,1,False
/usr/share/perl5/File/Glob.pm,file,1,False
/etc/perl/XSLoader.pmc,file,1,False
/etc/perl/XSLoader.pm,file,1,False
/usr/local/share/perl/5.26.1/XSLoader.pmc,file,1,False
/usr/local/share/perl/5.26.1/XSLoader.pm,file,1,False
/usr/share/perl5/XSLoader.pmc,file,1,False
/usr/share/perl5/XSLoader.pm,file,1,False
/usr/share/perl/5.26/XSLoader.pmc,file,1,False
/usr/share/perl/5.26/XSLoader.pm,file,1,False
/sbin/insserv,file,1,False
/sbin/openrc,file,1,False
"""/etc/rc4.d/S90hktspplivc""",file,1,False
"""/etc/rc3.d/S90hktspplivc""",file,1,False
"""/etc/rc2.d/S90hktspplivc""",file,1,False
"""/etc/rc1.d/S90hktspplivc""",file,1,False
"""/etc/rc5.d/S90hktspplivc""",file,1,False
/run/systemd/system,file,1,False
Pipe 3 : read end from Pipe 4,other,1,False
Pipe 4 : write end to Pipe 3,other,1,False
systemctl,proc,94,False
/prober,file,1,False
.,file,1,False
/bin/sed,file,1,False
sed,proc,49,False
NO_PID,proc,1,False
/sys/fs/selinux,file,2,False
/selinux,file,2,False
/etc/selinux/config,file,2,False
/etc/crontab,file,2,True
Permission:0700,other,1,True
Permission:022,other,1,True
/etc/sedHbBBXj,file,20,True
"""/var/run/gcc4.pid""",file,300,False
/var/run/gcc4.pid,file,4,True
"""/usr/bin/hktspplivc""",file,299,False
0.0.0.0:53,net,60,True
8.8.8.8:53,net,59,True
0.0.0.0:8080,net,20,True
0.0.0.0:60000,net,38,True
1545,proc,293,False
1544,proc,293,False
1540,proc,293,False
1541,proc,293,False
1542,proc,293,False
/proc/1520/exe,file,1710,False
/proc/vz,file,1,False
" ""/proc/1/root""",file,1,False
" ""/""",file,1,False
" ""/run/systemd/system/""",file,1,False
1588,proc,293,False
1582,proc,293,False
1587,proc,293,False
1585,proc,293,False
1586,proc,293,False
1603,proc,293,False
1602,proc,293,False
1601,proc,293,False
1599,proc,293,False
1600,proc,293,False
1627,proc,293,False
1615,proc,293,False
1622,proc,293,False
1620,proc,293,False
1621,proc,293,False
1642,proc,293,False
1638,proc,293,False
1641,proc,293,False
1640,proc,293,False
1639,proc,293,False
1657,proc,293,False
1656,proc,293,False
1653,proc,293,False
1655,proc,293,False
1654,proc,293,False
1678,proc,290,False
1677,proc,293,False
1675,proc,293,False
1674,proc,293,False
1676,proc,293,False
1693,proc,293,False
1692,proc,293,False
1691,proc,290,False
1690,proc,290,False
1689,proc,290,False
1703,proc,293,False
1707,proc,293,False
1708,proc,293,False
1706,proc,293,False
1705,proc,293,False
1724,proc,293,False
1722,proc,293,False
1721,proc,293,False
1719,proc,293,False
1723,proc,293,False
1758,proc,293,False
1757,proc,293,False
1756,proc,293,False
1755,proc,293,False
1754,proc,293,False
1821,proc,293,False
1820,proc,293,False
1819,proc,293,False
1818,proc,293,False
1817,proc,293,False
1861,proc,293,False
1860,proc,293,False
1859,proc,293,False
1857,proc,293,False
1858,proc,293,False
1871,proc,293,False
1868,proc,293,False
1874,proc,293,False
1875,proc,293,False
1876,proc,293,False
1887,proc,293,False
1881,proc,293,False
1891,proc,293,False
1889,proc,293,False
1890,proc,293,False
1906,proc,293,False
1898,proc,293,False
1905,proc,293,False
1903,proc,293,False
1904,proc,293,False
1921,proc,293,False
1915,proc,293,False
1920,proc,293,False
1919,proc,293,False
1918,proc,293,False
1934,proc,293,False
1932,proc,293,False
1933,proc,293,False
1939,proc,293,False
1949,proc,293,False
1948,proc,293,False
1946,proc,293,False
1947,proc,293,False
1963,proc,293,False
1964,proc,293,False
1962,proc,293,False
1960,proc,293,False
1961,proc,293,False
1979,proc,293,False
1977,proc,293,False
1975,proc,293,False
1978,proc,293,False
1976,proc,293,False
1990,proc,293,False
1994,proc,293,False
1993,proc,293,False
1991,proc,293,False
1992,proc,293,False
2005,proc,293,False
2009,proc,293,False
2006,proc,293,False
2007,proc,293,False
2008,proc,293,False
2024,proc,293,False
2023,proc,293,False
2022,proc,293,False
2021,proc,293,False
2020,proc,293,False
2038,proc,293,False
2035,proc,293,False
2037,proc,293,False
2036,proc,293,False
2049,proc,293,False
2050,proc,293,False
2053,proc,293,False
2051,proc,293,False
2052,proc,293,False
2064,proc,293,False
2066,proc,293,False
2065,proc,293,False
2067,proc,290,False
2068,proc,290,False
2079,proc,290,False
2086,proc,293,False
2091,proc,293,False
2090,proc,293,False
2089,proc,293,False
2094,proc,293,False
2109,proc,293,False
2108,proc,293,False
2107,proc,293,False
2106,proc,293,False
2105,proc,293,False
2120,proc,293,False
2124,proc,293,False
2122,proc,293,False
2123,proc,293,False
2121,proc,293,False
2144,proc,293,False
2138,proc,293,False
2148,proc,293,False
2147,proc,293,False
2146,proc,293,False
2153,proc,293,False
2162,proc,293,False
2158,proc,293,False
2159,proc,293,False
2163,proc,293,False
2178,proc,293,False
2170,proc,293,False
2177,proc,293,False
2175,proc,293,False
2176,proc,293,False
2187,proc,293,False
2190,proc,293,False
2193,proc,293,False
2192,proc,293,False
2191,proc,293,False
2208,proc,293,False
2207,proc,293,False
2204,proc,293,False
2205,proc,293,False
2206,proc,293,False
2223,proc,293,False
2222,proc,293,False
2221,proc,293,False
2220,proc,293,False
2219,proc,293,False
2238,proc,293,False
2237,proc,293,False
2236,proc,293,False
2234,proc,293,False
2235,proc,293,False
2252,proc,293,False
2251,proc,293,False
2249,proc,293,False
2250,proc,293,False
2261,proc,293,False
2259,proc,293,False
2260,proc,293,False
2267,proc,293,False
2266,proc,293,False
2282,proc,293,False
2274,proc,293,False
2281,proc,293,False
2280,proc,293,False
2279,proc,293,False
2289,proc,293,False
2292,proc,293,False
2297,proc,293,False
2295,proc,293,False
2296,proc,293,False
2306,proc,293,False
2309,proc,293,False
2312,proc,293,False
2311,proc,293,False
2310,proc,293,False
2327,proc,293,False
2321,proc,293,False
2322,proc,293,False
2323,proc,293,False
2326,proc,293,False
2342,proc,293,False
2335,proc,293,False
2340,proc,293,False
2337,proc,293,False
2341,proc,293,False
2354,proc,293,False
2357,proc,293,False
2351,proc,293,False
2356,proc,293,False
2355,proc,293,False
2369,proc,293,False
2366,proc,293,False
2370,proc,293,False
2372,proc,293,False
2371,proc,293,False
2387,proc,293,False
2383,proc,293,False
2386,proc,293,False
2385,proc,293,False
2384,proc,293,False
2392,proc,293,False
2400,proc,290,False
2395,proc,293,False
2401,proc,293,False
2402,proc,293,False
2417,proc,293,False
2409,proc,293,False
2416,proc,293,False
2414,proc,293,False
2415,proc,293,False
2432,proc,293,False
2431,proc,293,False
2430,proc,293,False
2429,proc,293,False
2428,proc,293,False
2447,proc,293,False
2446,proc,293,False
2445,proc,293,False
2443,proc,293,False
2444,proc,293,False
2462,proc,293,False
2460,proc,293,False
2461,proc,293,False
2459,proc,293,False
2458,proc,293,False
2477,proc,293,False
2472,proc,293,False
2476,proc,293,False
2475,proc,293,False
2474,proc,293,False
2491,proc,293,False
2490,proc,293,False
2488,proc,293,False
2489,proc,293,False
2506,proc,293,False
2505,proc,293,False
2498,proc,293,False
2504,proc,293,False
2503,proc,293,False
2527,proc,293,False
2526,proc,293,False
2542,proc,293,False
2541,proc,293,False
2540,proc,293,False
2539,proc,293,False
2538,proc,293,False
2553,proc,293,False
2554,proc,293,False
2557,proc,293,False
2556,proc,293,False
2555,proc,293,False
2723,proc,283,False
2722,proc,283,False
2720,proc,283,False
2721,proc,283,False
2719,proc,283,False
