node_name,type,appearance,importance
malware,file,353,True
uname,file,2,False
Memory Address,mem,39212,True
8192*1024 bytes,other,284,False
/proc/self/exe,file,286,False
1516,proc,689,True
status:0,other,885,True
"""/boot""",file,61,False
"""/var""",file,1,False
"""/var/run""",file,1,False
Timestamp,other,2803,False
Unknown,file,10669,True
/boot/qbeuktdqqn,proc,184,True
1517,proc,4,True
Sleep Duration,other,2061,False
1519,proc,22279,False
Shared Memory:2,other,1,False
/etc/init.d/qbeuktdqqn,file,13,True
/etc/cron.hourly/cron.sh,file,3,True
/proc/rs_dev,file,563,True
/etc/rc1.d/S90qbeuktdqqn,file,2,True
/etc/rc2.d/S90qbeuktdqqn,file,2,True
/etc/rc3.d/S90qbeuktdqqn,file,2,True
/etc/rc4.d/S90qbeuktdqqn,file,2,True
/etc/rc5.d/S90qbeuktdqqn,file,2,True
/etc/rc.d/rc1.d/S90qbeuktdqqn,file,2,True
/etc/rc.d/rc2.d/S90qbeuktdqqn,file,2,True
/etc/rc.d/rc3.d/S90qbeuktdqqn,file,2,True
/etc/rc.d/rc4.d/S90qbeuktdqqn,file,2,True
/etc/rc.d/rc5.d/S90qbeuktdqqn,file,2,True
1520,proc,4,True
1522,proc,4,True
sh,proc,24,True
/proc/stat,file,2,True
1526,proc,894,True
1527,proc,368,True
1528,proc,14,True
/boot/ivtbovnfvo,file,1099,True
1529,proc,4,True
1531,proc,4,True
1533,proc,4,True
1535,proc,4,True
1537,proc,4,True
/boot/juvzyljdrs,file,1093,True
1612,proc,4,True
1614,proc,4,True
1616,proc,4,True
1619,proc,4,True
1622,proc,4,True
/boot/wqtcacatmm,file,1099,True
1627,proc,4,True
1629,proc,4,True
1631,proc,4,True
1633,proc,4,True
1635,proc,4,True
/boot/bjisefynbd,file,1093,True
1643,proc,4,True
1645,proc,4,True
1648,proc,4,True
1650,proc,4,True
1653,proc,4,True
/boot/nsscrdsomt,file,1099,True
1661,proc,4,True
1663,proc,4,True
1665,proc,4,True
1667,proc,4,True
1669,proc,4,True
/boot/hinasgovrh,file,1099,True
1676,proc,4,True
1678,proc,4,True
1680,proc,4,True
1682,proc,4,True
1684,proc,4,True
/boot/mfdkcigwka,file,1091,True
1698,proc,4,True
1700,proc,4,True
1702,proc,4,True
1704,proc,4,True
1706,proc,4,True
/boot/vyudwyaurf,file,1093,True
1713,proc,4,True
1715,proc,4,True
1717,proc,4,True
1720,proc,4,True
1723,proc,4,True
/boot/nkhpulokqc,file,1093,True
1728,proc,4,True
1730,proc,4,True
1732,proc,4,True
1735,proc,4,True
1737,proc,4,True
/boot/zbxaqybmam,file,1091,True
1744,proc,4,True
1746,proc,4,True
1748,proc,4,True
1750,proc,4,True
1754,proc,4,True
/boot/dpdrlqlsgl,file,1099,True
1778,proc,4,True
1780,proc,4,True
1782,proc,4,True
1784,proc,4,True
1786,proc,4,True
/boot/icmuxtmvqm,file,1099,True
1841,proc,4,True
1843,proc,4,True
1845,proc,4,True
1847,proc,4,True
1849,proc,4,True
/boot/ohbqigxujx,file,918,True
1881,proc,4,True
1883,proc,4,True
1885,proc,4,True
1887,proc,4,True
1889,proc,4,True
/boot/kvvzyklcxq,file,1093,True
1895,proc,4,True
1897,proc,4,True
1899,proc,4,True
1902,proc,4,True
1904,proc,4,True
/boot/dbtpcwjwhz,file,1091,True
1910,proc,4,True
1912,proc,4,True
1914,proc,4,True
1916,proc,4,True
1918,proc,4,True
/boot/eyirfnrnaq,file,1099,True
1925,proc,4,True
1927,proc,4,True
1929,proc,4,True
1931,proc,4,True
1933,proc,4,True
/boot/gdkrgryusi,file,375,True
1940,proc,4,True
1942,proc,4,True
1944,proc,4,True
1946,proc,4,True
1948,proc,4,True
/boot/busajjaqvc,file,914,True
1951,proc,4,True
1953,proc,4,True
1955,proc,4,True
1957,proc,4,True
1959,proc,4,True
/boot/lfzdpdflmp,file,1093,True
1965,proc,4,True
1967,proc,4,True
1969,proc,4,True
1971,proc,4,True
1974,proc,4,True
/boot/lyelfjvany,file,1093,True
1980,proc,4,True
1982,proc,4,True
1984,proc,4,True
1986,proc,4,True
1988,proc,4,True
/boot/yzuziisioi,file,1091,True
1995,proc,4,True
1997,proc,4,True
1999,proc,4,True
2001,proc,4,True
2003,proc,4,True
/boot/nnepcqhpbh,file,1093,True
2010,proc,4,True
2012,proc,4,True
2014,proc,4,True
2017,proc,4,True
2021,proc,4,True
/boot/hwpegddyes,file,1099,True
2025,proc,4,True
2027,proc,4,True
2029,proc,4,True
2031,proc,4,True
2033,proc,4,True
/boot/kkqjkxkrif,file,1093,True
2040,proc,4,True
2042,proc,4,True
2044,proc,4,True
2046,proc,4,True
2048,proc,4,True
/boot/fievgzxlel,file,556,True
2055,proc,4,True
2057,proc,4,True
2059,proc,4,True
2061,proc,4,True
2063,proc,4,True
/boot/sqhiyhhxbp,file,1093,True
2070,proc,4,True
2072,proc,4,True
2074,proc,4,True
2076,proc,4,True
2079,proc,4,True
/boot/bccjckcezl,file,1093,True
2085,proc,4,True
2087,proc,4,True
2089,proc,4,True
2091,proc,4,True
2094,proc,4,True
/boot/lwfisongyc,file,1097,True
2100,proc,4,True
2102,proc,4,True
2104,proc,4,True
2106,proc,4,True
2108,proc,4,True
/boot/gdjfqpdece,file,1093,True
2115,proc,4,True
2117,proc,4,True
2119,proc,4,True
2121,proc,4,True
2125,proc,4,True
/boot/ozdreguyrq,file,1093,True
2130,proc,4,True
2132,proc,4,True
2134,proc,4,True
2136,proc,4,True
2139,proc,4,True
/boot/dstcnzpxee,file,1099,True
2145,proc,4,True
2147,proc,4,True
2149,proc,4,True
2151,proc,4,True
2153,proc,4,True
/boot/fmeebfmfup,file,1093,True
2160,proc,4,True
2162,proc,4,True
2164,proc,4,True
2167,proc,4,True
2169,proc,4,True
/boot/fkhvjethyv,file,914,True
2175,proc,4,True
2177,proc,4,True
2179,proc,4,True
2181,proc,4,True
2184,proc,4,True
/boot/qwqrsrkzxb,file,556,True
2189,proc,4,True
2191,proc,4,True
2193,proc,4,True
2195,proc,4,True
2197,proc,4,True
/boot/lhdigwpilf,file,1099,True
2201,proc,4,True
2203,proc,4,True
2205,proc,4,True
2207,proc,4,True
2209,proc,4,True
/boot/ijqaffanbt,file,914,True
2216,proc,4,True
2218,proc,4,True
2220,proc,4,True
2223,proc,4,True
2225,proc,4,True
/boot/aisarucxgc,file,918,True
2230,proc,4,True
2232,proc,4,True
2234,proc,4,True
2236,proc,4,True
2238,proc,4,True
/boot/hpgpuimumq,file,1091,True
2261,proc,4,True
2263,proc,4,True
2266,proc,4,True
2268,proc,4,True
2270,proc,4,True
/boot/ibvlboyhoq,file,1099,True
2276,proc,4,True
2278,proc,4,True
2280,proc,4,True
2282,proc,4,True
2284,proc,4,True
/boot/mvhxhhiuzx,file,1093,True
2291,proc,4,True
2293,proc,4,True
2295,proc,4,True
2297,proc,4,True
2300,proc,4,True
/boot/ordwjluvgr,file,1093,True
2306,proc,4,True
2308,proc,4,True
2310,proc,4,True
2312,proc,4,True
2314,proc,4,True
/boot/ixthwmzcmm,file,914,True
2321,proc,4,True
2323,proc,4,True
2325,proc,4,True
2327,proc,4,True
2330,proc,4,True
/boot/hrrqwqjpgm,file,1095,True
2335,proc,4,True
2337,proc,4,True
2339,proc,4,True
2342,proc,4,True
2346,proc,4,True
/boot/btdicgczot,file,1091,True
2350,proc,4,True
2352,proc,4,True
2354,proc,4,True
2356,proc,4,True
2360,proc,4,True
/boot/cmjzlqmjgh,file,1099,True
2365,proc,4,True
2367,proc,4,True
2369,proc,4,True
2371,proc,4,True
2373,proc,4,True
/boot/fkzdrvyrde,file,1093,True
2380,proc,4,True
2382,proc,4,True
2384,proc,4,True
2387,proc,4,True
2390,proc,4,True
/boot/rycemvpzuu,file,1093,True
2395,proc,4,True
2397,proc,4,True
2399,proc,4,True
2401,proc,4,True
2403,proc,4,True
/boot/yilkglofkq,file,1093,True
2410,proc,4,True
2412,proc,4,True
2414,proc,4,True
2416,proc,4,True
2419,proc,4,True
/boot/eisgdkokbb,file,1093,True
2425,proc,4,True
2427,proc,4,True
2429,proc,4,True
2432,proc,4,True
2434,proc,4,True
/boot/fpfkcidmvk,file,1093,True
2440,proc,4,True
2442,proc,4,True
2444,proc,4,True
2446,proc,4,True
2449,proc,4,True
/boot/gratavgqvq,file,916,True
2455,proc,4,True
2457,proc,4,True
2459,proc,4,True
2461,proc,4,True
2464,proc,4,True
/boot/saihhnutly,file,914,True
2469,proc,4,True
2471,proc,4,True
2473,proc,4,True
2475,proc,4,True
2477,proc,4,True
/boot/hnxdbvoyja,file,914,True
2483,proc,4,True
2485,proc,4,True
2487,proc,4,True
2489,proc,4,True
2492,proc,4,True
/boot/clgzgokaow,file,1093,True
2497,proc,4,True
2499,proc,4,True
2501,proc,4,True
2505,proc,4,True
2507,proc,4,True
/boot/mrnldxmovg,file,1093,True
2512,proc,4,True
2514,proc,4,True
2516,proc,4,True
2519,proc,4,True
2521,proc,4,True
/boot/nicrbokaji,file,1091,True
2527,proc,4,True
2529,proc,4,True
2532,proc,4,True
2534,proc,4,True
2536,proc,4,True
/boot/hbdenpwips,file,1099,True
2542,proc,4,True
2544,proc,4,True
2546,proc,4,True
2548,proc,4,True
2550,proc,4,True
/boot/baalomcyrd,file,1093,True
2557,proc,4,True
2559,proc,4,True
2561,proc,4,True
2563,proc,4,True
2566,proc,4,True
/boot/eekxzhxalq,file,737,True
2581,proc,4,True
2583,proc,4,True
2585,proc,4,True
2587,proc,4,True
2589,proc,4,True
/boot/mroaoyrxwl,file,1094,True
2745,proc,4,True
2747,proc,4,True
2749,proc,4,True
2751,proc,4,True
2753,proc,4,True
chkconfig,proc,2,True
update-rc.d,proc,88,True
ID,other,24,False
/usr/local/share/perl/5.26.0,file,1,False
/etc/perl/strict.pmc,file,1,False
/etc/perl/strict.pm,file,1,False
/usr/local/share/perl/5.26.1/strict.pmc,file,1,False
/usr/local/share/perl/5.26.1/strict.pm,file,1,False
/usr/share/perl5/strict.pmc,file,1,False
/usr/share/perl5/strict.pm,file,1,False
/usr/share/perl/5.26/strict.pmc,file,1,False
/usr/share/perl/5.26/strict.pm,file,1,False
/etc/perl/warnings.pmc,file,1,False
/etc/perl/warnings.pm,file,1,False
/usr/local/share/perl/5.26.1/warnings.pmc,file,1,False
/usr/local/share/perl/5.26.1/warnings.pm,file,1,False
/usr/share/perl5/warnings.pmc,file,1,False
/usr/share/perl5/warnings.pm,file,1,False
/usr/share/perl/5.26/warnings.pmc,file,1,False
/usr/share/perl/5.26/warnings.pm,file,1,False
/etc/perl/File/Glob.pmc,file,1,False
/etc/perl/File/Glob.pm,file,1,False
/usr/local/share/perl/5.26.1/File/Glob.pmc,file,1,False
/usr/local/share/perl/5.26.1/File/Glob.pm,file,1,False
/usr/share/perl5/File/Glob.pmc,file,1,False
/usr/share/perl5/File/Glob.pm,file,1,False
/etc/perl/XSLoader.pmc,file,1,False
/etc/perl/XSLoader.pm,file,1,False
/usr/local/share/perl/5.26.1/XSLoader.pmc,file,1,False
/usr/local/share/perl/5.26.1/XSLoader.pm,file,1,False
/usr/share/perl5/XSLoader.pmc,file,1,False
/usr/share/perl5/XSLoader.pm,file,1,False
/usr/share/perl/5.26/XSLoader.pmc,file,1,False
/usr/share/perl/5.26/XSLoader.pm,file,1,False
/sbin/insserv,file,1,False
/sbin/openrc,file,1,False
"""/etc/rc4.d/S90qbeuktdqqn""",file,1,False
"""/etc/rc3.d/S90qbeuktdqqn""",file,1,False
"""/etc/rc2.d/S90qbeuktdqqn""",file,1,False
"""/etc/rc1.d/S90qbeuktdqqn""",file,1,False
"""/etc/rc5.d/S90qbeuktdqqn""",file,1,False
/run/systemd/system,file,1,False
Pipe 3 : read end from Pipe 4,other,1,False
Pipe 4 : write end to Pipe 3,other,1,False
systemctl,proc,94,False
/prober,file,1,False
.,file,1,False
/bin/sed,file,1,False
sed,proc,49,False
NO_PID,proc,1,False
/sys/fs/selinux,file,2,False
/selinux,file,2,False
/etc/selinux/config,file,2,False
/etc/crontab,file,2,True
Permission:0700,other,1,True
Permission:022,other,1,True
/etc/sedPEkhXg,file,20,True
"""/var/run/sftp.pid""",file,298,False
/var/run/sftp.pid,file,4,True
"""/boot/qbeuktdqqn""",file,297,False
103.25.9.228:53,net,52,True
8.8.8.8:53,net,51,True
0.0.0.0:8005,net,48,True
66.102.253.30:8005,net,12,True
103.240.141.50:8005,net,12,True
103.25.9.245:8005,net,12,True
0.0.0.0:80,net,2,True
1562,proc,327,False
1543,proc,327,False
1539,proc,327,False
1540,proc,327,False
1541,proc,327,False
/proc/1519/exe,file,1650,False
/proc/vz,file,1,False
" ""/proc/1/root""",file,1,False
" ""/""",file,1,False
" ""/run/systemd/system/""",file,1,False
1626,proc,327,False
1621,proc,327,False
1618,proc,327,False
1625,proc,327,False
1624,proc,327,False
1641,proc,327,False
1640,proc,327,False
1639,proc,327,False
1638,proc,327,False
1637,proc,327,False
1660,proc,327,False
1651,proc,327,False
1659,proc,327,False
1656,proc,327,False
1658,proc,327,False
1675,proc,327,False
1674,proc,327,False
1673,proc,327,False
1672,proc,327,False
1671,proc,327,False
1690,proc,324,False
1689,proc,327,False
1688,proc,327,False
1686,proc,327,False
1687,proc,327,False
1708,proc,327,False
1712,proc,327,False
1710,proc,327,False
1711,proc,327,False
1709,proc,327,False
1719,proc,327,False
1721,proc,327,False
1727,proc,324,False
1725,proc,327,False
1726,proc,327,False
1742,proc,327,False
1734,proc,324,False
1741,proc,327,False
1739,proc,327,False
1740,proc,327,False
1752,proc,327,False
1753,proc,327,False
1756,proc,327,False
1758,proc,327,False
1757,proc,327,False
1792,proc,327,False
1791,proc,327,False
1790,proc,327,False
1789,proc,327,False
1788,proc,327,False
1855,proc,327,False
1854,proc,327,False
1853,proc,327,False
1852,proc,327,False
1851,proc,327,False
1894,proc,327,False
1893,proc,327,False
1892,proc,327,False
1891,proc,327,False
1901,proc,327,False
1906,proc,327,False
1909,proc,327,False
1908,proc,327,False
1907,proc,327,False
1920,proc,327,False
1924,proc,327,False
1923,proc,327,False
1922,proc,327,False
1921,proc,327,False
1939,proc,327,False
1938,proc,327,False
1936,proc,327,False
1935,proc,327,False
1937,proc,327,False
1950,proc,327,False
1961,proc,327,False
1964,proc,327,False
1962,proc,327,False
1963,proc,327,False
1979,proc,327,False
1973,proc,327,False
1978,proc,327,False
1977,proc,327,False
1976,proc,327,False
1990,proc,327,False
1992,proc,327,False
1994,proc,327,False
1993,proc,327,False
1991,proc,327,False
2005,proc,327,False
2009,proc,327,False
2008,proc,327,False
2007,proc,327,False
2006,proc,327,False
2023,proc,327,False
2016,proc,327,False
2020,proc,327,False
2019,proc,327,False
2024,proc,327,False
2039,proc,327,False
2038,proc,327,False
2037,proc,327,False
2036,proc,327,False
2035,proc,327,False
2054,proc,327,False
2049,proc,327,False
2051,proc,327,False
2053,proc,327,False
2052,proc,327,False
2066,proc,327,False
2065,proc,327,False
2084,proc,327,False
2078,proc,327,False
2083,proc,327,False
2082,proc,327,False
2081,proc,327,False
2099,proc,327,False
2093,proc,327,False
2098,proc,327,False
2097,proc,327,False
2096,proc,327,False
2114,proc,324,False
2113,proc,327,False
2112,proc,327,False
2110,proc,327,False
2111,proc,327,False
2123,proc,327,False
2128,proc,327,False
2124,proc,327,False
2127,proc,327,False
2129,proc,327,False
2137,proc,324,False
2141,proc,324,False
2144,proc,327,False
2143,proc,327,False
2142,proc,324,False
2159,proc,327,False
2158,proc,327,False
2157,proc,327,False
2156,proc,327,False
2155,proc,327,False
2166,proc,327,False
2171,proc,327,False
2174,proc,327,False
2172,proc,327,False
2173,proc,327,False
2183,proc,327,False
2188,proc,327,False
2187,proc,327,False
2186,proc,327,False
2199,proc,327,False
2200,proc,327,False
2215,proc,327,False
2214,proc,327,False
2213,proc,327,False
2212,proc,327,False
2211,proc,327,False
2229,proc,327,False
2222,proc,327,False
2227,proc,327,False
2228,proc,327,False
2243,proc,327,False
2242,proc,327,False
2241,proc,327,False
2240,proc,327,False
2265,proc,327,False
2275,proc,327,False
2272,proc,327,False
2274,proc,327,False
2273,proc,327,False
2290,proc,327,False
2289,proc,327,False
2288,proc,327,False
2287,proc,327,False
2286,proc,327,False
2305,proc,327,False
2299,proc,327,False
2304,proc,327,False
2303,proc,327,False
2302,proc,327,False
2320,proc,327,False
2315,proc,327,False
2319,proc,327,False
2318,proc,327,False
2317,proc,327,False
2334,proc,327,False
2329,proc,327,False
2333,proc,327,False
2332,proc,327,False
2348,proc,327,False
2341,proc,327,False
2345,proc,327,False
2344,proc,327,False
2349,proc,327,False
2358,proc,327,False
2364,proc,327,False
2359,proc,327,False
2363,proc,327,False
2362,proc,327,False
2379,proc,327,False
2378,proc,327,False
2377,proc,327,False
2376,proc,327,False
2375,proc,327,False
2386,proc,327,False
2392,proc,324,False
2389,proc,327,False
2393,proc,324,False
2394,proc,327,False
2409,proc,327,False
2405,proc,327,False
2407,proc,327,False
2408,proc,327,False
2406,proc,327,False
2424,proc,327,False
2418,proc,327,False
2423,proc,327,False
2422,proc,327,False
2421,proc,327,False
2436,proc,327,False
2438,proc,327,False
2431,proc,327,False
2437,proc,327,False
2439,proc,327,False
2447,proc,327,False
2451,proc,327,False
2454,proc,327,False
2452,proc,327,False
2453,proc,327,False
2468,proc,327,False
2463,proc,327,False
2467,proc,327,False
2466,proc,327,False
2479,proc,327,False
2482,proc,327,False
2481,proc,327,False
2480,proc,327,False
2495,proc,327,False
2491,proc,327,False
2494,proc,327,False
2496,proc,327,False
2509,proc,327,False
2503,proc,327,False
2504,proc,327,False
2511,proc,327,False
2510,proc,327,False
2523,proc,327,False
2518,proc,327,False
2525,proc,327,False
2526,proc,327,False
2524,proc,327,False
2531,proc,327,False
2541,proc,327,False
2540,proc,327,False
2538,proc,327,False
2539,proc,327,False
2556,proc,327,False
2555,proc,327,False
2554,proc,327,False
2553,proc,327,False
2552,proc,327,False
2571,proc,327,False
2565,proc,327,False
2570,proc,327,False
2569,proc,327,False
2568,proc,327,False
2592,proc,327,False
2591,proc,327,False
2593,proc,327,False
2759,proc,313,False
2758,proc,313,False
2757,proc,313,False
2756,proc,313,False
2755,proc,313,False
