node_name,type,appearance,importance
malware,file,321,True
uname,file,2,False
Memory Address,mem,35613,True
8192*1024 bytes,other,291,False
/proc/self/exe,file,293,False
1513,proc,628,True
status:0,other,892,True
"""/usr""",file,61,False
"""/usr/bin""",file,61,False
"""/bin""",file,61,False
"""/tmp""",file,61,False
"""/var""",file,1,False
"""/var/run""",file,1,False
Timestamp,other,2864,False
Unknown,file,9690,True
/usr/bin/ifdicvcbtr,proc,168,True
1514,proc,4,True
Sleep Duration,other,2099,False
1516,proc,20676,False
Shared Memory:2,other,1,False
/etc/init.d/ifdicvcbtr,file,13,True
/etc/cron.hourly/gcc4.sh,file,3,True
/etc/rc1.d/S90ifdicvcbtr,file,2,True
/etc/rc2.d/S90ifdicvcbtr,file,2,True
/etc/rc3.d/S90ifdicvcbtr,file,2,True
/etc/rc4.d/S90ifdicvcbtr,file,2,True
/etc/rc5.d/S90ifdicvcbtr,file,2,True
/etc/rc.d/rc1.d/S90ifdicvcbtr,file,2,True
/etc/rc.d/rc2.d/S90ifdicvcbtr,file,2,True
/etc/rc.d/rc3.d/S90ifdicvcbtr,file,2,True
/etc/rc.d/rc4.d/S90ifdicvcbtr,file,2,True
/etc/rc.d/rc5.d/S90ifdicvcbtr,file,2,True
1517,proc,4,True
1519,proc,4,True
sh,proc,24,True
/proc/stat,file,2,True
1523,proc,897,True
1524,proc,365,True
1525,proc,2,True
/usr/bin/zwdvovmzct,file,1001,True
1526,proc,4,True
1528,proc,4,True
1530,proc,4,True
1532,proc,4,True
1535,proc,4,True
/bin/zwdvovmzct,file,1,False
/tmp/zwdvovmzct,file,1,False
/usr/bin/yxosxdlphc,file,997,True
1567,proc,4,True
1569,proc,4,True
1571,proc,4,True
1574,proc,4,True
1576,proc,4,True
/bin/yxosxdlphc,file,1,False
/tmp/yxosxdlphc,file,1,False
/usr/bin/ikxcdnpjsx,file,1003,True
1583,proc,4,True
1585,proc,4,True
1587,proc,4,True
1589,proc,4,True
1591,proc,4,True
/bin/ikxcdnpjsx,file,1,False
/tmp/ikxcdnpjsx,file,1,False
/usr/bin/ugxaiexcwf,file,1003,True
1603,proc,4,True
1605,proc,4,True
1607,proc,4,True
1609,proc,4,True
1612,proc,4,True
/bin/ugxaiexcwf,file,1,False
/tmp/ugxaiexcwf,file,1,False
/usr/bin/exnlyxryai,file,997,True
1622,proc,4,True
1624,proc,4,True
1626,proc,4,True
1628,proc,4,True
1631,proc,4,True
/bin/exnlyxryai,file,1,False
/tmp/exnlyxryai,file,1,False
/usr/bin/yjupmbvpde,file,1003,True
1637,proc,4,True
1639,proc,4,True
1641,proc,4,True
1643,proc,4,True
1645,proc,4,True
/bin/yjupmbvpde,file,1,False
/tmp/yjupmbvpde,file,1,False
/usr/bin/uhdsahhitk,file,1003,True
1659,proc,4,True
1661,proc,4,True
1663,proc,4,True
1665,proc,4,True
1667,proc,4,True
/bin/uhdsahhitk,file,1,False
/tmp/uhdsahhitk,file,1,False
/usr/bin/lnlgdlzafo,file,673,True
1683,proc,4,True
1685,proc,4,True
1687,proc,4,True
1689,proc,4,True
1691,proc,4,True
/bin/lnlgdlzafo,file,1,False
/tmp/lnlgdlzafo,file,1,False
/usr/bin/qqrwrkimqi,file,834,True
1696,proc,4,True
1698,proc,4,True
1700,proc,4,True
1702,proc,4,True
1704,proc,4,True
/bin/qqrwrkimqi,file,1,False
/tmp/qqrwrkimqi,file,1,False
/usr/bin/nnebyxdztp,file,1001,True
1711,proc,4,True
1713,proc,4,True
1715,proc,4,True
1717,proc,4,True
1719,proc,4,True
/bin/nnebyxdztp,file,1,False
/tmp/nnebyxdztp,file,1,False
/usr/bin/viarojezow,file,1003,True
1745,proc,4,True
1747,proc,4,True
1749,proc,4,True
1751,proc,4,True
1753,proc,4,True
/bin/viarojezow,file,1,False
/tmp/viarojezow,file,1,False
/usr/bin/mrwdjcqufb,file,1003,True
1808,proc,4,True
1810,proc,4,True
1812,proc,4,True
1814,proc,4,True
1816,proc,4,True
/bin/mrwdjcqufb,file,1,False
/tmp/mrwdjcqufb,file,1,False
/usr/bin/yyywtpfoyq,file,995,True
1848,proc,4,True
1850,proc,4,True
1852,proc,4,True
1854,proc,4,True
1856,proc,4,True
/bin/yyywtpfoyq,file,1,False
/tmp/yyywtpfoyq,file,1,False
/usr/bin/hlimglxles,file,1003,True
1863,proc,4,True
1865,proc,4,True
1867,proc,4,True
1869,proc,4,True
1871,proc,4,True
/bin/hlimglxles,file,1,False
/tmp/hlimglxles,file,1,False
/usr/bin/xkojmsssih,file,995,True
1878,proc,4,True
1880,proc,4,True
1882,proc,4,True
1885,proc,4,True
1888,proc,4,True
/bin/xkojmsssih,file,1,False
/tmp/xkojmsssih,file,1,False
/usr/bin/yabdcdkput,file,997,True
1893,proc,4,True
1895,proc,4,True
1897,proc,4,True
1900,proc,4,True
1902,proc,4,True
/bin/yabdcdkput,file,1,False
/tmp/yabdcdkput,file,1,False
/usr/bin/kkxpnzyyzb,file,997,True
1908,proc,4,True
1910,proc,4,True
1912,proc,4,True
1914,proc,4,True
1917,proc,4,True
/bin/kkxpnzyyzb,file,1,False
/tmp/kkxpnzyyzb,file,1,False
/usr/bin/qjlfpuihti,file,834,True
1923,proc,4,True
1925,proc,4,True
1927,proc,4,True
1929,proc,4,True
1932,proc,4,True
/bin/qjlfpuihti,file,1,False
/tmp/qjlfpuihti,file,1,False
/usr/bin/nhyfqhzzak,file,997,True
1937,proc,4,True
1939,proc,4,True
1941,proc,4,True
1944,proc,4,True
1947,proc,4,True
/bin/nhyfqhzzak,file,1,False
/tmp/nhyfqhzzak,file,1,False
/usr/bin/anvjxckaze,file,1003,True
1952,proc,4,True
1954,proc,4,True
1956,proc,4,True
1958,proc,4,True
1960,proc,4,True
/bin/anvjxckaze,file,1,False
/tmp/anvjxckaze,file,1,False
/usr/bin/ijtvbmbsow,file,997,True
1967,proc,4,True
1970,proc,4,True
1973,proc,4,True
1975,proc,4,True
1977,proc,4,True
/bin/ijtvbmbsow,file,1,False
/tmp/ijtvbmbsow,file,1,False
/usr/bin/vwnuseyzau,file,997,True
1982,proc,4,True
1984,proc,4,True
1986,proc,4,True
1989,proc,4,True
1992,proc,4,True
/bin/vwnuseyzau,file,1,False
/tmp/vwnuseyzau,file,1,False
/usr/bin/gdvznpvpom,file,836,True
1997,proc,4,True
1999,proc,4,True
2001,proc,4,True
2003,proc,4,True
2005,proc,4,True
/bin/gdvznpvpom,file,1,False
/tmp/gdvznpvpom,file,1,False
/usr/bin/awpehpytba,file,995,True
2011,proc,4,True
2013,proc,4,True
2015,proc,4,True
2018,proc,4,True
2020,proc,4,True
/bin/awpehpytba,file,1,False
/tmp/awpehpytba,file,1,False
/usr/bin/ukpklnynpr,file,834,True
2026,proc,4,True
2028,proc,4,True
2030,proc,4,True
2032,proc,4,True
2035,proc,4,True
/bin/ukpklnynpr,file,1,False
/tmp/ukpklnynpr,file,1,False
/usr/bin/isdvszcrjj,file,997,True
2040,proc,4,True
2042,proc,4,True
2044,proc,4,True
2046,proc,4,True
2048,proc,4,True
/bin/isdvszcrjj,file,1,False
/tmp/isdvszcrjj,file,1,False
/usr/bin/hmaephjpeq,file,997,True
2055,proc,4,True
2057,proc,4,True
2059,proc,4,True
2061,proc,4,True
2064,proc,4,True
/bin/hmaephjpeq,file,1,False
/tmp/hmaephjpeq,file,1,False
/usr/bin/jnkgwxkrfz,file,997,True
2070,proc,4,True
2072,proc,4,True
2074,proc,4,True
2077,proc,4,True
2079,proc,4,True
/bin/jnkgwxkrfz,file,1,False
/tmp/jnkgwxkrfz,file,1,False
/usr/bin/vbvmdsbigk,file,673,True
2085,proc,4,True
2087,proc,4,True
2089,proc,4,True
2091,proc,4,True
2093,proc,4,True
/bin/vbvmdsbigk,file,1,False
/tmp/vbvmdsbigk,file,1,False
/usr/bin/mozumrdovn,file,832,True
2098,proc,4,True
2100,proc,4,True
2102,proc,4,True
2105,proc,4,True
2107,proc,4,True
/bin/mozumrdovn,file,1,False
/tmp/mozumrdovn,file,1,False
/usr/bin/xpottfqtta,file,834,True
2112,proc,4,True
2114,proc,4,True
2116,proc,4,True
2118,proc,4,True
2121,proc,4,True
/bin/xpottfqtta,file,1,False
/tmp/xpottfqtta,file,1,False
/usr/bin/phguiwvhmr,file,997,True
2126,proc,4,True
2128,proc,4,True
2130,proc,4,True
2132,proc,4,True
2134,proc,4,True
/bin/phguiwvhmr,file,1,False
/tmp/phguiwvhmr,file,1,False
/usr/bin/cvyvxyobjp,file,997,True
2141,proc,4,True
2143,proc,4,True
2145,proc,4,True
2147,proc,4,True
2150,proc,4,True
/bin/cvyvxyobjp,file,1,False
/tmp/cvyvxyobjp,file,1,False
/usr/bin/pxavlrbwgr,file,997,True
2156,proc,4,True
2158,proc,4,True
2160,proc,4,True
2163,proc,4,True
2165,proc,4,True
/bin/pxavlrbwgr,file,1,False
/tmp/pxavlrbwgr,file,1,False
/usr/bin/dcgohbmnnc,file,997,True
2171,proc,4,True
2173,proc,4,True
2175,proc,4,True
2177,proc,4,True
2180,proc,4,True
/bin/dcgohbmnnc,file,1,False
/tmp/dcgohbmnnc,file,1,False
/usr/bin/hmnmaimbzk,file,995,True
2186,proc,4,True
2188,proc,4,True
2191,proc,4,True
2193,proc,4,True
2195,proc,4,True
/bin/hmnmaimbzk,file,1,False
/tmp/hmnmaimbzk,file,1,False
/usr/bin/shqfcdzbzj,file,999,True
2201,proc,4,True
2203,proc,4,True
2205,proc,4,True
2208,proc,4,True
2210,proc,4,True
/bin/shqfcdzbzj,file,1,False
/tmp/shqfcdzbzj,file,1,False
/usr/bin/cyxbobbpwu,file,997,True
2216,proc,4,True
2218,proc,4,True
2220,proc,4,True
2222,proc,4,True
2224,proc,4,True
/bin/cyxbobbpwu,file,1,False
/tmp/cyxbobbpwu,file,1,False
/usr/bin/vxradkyeqf,file,995,True
2231,proc,4,True
2233,proc,4,True
2236,proc,4,True
2238,proc,4,True
2240,proc,4,True
/bin/vxradkyeqf,file,1,False
/tmp/vxradkyeqf,file,1,False
/usr/bin/idwgvzoais,file,999,True
2246,proc,4,True
2248,proc,4,True
2250,proc,4,True
2253,proc,4,True
2255,proc,4,True
/bin/idwgvzoais,file,1,False
/tmp/idwgvzoais,file,1,False
/usr/bin/gtytiwbuwt,file,997,True
2261,proc,4,True
2263,proc,4,True
2265,proc,4,True
2267,proc,4,True
2270,proc,4,True
/bin/gtytiwbuwt,file,1,False
/tmp/gtytiwbuwt,file,1,False
/usr/bin/syvarrxcez,file,1003,True
2276,proc,4,True
2278,proc,4,True
2280,proc,4,True
2282,proc,4,True
2284,proc,4,True
/bin/syvarrxcez,file,1,False
/tmp/syvarrxcez,file,1,False
/usr/bin/eyssdfricd,file,1001,True
2300,proc,4,True
2302,proc,4,True
2304,proc,4,True
2306,proc,4,True
2308,proc,4,True
/bin/eyssdfricd,file,1,False
/tmp/eyssdfricd,file,1,False
/usr/bin/bynkzvyynz,file,1001,True
2315,proc,4,True
2317,proc,4,True
2319,proc,4,True
2321,proc,4,True
2324,proc,4,True
/bin/bynkzvyynz,file,1,False
/tmp/bynkzvyynz,file,1,False
/usr/bin/tsrdsvextm,file,834,True
2330,proc,4,True
2332,proc,4,True
2334,proc,4,True
2336,proc,4,True
2338,proc,4,True
/bin/tsrdsvextm,file,1,False
/tmp/tsrdsvextm,file,1,False
/usr/bin/sanvcgysxa,file,997,True
2344,proc,4,True
2346,proc,4,True
2348,proc,4,True
2351,proc,4,True
2353,proc,4,True
/bin/sanvcgysxa,file,1,False
/tmp/sanvcgysxa,file,1,False
/usr/bin/zcveuxsfjr,file,673,True
2359,proc,4,True
2361,proc,4,True
2363,proc,4,True
2365,proc,4,True
2367,proc,4,True
/bin/zcveuxsfjr,file,1,False
/tmp/zcveuxsfjr,file,1,False
/usr/bin/vumglneckj,file,997,True
2381,proc,4,True
2383,proc,4,True
2385,proc,4,True
2388,proc,4,True
2390,proc,4,True
/bin/vumglneckj,file,1,False
/tmp/vumglneckj,file,1,False
/usr/bin/ajxewvgbpi,file,1003,True
2396,proc,4,True
2398,proc,4,True
2400,proc,4,True
2402,proc,4,True
2404,proc,4,True
/bin/ajxewvgbpi,file,1,False
/tmp/ajxewvgbpi,file,1,False
/usr/bin/firleocwbf,file,1003,True
2411,proc,4,True
2413,proc,4,True
2415,proc,4,True
2417,proc,4,True
2419,proc,4,True
/bin/firleocwbf,file,1,False
/tmp/firleocwbf,file,1,False
/usr/bin/zrbjyaczoi,file,1003,True
2426,proc,4,True
2428,proc,4,True
2430,proc,4,True
2432,proc,4,True
2434,proc,4,True
/bin/zrbjyaczoi,file,1,False
/tmp/zrbjyaczoi,file,1,False
/usr/bin/sucicliikz,file,1003,True
2441,proc,4,True
2443,proc,4,True
2445,proc,4,True
2447,proc,4,True
2449,proc,4,True
/bin/sucicliikz,file,1,False
/tmp/sucicliikz,file,1,False
/usr/bin/wrkpaftcnl,file,1001,True
2456,proc,4,True
2458,proc,4,True
2460,proc,4,True
2462,proc,4,True
2464,proc,4,True
/bin/wrkpaftcnl,file,1,False
/tmp/wrkpaftcnl,file,1,False
/usr/bin/umkrsjskek,file,838,True
2471,proc,4,True
2473,proc,4,True
2475,proc,4,True
2477,proc,4,True
2479,proc,4,True
/bin/umkrsjskek,file,1,False
/tmp/umkrsjskek,file,1,False
/usr/bin/qyihmhijaj,file,995,True
2485,proc,4,True
2488,proc,4,True
2491,proc,4,True
2493,proc,4,True
2495,proc,4,True
/bin/qyihmhijaj,file,1,False
/tmp/qyihmhijaj,file,1,False
/usr/bin/kcorqojfod,file,997,True
2500,proc,4,True
2502,proc,4,True
2504,proc,4,True
2507,proc,4,True
2509,proc,4,True
/bin/kcorqojfod,file,1,False
/tmp/kcorqojfod,file,1,False
/usr/bin/wvaiwwcavo,file,1003,True
2515,proc,4,True
2517,proc,4,True
2519,proc,4,True
2521,proc,4,True
2523,proc,4,True
/bin/wvaiwwcavo,file,1,False
/tmp/wvaiwwcavo,file,1,False
/usr/bin/rccqhicqbg,file,1003,True
2530,proc,4,True
2532,proc,4,True
2534,proc,4,True
2536,proc,4,True
2538,proc,4,True
/bin/rccqhicqbg,file,1,False
/tmp/rccqhicqbg,file,1,False
/usr/bin/ejgzhzwvui,file,997,True
2545,proc,4,True
2547,proc,4,True
2549,proc,4,True
2551,proc,4,True
2554,proc,4,True
/bin/ejgzhzwvui,file,1,False
/tmp/ejgzhzwvui,file,1,False
/usr/bin/aqdqycckon,file,998,True
2711,proc,4,True
2713,proc,4,True
2715,proc,4,True
2717,proc,4,True
2719,proc,4,True
/bin/aqdqycckon,file,1,False
/tmp/aqdqycckon,file,1,False
chkconfig,proc,2,True
update-rc.d,proc,88,True
ID,other,24,False
/usr/local/share/perl/5.26.0,file,1,False
/etc/perl/strict.pmc,file,1,False
/etc/perl/strict.pm,file,1,False
/usr/local/share/perl/5.26.1/strict.pmc,file,1,False
/usr/local/share/perl/5.26.1/strict.pm,file,1,False
/usr/share/perl5/strict.pmc,file,1,False
/usr/share/perl5/strict.pm,file,1,False
/usr/share/perl/5.26/strict.pmc,file,1,False
/usr/share/perl/5.26/strict.pm,file,1,False
/etc/perl/warnings.pmc,file,1,False
/etc/perl/warnings.pm,file,1,False
/usr/local/share/perl/5.26.1/warnings.pmc,file,1,False
/usr/local/share/perl/5.26.1/warnings.pm,file,1,False
/usr/share/perl5/warnings.pmc,file,1,False
/usr/share/perl5/warnings.pm,file,1,False
/usr/share/perl/5.26/warnings.pmc,file,1,False
/usr/share/perl/5.26/warnings.pm,file,1,False
/etc/perl/File/Glob.pmc,file,1,False
/etc/perl/File/Glob.pm,file,1,False
/usr/local/share/perl/5.26.1/File/Glob.pmc,file,1,False
/usr/local/share/perl/5.26.1/File/Glob.pm,file,1,False
/usr/share/perl5/File/Glob.pmc,file,1,False
/usr/share/perl5/File/Glob.pm,file,1,False
/etc/perl/XSLoader.pmc,file,1,False
/etc/perl/XSLoader.pm,file,1,False
/usr/local/share/perl/5.26.1/XSLoader.pmc,file,1,False
/usr/local/share/perl/5.26.1/XSLoader.pm,file,1,False
/usr/share/perl5/XSLoader.pmc,file,1,False
/usr/share/perl5/XSLoader.pm,file,1,False
/usr/share/perl/5.26/XSLoader.pmc,file,1,False
/usr/share/perl/5.26/XSLoader.pm,file,1,False
/sbin/insserv,file,1,False
/sbin/openrc,file,1,False
"""/etc/rc4.d/S90ifdicvcbtr""",file,1,False
"""/etc/rc3.d/S90ifdicvcbtr""",file,1,False
"""/etc/rc2.d/S90ifdicvcbtr""",file,1,False
"""/etc/rc1.d/S90ifdicvcbtr""",file,1,False
"""/etc/rc5.d/S90ifdicvcbtr""",file,1,False
/run/systemd/system,file,1,False
Pipe 3 : read end from Pipe 4,other,1,False
Pipe 4 : write end to Pipe 3,other,1,False
systemctl,proc,94,False
/prober,file,1,False
.,file,1,False
/bin/sed,file,1,False
sed,proc,49,False
NO_PID,proc,1,False
/sys/fs/selinux,file,2,False
/selinux,file,2,False
/etc/selinux/config,file,2,False
/etc/crontab,file,2,True
Permission:0700,other,1,True
Permission:022,other,1,True
/etc/sed6s6tiu,file,20,True
"""/var/run/gcc4.pid""",file,299,False
/var/run/gcc4.pid,file,4,True
"""/usr/bin/ifdicvcbtr""",file,298,False
183.60.202.2:2444,net,29,True
103.25.9.228:53,net,53,True
8.8.8.8:53,net,52,True
0.0.0.0:2444,net,52,True
1541,proc,293,False
1538,proc,293,False
1537,proc,293,False
1534,proc,293,False
/proc/1516/exe,file,1687,False
1539,proc,293,False
/proc/vz,file,1,False
" ""/proc/1/root""",file,1,False
" ""/""",file,1,False
" ""/run/systemd/system/""",file,1,False
1581,proc,293,False
1573,proc,293,False
1579,proc,293,False
1578,proc,293,False
1580,proc,293,False
1596,proc,293,False
1597,proc,293,False
1594,proc,293,False
1593,proc,293,False
1595,proc,293,False
1621,proc,293,False
1619,proc,293,False
1618,proc,293,False
1614,proc,293,False
1620,proc,293,False
1636,proc,293,False
1630,proc,293,False
1635,proc,293,False
1634,proc,290,False
1633,proc,290,False
1651,proc,293,False
1650,proc,293,False
1649,proc,293,False
1648,proc,293,False
1647,proc,293,False
1673,proc,293,False
1672,proc,293,False
1671,proc,293,False
1670,proc,293,False
1669,proc,293,False
1695,proc,293,False
1693,proc,293,False
1694,proc,293,False
1706,proc,293,False
1709,proc,293,False
1708,proc,293,False
1707,proc,293,False
1725,proc,293,False
1724,proc,293,False
1722,proc,293,False
1721,proc,293,False
1723,proc,293,False
1759,proc,293,False
1757,proc,293,False
1756,proc,293,False
1758,proc,293,False
1755,proc,293,False
1822,proc,293,False
1821,proc,293,False
1820,proc,293,False
1819,proc,293,False
1818,proc,293,False
1858,proc,293,False
1862,proc,293,False
1861,proc,293,False
1860,proc,293,False
1859,proc,293,False
1877,proc,293,False
1876,proc,293,False
1874,proc,293,False
1873,proc,293,False
1875,proc,293,False
1887,proc,293,False
1884,proc,293,False
1892,proc,293,False
1891,proc,293,False
1890,proc,293,False
1899,proc,293,False
1906,proc,293,False
1904,proc,293,False
1907,proc,293,False
1905,proc,293,False
1915,proc,293,False
1919,proc,293,False
1922,proc,293,False
1921,proc,293,False
1920,proc,293,False
1936,proc,293,False
1931,proc,293,False
1934,proc,293,False
1935,proc,293,False
1943,proc,293,False
1946,proc,293,False
1951,proc,293,False
1950,proc,293,False
1949,proc,293,False
1966,proc,293,False
1965,proc,293,False
1963,proc,293,False
1964,proc,293,False
1962,proc,293,False
1969,proc,293,False
1972,proc,293,False
1979,proc,293,False
1980,proc,293,False
1981,proc,293,False
1988,proc,293,False
1996,proc,293,False
1994,proc,293,False
1991,proc,293,False
1995,proc,293,False
2010,proc,293,False
2007,proc,293,False
2009,proc,293,False
2008,proc,293,False
2017,proc,293,False
2021,proc,293,False
2023,proc,293,False
2025,proc,293,False
2024,proc,293,False
2033,proc,290,False
2039,proc,290,False
2037,proc,290,False
2038,proc,290,False
2050,proc,293,False
2052,proc,293,False
2054,proc,293,False
2053,proc,293,False
2051,proc,293,False
2063,proc,293,False
2068,proc,293,False
2069,proc,293,False
2067,proc,293,False
2066,proc,293,False
2076,proc,293,False
2081,proc,293,False
2084,proc,293,False
2083,proc,293,False
2082,proc,293,False
2096,proc,293,False
2095,proc,293,False
2097,proc,293,False
2104,proc,293,False
2111,proc,293,False
2110,proc,293,False
2109,proc,293,False
2125,proc,293,False
2120,proc,293,False
2123,proc,293,False
2124,proc,293,False
2136,proc,293,False
2137,proc,293,False
2140,proc,293,False
2139,proc,293,False
2138,proc,293,False
2149,proc,293,False
2152,proc,293,False
2155,proc,293,False
2154,proc,293,False
2153,proc,293,False
2162,proc,293,False
2167,proc,293,False
2170,proc,293,False
2168,proc,293,False
2169,proc,293,False
2179,proc,293,False
2185,proc,293,False
2184,proc,293,False
2183,proc,293,False
2182,proc,293,False
2190,proc,293,False
2200,proc,293,False
2198,proc,293,False
2199,proc,293,False
2197,proc,293,False
2214,proc,293,False
2207,proc,293,False
2215,proc,293,False
2212,proc,293,False
2213,proc,293,False
2230,proc,290,False
2225,proc,290,False
2229,proc,290,False
2228,proc,290,False
2227,proc,290,False
2235,proc,290,False
2243,proc,293,False
2242,proc,290,False
2245,proc,293,False
2244,proc,290,False
2260,proc,293,False
2257,proc,293,False
2252,proc,293,False
2259,proc,293,False
2258,proc,293,False
2275,proc,293,False
2269,proc,293,False
2272,proc,293,False
2274,proc,293,False
2273,proc,293,False
2290,proc,293,False
2289,proc,293,False
2288,proc,293,False
2287,proc,293,False
2286,proc,293,False
2314,proc,293,False
2313,proc,293,False
2311,proc,293,False
2310,proc,293,False
2312,proc,293,False
2329,proc,293,False
2328,proc,293,False
2327,proc,293,False
2323,proc,293,False
2326,proc,293,False
2340,proc,293,False
2343,proc,293,False
2342,proc,293,False
2341,proc,293,False
2350,proc,293,False
2355,proc,293,False
2358,proc,293,False
2357,proc,293,False
2356,proc,293,False
2371,proc,293,False
2369,proc,293,False
2370,proc,293,False
2392,proc,293,False
2387,proc,293,False
2393,proc,293,False
2395,proc,293,False
2394,proc,293,False
2410,proc,293,False
2409,proc,293,False
2407,proc,293,False
2406,proc,293,False
2408,proc,293,False
2424,proc,293,False
2425,proc,293,False
2423,proc,293,False
2421,proc,293,False
2422,proc,293,False
2440,proc,293,False
2439,proc,293,False
2438,proc,293,False
2437,proc,293,False
2436,proc,293,False
2455,proc,293,False
2454,proc,293,False
2453,proc,293,False
2452,proc,293,False
2451,proc,293,False
2470,proc,293,False
2469,proc,293,False
2467,proc,293,False
2466,proc,293,False
2468,proc,293,False
2484,proc,293,False
2482,proc,293,False
2483,proc,293,False
2481,proc,293,False
2487,proc,293,False
2490,proc,293,False
2497,proc,293,False
2499,proc,293,False
2498,proc,293,False
2514,proc,293,False
2506,proc,293,False
2513,proc,293,False
2511,proc,293,False
2512,proc,293,False
2529,proc,293,False
2528,proc,293,False
2527,proc,293,False
2525,proc,293,False
2526,proc,293,False
2544,proc,293,False
2543,proc,293,False
2542,proc,293,False
2540,proc,293,False
2541,proc,293,False
2559,proc,293,False
2553,proc,293,False
2558,proc,293,False
2557,proc,293,False
2556,proc,293,False
2735,proc,280,False
2731,proc,280,False
2723,proc,280,False
2722,proc,280,False
2721,proc,280,False
