node_name,type,appearance,importance
malware,file,353,True
uname,file,2,False
Memory Address,mem,38512,True
8192*1024 bytes,other,279,False
/proc/self/exe,file,281,False
1504,proc,689,True
status:0,other,880,True
"""/boot""",file,61,False
"""/var""",file,1,False
"""/var/run""",file,1,False
Timestamp,other,2797,False
Unknown,file,10664,True
/boot/puadmqbkrz,proc,184,True
1505,proc,4,True
Sleep Duration,other,2036,False
1507,proc,22373,False
Shared Memory:2,other,1,False
/etc/init.d/puadmqbkrz,file,13,True
/etc/cron.hourly/cron.sh,file,3,True
/proc/rs_dev,file,553,True
/etc/rc1.d/S90puadmqbkrz,file,2,True
/etc/rc2.d/S90puadmqbkrz,file,2,True
/etc/rc3.d/S90puadmqbkrz,file,2,True
/etc/rc4.d/S90puadmqbkrz,file,2,True
/etc/rc5.d/S90puadmqbkrz,file,2,True
/etc/rc.d/rc1.d/S90puadmqbkrz,file,2,True
/etc/rc.d/rc2.d/S90puadmqbkrz,file,2,True
/etc/rc.d/rc3.d/S90puadmqbkrz,file,2,True
/etc/rc.d/rc4.d/S90puadmqbkrz,file,2,True
/etc/rc.d/rc5.d/S90puadmqbkrz,file,2,True
1508,proc,4,True
1510,proc,4,True
sh,proc,24,True
/proc/stat,file,2,True
1514,proc,897,True
1515,proc,365,True
1516,proc,13,True
/boot/xkykncxiss,file,1097,True
1517,proc,4,True
1519,proc,4,True
1521,proc,4,True
1523,proc,4,True
1526,proc,4,True
/boot/gikicsdiyu,file,918,True
1560,proc,4,True
1562,proc,4,True
1564,proc,4,True
1566,proc,4,True
1568,proc,4,True
/boot/mvumjofhnz,file,1099,True
1574,proc,4,True
1576,proc,4,True
1578,proc,4,True
1580,proc,4,True
1582,proc,4,True
/boot/dntqapxvrw,file,1099,True
1593,proc,4,True
1595,proc,4,True
1597,proc,4,True
1599,proc,4,True
1601,proc,4,True
/boot/cdhougjxef,file,1099,True
1608,proc,4,True
1610,proc,4,True
1612,proc,4,True
1614,proc,4,True
1616,proc,4,True
/boot/gferbymhrk,file,737,True
1623,proc,4,True
1625,proc,4,True
1627,proc,4,True
1629,proc,4,True
1631,proc,4,True
/boot/dudmzrawgx,file,1099,True
1642,proc,4,True
1644,proc,4,True
1646,proc,4,True
1648,proc,4,True
1650,proc,4,True
/boot/usslmglzqw,file,1097,True
1657,proc,4,True
1659,proc,4,True
1661,proc,4,True
1663,proc,4,True
1665,proc,4,True
/boot/xxrhzzmgdj,file,1099,True
1672,proc,4,True
1674,proc,4,True
1676,proc,4,True
1678,proc,4,True
1680,proc,4,True
/boot/bkopojlfsh,file,1099,True
1688,proc,4,True
1690,proc,4,True
1692,proc,4,True
1694,proc,4,True
1696,proc,4,True
/boot/jjhlxtfhgy,file,1099,True
1722,proc,4,True
1724,proc,4,True
1726,proc,4,True
1728,proc,4,True
1730,proc,4,True
/boot/ywccrtujgr,file,1099,True
1785,proc,4,True
1787,proc,4,True
1789,proc,4,True
1791,proc,4,True
1793,proc,4,True
/boot/itghglcqfh,file,1099,True
1825,proc,4,True
1827,proc,4,True
1829,proc,4,True
1831,proc,4,True
1833,proc,4,True
/boot/fhsvxgvpmp,file,1091,True
1886,proc,4,True
1888,proc,4,True
1890,proc,4,True
1892,proc,4,True
1895,proc,4,True
/boot/ibzanuwzyw,file,1093,True
1901,proc,4,True
1903,proc,4,True
1905,proc,4,True
1907,proc,4,True
1909,proc,4,True
/boot/oifooogxqz,file,1093,True
1916,proc,4,True
1918,proc,4,True
1920,proc,4,True
1922,proc,4,True
1924,proc,4,True
/boot/btezehnylk,file,1093,True
1931,proc,4,True
1933,proc,4,True
1936,proc,4,True
1939,proc,4,True
1941,proc,4,True
/boot/ewsiyznvak,file,737,True
1946,proc,4,True
1948,proc,4,True
1950,proc,4,True
1952,proc,4,True
1954,proc,4,True
/boot/yspedmmafg,file,1093,True
1959,proc,4,True
1961,proc,4,True
1963,proc,4,True
1966,proc,4,True
1970,proc,4,True
/boot/bgwsfecuwh,file,1099,True
1974,proc,4,True
1976,proc,4,True
1978,proc,4,True
1980,proc,4,True
1982,proc,4,True
/boot/ofrzvubixl,file,1093,True
1989,proc,4,True
1991,proc,4,True
1993,proc,4,True
1996,proc,4,True
1998,proc,4,True
/boot/qvahufgtuk,file,737,True
2004,proc,4,True
2006,proc,4,True
2008,proc,4,True
2010,proc,4,True
2012,proc,4,True
/boot/wlfzqwriki,file,556,True
2017,proc,4,True
2019,proc,4,True
2021,proc,4,True
2023,proc,4,True
2025,proc,4,True
/boot/puczyckdjc,file,1099,True
2029,proc,4,True
2031,proc,4,True
2033,proc,4,True
2035,proc,4,True
2037,proc,4,True
/boot/oifyztxxcy,file,1099,True
2044,proc,4,True
2046,proc,4,True
2048,proc,4,True
2050,proc,4,True
2052,proc,4,True
/boot/reumzkfirb,file,1097,True
2059,proc,4,True
2061,proc,4,True
2063,proc,4,True
2065,proc,4,True
2070,proc,4,True
/boot/jmpskkmcns,file,914,True
2074,proc,4,True
2076,proc,4,True
2078,proc,4,True
2081,proc,4,True
2084,proc,4,True
/boot/cxzpmtkzxk,file,1093,True
2088,proc,4,True
2090,proc,4,True
2092,proc,4,True
2095,proc,4,True
2097,proc,4,True
/boot/jitgfbcayl,file,1099,True
2103,proc,4,True
2105,proc,4,True
2107,proc,4,True
2109,proc,4,True
2111,proc,4,True
/boot/hvyigusnrl,file,1091,True
2118,proc,4,True
2120,proc,4,True
2122,proc,4,True
2124,proc,4,True
2126,proc,4,True
/boot/fawerudqwu,file,735,True
2133,proc,4,True
2135,proc,4,True
2137,proc,4,True
2139,proc,4,True
2141,proc,4,True
/boot/efergdovor,file,1091,True
2146,proc,4,True
2148,proc,4,True
2151,proc,4,True
2153,proc,4,True
2155,proc,4,True
/boot/xcivtbedca,file,1097,True
2161,proc,4,True
2163,proc,4,True
2165,proc,4,True
2167,proc,4,True
2169,proc,4,True
/boot/garriwwlsj,file,916,True
2176,proc,4,True
2178,proc,4,True
2180,proc,4,True
2182,proc,4,True
2185,proc,4,True
/boot/immgccszra,file,1091,True
2190,proc,4,True
2192,proc,4,True
2194,proc,4,True
2196,proc,4,True
2198,proc,4,True
/boot/yvkrgemuxx,file,916,True
2205,proc,4,True
2207,proc,4,True
2209,proc,4,True
2211,proc,4,True
2214,proc,4,True
/boot/megudmvevu,file,1093,True
2219,proc,4,True
2221,proc,4,True
2223,proc,4,True
2226,proc,4,True
2230,proc,4,True
/boot/mjggzylqbr,file,1099,True
2234,proc,4,True
2236,proc,4,True
2238,proc,4,True
2240,proc,4,True
2242,proc,4,True
/boot/juwuxfdddq,file,918,True
2249,proc,4,True
2251,proc,4,True
2253,proc,4,True
2255,proc,4,True
2257,proc,4,True
/boot/nrrzldzltt,file,556,True
2263,proc,4,True
2265,proc,4,True
2267,proc,4,True
2269,proc,4,True
2271,proc,4,True
/boot/uohtoqwwkj,file,1099,True
2275,proc,4,True
2277,proc,4,True
2279,proc,4,True
2281,proc,4,True
2283,proc,4,True
/boot/czsdkwiykz,file,1095,True
2290,proc,4,True
2292,proc,4,True
2294,proc,4,True
2296,proc,4,True
2298,proc,4,True
/boot/osrvutglza,file,918,True
2305,proc,4,True
2307,proc,4,True
2309,proc,4,True
2311,proc,4,True
2313,proc,4,True
/boot/zoetyelqfq,file,1093,True
2319,proc,4,True
2321,proc,4,True
2323,proc,4,True
2325,proc,4,True
2328,proc,4,True
/boot/olvqxbqjnn,file,1091,True
2334,proc,4,True
2336,proc,4,True
2338,proc,4,True
2341,proc,4,True
2345,proc,4,True
/boot/siaksvdxji,file,1099,True
2349,proc,4,True
2351,proc,4,True
2353,proc,4,True
2355,proc,4,True
2357,proc,4,True
/boot/bwtfvdrdma,file,375,True
2364,proc,4,True
2366,proc,4,True
2368,proc,4,True
2370,proc,4,True
2372,proc,4,True
/boot/jegvxmxypr,file,1093,True
2375,proc,4,True
2377,proc,4,True
2379,proc,4,True
2381,proc,4,True
2384,proc,4,True
/boot/jgkegbdtxe,file,1093,True
2416,proc,4,True
2418,proc,4,True
2420,proc,4,True
2422,proc,4,True
2424,proc,4,True
/boot/emuezheolq,file,1093,True
2431,proc,4,True
2433,proc,4,True
2435,proc,4,True
2438,proc,4,True
2440,proc,4,True
/boot/ckqraqhxix,file,1097,True
2446,proc,4,True
2448,proc,4,True
2450,proc,4,True
2452,proc,4,True
2454,proc,4,True
/boot/rtzbdwwevb,file,1091,True
2461,proc,4,True
2463,proc,4,True
2465,proc,4,True
2467,proc,4,True
2470,proc,4,True
/boot/lhyyklratp,file,1093,True
2476,proc,4,True
2478,proc,4,True
2480,proc,4,True
2482,proc,4,True
2484,proc,4,True
/boot/ifqrnzcyzh,file,914,True
2491,proc,4,True
2493,proc,4,True
2495,proc,4,True
2497,proc,4,True
2499,proc,4,True
/boot/zezzprdkgx,file,1093,True
2505,proc,4,True
2507,proc,4,True
2509,proc,4,True
2511,proc,4,True
2513,proc,4,True
/boot/pdylqykphk,file,1091,True
2520,proc,4,True
2522,proc,4,True
2524,proc,4,True
2526,proc,4,True
2529,proc,4,True
/boot/zxucinyhyz,file,918,True
2535,proc,4,True
2537,proc,4,True
2539,proc,4,True
2541,proc,4,True
2543,proc,4,True
/boot/fvmcmymavz,file,1091,True
2549,proc,4,True
2551,proc,4,True
2553,proc,4,True
2555,proc,4,True
2557,proc,4,True
/boot/cmbiopurlb,file,1099,True
2714,proc,4,True
2716,proc,4,True
2718,proc,4,True
2720,proc,4,True
2722,proc,4,True
/boot/sslmyfkjsh,file,1094,True
2762,proc,4,True
2764,proc,4,True
2766,proc,4,True
2768,proc,4,True
2770,proc,4,True
chkconfig,proc,2,True
update-rc.d,proc,88,True
ID,other,24,False
/usr/local/share/perl/5.26.0,file,1,False
/etc/perl/strict.pmc,file,1,False
/etc/perl/strict.pm,file,1,False
/usr/local/share/perl/5.26.1/strict.pmc,file,1,False
/usr/local/share/perl/5.26.1/strict.pm,file,1,False
/usr/share/perl5/strict.pmc,file,1,False
/usr/share/perl5/strict.pm,file,1,False
/usr/share/perl/5.26/strict.pmc,file,1,False
/usr/share/perl/5.26/strict.pm,file,1,False
/etc/perl/warnings.pmc,file,1,False
/etc/perl/warnings.pm,file,1,False
/usr/local/share/perl/5.26.1/warnings.pmc,file,1,False
/usr/local/share/perl/5.26.1/warnings.pm,file,1,False
/usr/share/perl5/warnings.pmc,file,1,False
/usr/share/perl5/warnings.pm,file,1,False
/usr/share/perl/5.26/warnings.pmc,file,1,False
/usr/share/perl/5.26/warnings.pm,file,1,False
/etc/perl/File/Glob.pmc,file,1,False
/etc/perl/File/Glob.pm,file,1,False
/usr/local/share/perl/5.26.1/File/Glob.pmc,file,1,False
/usr/local/share/perl/5.26.1/File/Glob.pm,file,1,False
/usr/share/perl5/File/Glob.pmc,file,1,False
/usr/share/perl5/File/Glob.pm,file,1,False
/etc/perl/XSLoader.pmc,file,1,False
/etc/perl/XSLoader.pm,file,1,False
/usr/local/share/perl/5.26.1/XSLoader.pmc,file,1,False
/usr/local/share/perl/5.26.1/XSLoader.pm,file,1,False
/usr/share/perl5/XSLoader.pmc,file,1,False
/usr/share/perl5/XSLoader.pm,file,1,False
/usr/share/perl/5.26/XSLoader.pmc,file,1,False
/usr/share/perl/5.26/XSLoader.pm,file,1,False
/sbin/insserv,file,1,False
/sbin/openrc,file,1,False
"""/etc/rc4.d/S90puadmqbkrz""",file,1,False
"""/etc/rc3.d/S90puadmqbkrz""",file,1,False
"""/etc/rc2.d/S90puadmqbkrz""",file,1,False
"""/etc/rc1.d/S90puadmqbkrz""",file,1,False
"""/etc/rc5.d/S90puadmqbkrz""",file,1,False
/run/systemd/system,file,1,False
Pipe 3 : read end from Pipe 4,other,1,False
Pipe 4 : write end to Pipe 3,other,1,False
systemctl,proc,94,False
/prober,file,1,False
.,file,1,False
/bin/sed,file,1,False
sed,proc,49,False
NO_PID,proc,1,False
/sys/fs/selinux,file,2,False
/selinux,file,2,False
/etc/selinux/config,file,2,False
/etc/crontab,file,2,True
Permission:0700,other,1,True
Permission:022,other,1,True
/etc/sedaR4ZFU,file,20,True
"""/var/run/sftp.pid""",file,299,False
/var/run/sftp.pid,file,4,True
"""/boot/puadmqbkrz""",file,298,False
103.25.9.228:53,net,51,True
8.8.8.8:53,net,50,True
0.0.0.0:8005,net,48,True
66.102.253.30:8005,net,12,True
103.240.141.50:8005,net,12,True
103.25.9.245:8005,net,12,True
0.0.0.0:80,net,2,True
1532,proc,327,False
1530,proc,327,False
1525,proc,327,False
1528,proc,327,False
/proc/1507/exe,file,1624,False
1531,proc,327,False
/proc/vz,file,1,False
" ""/proc/1/root""",file,1,False
" ""/""",file,1,False
" ""/run/systemd/system/""",file,1,False
1573,proc,327,False
1571,proc,327,False
1570,proc,327,False
1572,proc,327,False
1588,proc,327,False
1587,proc,327,False
1586,proc,327,False
1584,proc,327,False
1585,proc,327,False
1607,proc,327,False
1606,proc,327,False
1605,proc,327,False
1603,proc,327,False
1604,proc,327,False
1622,proc,327,False
1621,proc,327,False
1620,proc,327,False
1619,proc,327,False
1618,proc,327,False
1635,proc,327,False
1633,proc,327,False
1634,proc,327,False
1655,proc,327,False
1656,proc,327,False
1654,proc,327,False
1653,proc,327,False
1652,proc,327,False
1671,proc,327,False
1670,proc,327,False
1667,proc,327,False
1668,proc,327,False
1669,proc,327,False
1686,proc,327,False
1684,proc,327,False
1683,proc,327,False
1682,proc,327,False
1685,proc,327,False
1702,proc,327,False
1701,proc,327,False
1700,proc,327,False
1699,proc,327,False
1698,proc,327,False
1736,proc,327,False
1735,proc,327,False
1734,proc,327,False
1733,proc,327,False
1732,proc,327,False
1799,proc,327,False
1798,proc,327,False
1797,proc,327,False
1795,proc,327,False
1796,proc,327,False
1881,proc,327,False
1885,proc,327,False
1857,proc,327,False
1836,proc,327,False
1835,proc,327,False
1894,proc,327,False
1896,proc,327,False
1898,proc,327,False
1900,proc,327,False
1899,proc,327,False
1910,proc,327,False
1912,proc,327,False
1915,proc,327,False
1914,proc,327,False
1913,proc,327,False
1926,proc,327,False
1927,proc,327,False
1930,proc,327,False
1929,proc,327,False
1928,proc,327,False
1938,proc,327,False
1935,proc,327,False
1945,proc,327,False
1944,proc,327,False
1943,proc,327,False
1957,proc,327,False
1958,proc,327,False
1956,proc,327,False
1973,proc,327,False
1965,proc,327,False
1968,proc,327,False
1969,proc,327,False
1972,proc,324,False
1988,proc,327,False
1986,proc,327,False
1985,proc,327,False
1987,proc,327,False
1984,proc,324,False
1995,proc,327,False
2000,proc,327,False
2003,proc,327,False
2001,proc,327,False
2002,proc,327,False
2016,proc,327,False
2014,proc,327,False
2015,proc,327,False
2028,proc,327,False
2027,proc,327,False
2042,proc,327,False
2043,proc,327,False
2041,proc,327,False
2039,proc,327,False
2040,proc,327,False
2058,proc,327,False
2057,proc,327,False
2056,proc,327,False
2054,proc,327,False
2055,proc,327,False
2072,proc,327,False
2068,proc,327,False
2069,proc,327,False
2067,proc,327,False
2073,proc,327,False
2086,proc,327,False
2080,proc,327,False
2083,proc,327,False
2087,proc,327,False
2102,proc,327,False
2094,proc,327,False
2101,proc,327,False
2100,proc,327,False
2099,proc,327,False
2117,proc,327,False
2116,proc,327,False
2115,proc,327,False
2113,proc,327,False
2114,proc,327,False
2127,proc,327,False
2132,proc,327,False
2131,proc,327,False
2130,proc,327,False
2129,proc,327,False
2145,proc,327,False
2143,proc,327,False
2144,proc,327,False
2150,proc,327,False
2160,proc,327,False
2159,proc,327,False
2158,proc,327,False
2157,proc,327,False
2175,proc,327,False
2174,proc,327,False
2172,proc,327,False
2171,proc,327,False
2173,proc,327,False
2188,proc,327,False
2184,proc,327,False
2189,proc,327,False
2187,proc,327,False
2201,proc,327,False
2200,proc,327,False
2203,proc,327,False
2204,proc,327,False
2202,proc,327,False
2216,proc,327,False
2217,proc,327,False
2213,proc,327,False
2218,proc,327,False
2232,proc,327,False
2225,proc,327,False
2229,proc,327,False
2228,proc,327,False
2233,proc,324,False
2248,proc,327,False
2247,proc,327,False
2246,proc,327,False
2244,proc,327,False
2245,proc,327,False
2262,proc,327,False
2260,proc,327,False
2261,proc,327,False
2259,proc,327,False
2274,proc,327,False
2273,proc,327,False
2289,proc,327,False
2288,proc,327,False
2287,proc,327,False
2285,proc,327,False
2286,proc,327,False
2304,proc,327,False
2303,proc,327,False
2299,proc,327,False
2302,proc,327,False
2301,proc,327,False
2318,proc,327,False
2317,proc,327,False
2315,proc,327,False
2316,proc,327,False
2333,proc,327,False
2327,proc,327,False
2330,proc,327,False
2331,proc,327,False
2332,proc,327,False
2339,proc,327,False
2347,proc,327,False
2344,proc,327,False
2343,proc,327,False
2348,proc,327,False
2363,proc,327,False
2362,proc,327,False
2361,proc,327,False
2360,proc,327,False
2359,proc,327,False
2374,proc,327,False
2383,proc,327,False
2389,proc,327,False
2387,proc,327,False
2388,proc,327,False
2386,proc,327,False
2430,proc,327,False
2426,proc,327,False
2429,proc,327,False
2428,proc,327,False
2427,proc,327,False
2437,proc,327,False
2442,proc,327,False
2445,proc,327,False
2444,proc,327,False
2443,proc,327,False
2460,proc,327,False
2459,proc,327,False
2456,proc,327,False
2457,proc,327,False
2458,proc,327,False
2469,proc,327,False
2475,proc,327,False
2472,proc,327,False
2474,proc,327,False
2473,proc,327,False
2486,proc,327,False
2487,proc,327,False
2490,proc,327,False
2488,proc,327,False
2489,proc,327,False
2501,proc,327,False
2502,proc,327,False
2503,proc,327,False
2504,proc,324,False
2515,proc,327,False
2517,proc,327,False
2519,proc,327,False
2518,proc,327,False
2516,proc,327,False
2528,proc,324,False
2534,proc,327,False
2533,proc,327,False
2532,proc,327,False
2531,proc,327,False
2548,proc,327,False
2547,proc,327,False
2546,proc,327,False
2545,proc,327,False
2558,proc,327,False
2560,proc,327,False
2561,proc,327,False
2563,proc,327,False
2562,proc,327,False
2728,proc,327,False
2727,proc,327,False
2726,proc,327,False
2725,proc,327,False
2724,proc,327,False
2775,proc,313,False
2776,proc,313,False
2774,proc,313,False
2773,proc,313,False
2772,proc,313,False
