node_name,type,appearance,importance
malware,file,353,True
uname,file,2,False
Memory Address,mem,40329,True
8192*1024 bytes,other,292,False
/proc/self/exe,file,294,False
1521,proc,689,True
status:0,other,893,True
"""/boot""",file,61,False
"""/var""",file,1,False
"""/var/run""",file,1,False
Timestamp,other,2895,False
Unknown,file,10677,True
/boot/xowhhcgure,proc,184,True
1522,proc,4,True
Sleep Duration,other,2117,False
1524,proc,22345,False
Shared Memory:2,other,1,False
/etc/init.d/xowhhcgure,file,13,True
/etc/cron.hourly/cron.sh,file,3,True
/proc/rs_dev,file,579,True
/etc/rc1.d/S90xowhhcgure,file,2,True
/etc/rc2.d/S90xowhhcgure,file,2,True
/etc/rc3.d/S90xowhhcgure,file,2,True
/etc/rc4.d/S90xowhhcgure,file,2,True
/etc/rc5.d/S90xowhhcgure,file,2,True
/etc/rc.d/rc1.d/S90xowhhcgure,file,2,True
/etc/rc.d/rc2.d/S90xowhhcgure,file,2,True
/etc/rc.d/rc3.d/S90xowhhcgure,file,2,True
/etc/rc.d/rc4.d/S90xowhhcgure,file,2,True
/etc/rc.d/rc5.d/S90xowhhcgure,file,2,True
1525,proc,4,True
1527,proc,4,True
sh,proc,24,True
/proc/stat,file,2,True
1531,proc,897,True
1532,proc,363,True
1533,proc,13,True
/boot/xjmoobvkib,file,918,True
1534,proc,4,True
1536,proc,4,True
1538,proc,4,True
1540,proc,4,True
1542,proc,4,True
/boot/lmfcwbopwc,file,1093,True
1577,proc,4,True
1579,proc,4,True
1581,proc,4,True
1583,proc,4,True
1585,proc,4,True
/boot/ozzdevyebi,file,1093,True
1592,proc,4,True
1594,proc,4,True
1596,proc,4,True
1598,proc,4,True
1601,proc,4,True
/boot/idpforxbdr,file,1093,True
1611,proc,4,True
1613,proc,4,True
1615,proc,4,True
1617,proc,4,True
1619,proc,4,True
/boot/xqpytpqwyn,file,1099,True
1626,proc,4,True
1628,proc,4,True
1630,proc,4,True
1632,proc,4,True
1634,proc,4,True
/boot/tuycypcvcl,file,918,True
1641,proc,4,True
1643,proc,4,True
1645,proc,4,True
1647,proc,4,True
1649,proc,4,True
/boot/fywgqvshjh,file,737,True
1660,proc,4,True
1662,proc,4,True
1664,proc,4,True
1666,proc,4,True
1668,proc,4,True
/boot/xejlbpnocz,file,1093,True
1673,proc,4,True
1675,proc,4,True
1677,proc,4,True
1680,proc,4,True
1682,proc,4,True
/boot/maakvjyznj,file,1099,True
1688,proc,4,True
1690,proc,4,True
1692,proc,4,True
1694,proc,4,True
1696,proc,4,True
/boot/dsczxhuhlz,file,1093,True
1704,proc,4,True
1706,proc,4,True
1708,proc,4,True
1710,proc,4,True
1713,proc,4,True
/boot/qziiylmppm,file,1099,True
1738,proc,4,True
1740,proc,4,True
1742,proc,4,True
1744,proc,4,True
1746,proc,4,True
/boot/bpudzvlece,file,1099,True
1801,proc,4,True
1803,proc,4,True
1805,proc,4,True
1807,proc,4,True
1809,proc,4,True
/boot/prudpvvvto,file,1099,True
1841,proc,4,True
1843,proc,4,True
1845,proc,4,True
1847,proc,4,True
1849,proc,4,True
/boot/swmmmdlhzy,file,916,True
1856,proc,4,True
1858,proc,4,True
1860,proc,4,True
1862,proc,4,True
1864,proc,4,True
/boot/lqewwiyppi,file,1093,True
1870,proc,4,True
1872,proc,4,True
1874,proc,4,True
1877,proc,4,True
1879,proc,4,True
/boot/yidpajidvr,file,1095,True
1885,proc,4,True
1887,proc,4,True
1890,proc,4,True
1892,proc,4,True
1894,proc,4,True
/boot/updawhqgmx,file,1093,True
1900,proc,4,True
1902,proc,4,True
1904,proc,4,True
1907,proc,4,True
1912,proc,4,True
/boot/pbztplmkut,file,1093,True
1915,proc,4,True
1917,proc,4,True
1919,proc,4,True
1922,proc,4,True
1925,proc,4,True
/boot/vaftraczxq,file,1099,True
1976,proc,4,True
1978,proc,4,True
1980,proc,4,True
1982,proc,4,True
1984,proc,4,True
/boot/tomcxqafhv,file,1091,True
1991,proc,4,True
1993,proc,4,True
1996,proc,4,True
1998,proc,4,True
2001,proc,4,True
/boot/mwofcvseqq,file,1093,True
2006,proc,4,True
2008,proc,4,True
2010,proc,4,True
2013,proc,4,True
2016,proc,4,True
/boot/odoszevzek,file,1099,True
2021,proc,4,True
2023,proc,4,True
2025,proc,4,True
2027,proc,4,True
2029,proc,4,True
/boot/neoanracyl,file,1099,True
2036,proc,4,True
2038,proc,4,True
2040,proc,4,True
2042,proc,4,True
2044,proc,4,True
/boot/isynsxloob,file,1093,True
2051,proc,4,True
2053,proc,4,True
2055,proc,4,True
2058,proc,4,True
2060,proc,4,True
/boot/dvrptqnfex,file,918,True
2066,proc,4,True
2068,proc,4,True
2070,proc,4,True
2072,proc,4,True
2074,proc,4,True
/boot/iyqabitzxq,file,1093,True
2080,proc,4,True
2082,proc,4,True
2084,proc,4,True
2086,proc,4,True
2088,proc,4,True
/boot/hpsparwxgy,file,737,True
2095,proc,4,True
2097,proc,4,True
2099,proc,4,True
2101,proc,4,True
2103,proc,4,True
/boot/fxycnbizng,file,735,True
2108,proc,4,True
2110,proc,4,True
2112,proc,4,True
2114,proc,4,True
2116,proc,4,True
/boot/ihtpatufgr,file,1093,True
2121,proc,4,True
2123,proc,4,True
2125,proc,4,True
2127,proc,4,True
2129,proc,4,True
/boot/lsqdsjddkj,file,1099,True
2136,proc,4,True
2138,proc,4,True
2140,proc,4,True
2142,proc,4,True
2144,proc,4,True
/boot/dowlorerjs,file,737,True
2151,proc,4,True
2153,proc,4,True
2155,proc,4,True
2157,proc,4,True
2159,proc,4,True
/boot/qijaccscvx,file,1093,True
2164,proc,4,True
2166,proc,4,True
2168,proc,4,True
2170,proc,4,True
2172,proc,4,True
/boot/jdbwrxzivp,file,1093,True
2179,proc,4,True
2181,proc,4,True
2183,proc,4,True
2185,proc,4,True
2187,proc,4,True
/boot/sgsaigxgtl,file,914,True
2194,proc,4,True
2196,proc,4,True
2198,proc,4,True
2200,proc,4,True
2203,proc,4,True
/boot/npddphazuz,file,1099,True
2208,proc,4,True
2210,proc,4,True
2212,proc,4,True
2214,proc,4,True
2216,proc,4,True
/boot/xvkwfwmups,file,1091,True
2223,proc,4,True
2225,proc,4,True
2227,proc,4,True
2229,proc,4,True
2231,proc,4,True
/boot/qrnzjvtoam,file,1097,True
2238,proc,4,True
2240,proc,4,True
2242,proc,4,True
2244,proc,4,True
2246,proc,4,True
/boot/swlogvoixg,file,1099,True
2253,proc,4,True
2255,proc,4,True
2257,proc,4,True
2259,proc,4,True
2261,proc,4,True
/boot/bqnfmwrytm,file,1095,True
2268,proc,4,True
2270,proc,4,True
2272,proc,4,True
2274,proc,4,True
2276,proc,4,True
/boot/gtkntuaqql,file,1099,True
2283,proc,4,True
2285,proc,4,True
2287,proc,4,True
2289,proc,4,True
2291,proc,4,True
/boot/mjtjjmpumz,file,1093,True
2298,proc,4,True
2300,proc,4,True
2302,proc,4,True
2304,proc,4,True
2307,proc,4,True
/boot/hkvspgvzqs,file,1091,True
2313,proc,4,True
2316,proc,4,True
2319,proc,4,True
2321,proc,4,True
2323,proc,4,True
/boot/mrmcvgitnw,file,1093,True
2328,proc,4,True
2330,proc,4,True
2332,proc,4,True
2334,proc,4,True
2337,proc,4,True
/boot/xprnohsjnw,file,1099,True
2343,proc,4,True
2345,proc,4,True
2347,proc,4,True
2349,proc,4,True
2351,proc,4,True
/boot/fejwryxnpd,file,1099,True
2358,proc,4,True
2360,proc,4,True
2362,proc,4,True
2364,proc,4,True
2366,proc,4,True
/boot/zsvziwjmao,file,1093,True
2373,proc,4,True
2375,proc,4,True
2377,proc,4,True
2379,proc,4,True
2381,proc,4,True
/boot/etqamwpbfg,file,1093,True
2388,proc,4,True
2390,proc,4,True
2392,proc,4,True
2394,proc,4,True
2397,proc,4,True
/boot/atlnkyuvsu,file,1093,True
2412,proc,4,True
2414,proc,4,True
2416,proc,4,True
2418,proc,4,True
2421,proc,4,True
/boot/bobgraiqxy,file,1099,True
2427,proc,4,True
2429,proc,4,True
2431,proc,4,True
2433,proc,4,True
2435,proc,4,True
/boot/tejkqgcgyh,file,1093,True
2442,proc,4,True
2444,proc,4,True
2446,proc,4,True
2449,proc,4,True
2451,proc,4,True
/boot/nljllzffjn,file,1095,True
2457,proc,4,True
2459,proc,4,True
2461,proc,4,True
2464,proc,4,True
2467,proc,4,True
/boot/uortbdzjqm,file,1099,True
2472,proc,4,True
2474,proc,4,True
2476,proc,4,True
2478,proc,4,True
2480,proc,4,True
/boot/lhwrhkhwic,file,1095,True
2487,proc,4,True
2489,proc,4,True
2491,proc,4,True
2493,proc,4,True
2496,proc,4,True
/boot/kmlugrcabk,file,1093,True
2502,proc,4,True
2504,proc,4,True
2506,proc,4,True
2509,proc,4,True
2511,proc,4,True
/boot/fxmzwcnrjc,file,1093,True
2534,proc,4,True
2536,proc,4,True
2538,proc,4,True
2540,proc,4,True
2542,proc,4,True
/boot/zxippdyecv,file,1099,True
2549,proc,4,True
2551,proc,4,True
2553,proc,4,True
2555,proc,4,True
2557,proc,4,True
/boot/utfhygfotk,file,1099,True
2564,proc,4,True
2566,proc,4,True
2568,proc,4,True
2570,proc,4,True
2572,proc,4,True
/boot/bzlwqqnotv,file,1093,True
2579,proc,4,True
2581,proc,4,True
2583,proc,4,True
2586,proc,4,True
2588,proc,4,True
/boot/egtmdbfmng,file,1099,True
2744,proc,4,True
2746,proc,4,True
2748,proc,4,True
2750,proc,4,True
2752,proc,4,True
/boot/likiknpugk,file,1094,True
2792,proc,4,True
2794,proc,4,True
2796,proc,4,True
2798,proc,4,True
2800,proc,4,True
chkconfig,proc,2,True
update-rc.d,proc,88,True
ID,other,24,False
/usr/local/share/perl/5.26.0,file,1,False
/etc/perl/strict.pmc,file,1,False
/etc/perl/strict.pm,file,1,False
/usr/local/share/perl/5.26.1/strict.pmc,file,1,False
/usr/local/share/perl/5.26.1/strict.pm,file,1,False
/usr/share/perl5/strict.pmc,file,1,False
/usr/share/perl5/strict.pm,file,1,False
/usr/share/perl/5.26/strict.pmc,file,1,False
/usr/share/perl/5.26/strict.pm,file,1,False
/etc/perl/warnings.pmc,file,1,False
/etc/perl/warnings.pm,file,1,False
/usr/local/share/perl/5.26.1/warnings.pmc,file,1,False
/usr/local/share/perl/5.26.1/warnings.pm,file,1,False
/usr/share/perl5/warnings.pmc,file,1,False
/usr/share/perl5/warnings.pm,file,1,False
/usr/share/perl/5.26/warnings.pmc,file,1,False
/usr/share/perl/5.26/warnings.pm,file,1,False
/etc/perl/File/Glob.pmc,file,1,False
/etc/perl/File/Glob.pm,file,1,False
/usr/local/share/perl/5.26.1/File/Glob.pmc,file,1,False
/usr/local/share/perl/5.26.1/File/Glob.pm,file,1,False
/usr/share/perl5/File/Glob.pmc,file,1,False
/usr/share/perl5/File/Glob.pm,file,1,False
/etc/perl/XSLoader.pmc,file,1,False
/etc/perl/XSLoader.pm,file,1,False
/usr/local/share/perl/5.26.1/XSLoader.pmc,file,1,False
/usr/local/share/perl/5.26.1/XSLoader.pm,file,1,False
/usr/share/perl5/XSLoader.pmc,file,1,False
/usr/share/perl5/XSLoader.pm,file,1,False
/usr/share/perl/5.26/XSLoader.pmc,file,1,False
/usr/share/perl/5.26/XSLoader.pm,file,1,False
/sbin/insserv,file,1,False
/sbin/openrc,file,1,False
"""/etc/rc4.d/S90xowhhcgure""",file,1,False
"""/etc/rc3.d/S90xowhhcgure""",file,1,False
"""/etc/rc2.d/S90xowhhcgure""",file,1,False
"""/etc/rc1.d/S90xowhhcgure""",file,1,False
"""/etc/rc5.d/S90xowhhcgure""",file,1,False
/run/systemd/system,file,1,False
Pipe 3 : read end from Pipe 4,other,1,False
Pipe 4 : write end to Pipe 3,other,1,False
systemctl,proc,94,False
/prober,file,1,False
.,file,1,False
/bin/sed,file,1,False
sed,proc,49,False
NO_PID,proc,1,False
/sys/fs/selinux,file,2,False
/selinux,file,2,False
/etc/selinux/config,file,2,False
/etc/crontab,file,2,True
Permission:0700,other,1,True
Permission:022,other,1,True
/etc/sedzSaMT5,file,20,True
"""/var/run/sftp.pid""",file,299,False
/var/run/sftp.pid,file,4,True
"""/boot/xowhhcgure""",file,298,False
103.25.9.228:53,net,51,True
8.8.8.8:53,net,50,True
0.0.0.0:8005,net,48,True
66.102.253.30:8005,net,12,True
103.240.141.50:8005,net,12,True
103.25.9.245:8005,net,12,True
0.0.0.0:80,net,2,True
1548,proc,327,False
1544,proc,327,False
1545,proc,327,False
1547,proc,327,False
/proc/1524/exe,file,1705,False
/proc/vz,file,1,False
" ""/proc/1/root""",file,1,False
" ""/""",file,1,False
" ""/run/systemd/system/""",file,1,False
1591,proc,327,False
1587,proc,327,False
1590,proc,327,False
1588,proc,327,False
1589,proc,327,False
1606,proc,327,False
1599,proc,327,False
1605,proc,327,False
1604,proc,327,False
1603,proc,327,False
1625,proc,327,False
1621,proc,327,False
1624,proc,327,False
1623,proc,327,False
1622,proc,327,False
1640,proc,327,False
1639,proc,327,False
1638,proc,327,False
1637,proc,327,False
1636,proc,327,False
1654,proc,327,False
1652,proc,327,False
1651,proc,327,False
1653,proc,327,False
1672,proc,327,False
1671,proc,327,False
1670,proc,327,False
1687,proc,327,False
1679,proc,327,False
1686,proc,327,False
1684,proc,327,False
1685,proc,327,False
1702,proc,327,False
1701,proc,327,False
1700,proc,327,False
1699,proc,327,False
1698,proc,327,False
1712,proc,327,False
1718,proc,327,False
1717,proc,327,False
1716,proc,327,False
1715,proc,327,False
1752,proc,327,False
1751,proc,327,False
1750,proc,327,False
1749,proc,327,False
1748,proc,327,False
1815,proc,327,False
1814,proc,327,False
1813,proc,327,False
1811,proc,327,False
1812,proc,327,False
1855,proc,327,False
1852,proc,327,False
1854,proc,327,False
1851,proc,327,False
1853,proc,327,False
1868,proc,327,False
1866,proc,327,False
1867,proc,327,False
1869,proc,327,False
1884,proc,327,False
1876,proc,327,False
1883,proc,327,False
1881,proc,327,False
1882,proc,324,False
1896,proc,327,False
1889,proc,327,False
1897,proc,327,False
1899,proc,327,False
1898,proc,327,False
1909,proc,327,False
1910,proc,327,False
1906,proc,327,False
1911,proc,327,False
1914,proc,327,False
1924,proc,327,False
1927,proc,327,False
1921,proc,327,False
1929,proc,327,False
1928,proc,327,False
1990,proc,327,False
1989,proc,327,False
1987,proc,327,False
1988,proc,327,False
1986,proc,327,False
1995,proc,327,False
2005,proc,327,False
2000,proc,327,False
2003,proc,327,False
2004,proc,327,False
2012,proc,327,False
2018,proc,327,False
2019,proc,327,False
2015,proc,327,False
2020,proc,327,False
2035,proc,327,False
2034,proc,327,False
2033,proc,327,False
2032,proc,327,False
2031,proc,327,False
2050,proc,327,False
2049,proc,327,False
2048,proc,327,False
2047,proc,327,False
2046,proc,327,False
2057,proc,327,False
2062,proc,327,False
2065,proc,327,False
2064,proc,327,False
2063,proc,327,False
2079,proc,327,False
2078,proc,327,False
2077,proc,327,False
2076,proc,327,False
2094,proc,327,False
2089,proc,327,False
2093,proc,327,False
2092,proc,327,False
2091,proc,327,False
2107,proc,327,False
2106,proc,327,False
2105,proc,327,False
2120,proc,327,False
2118,proc,327,False
2119,proc,327,False
2131,proc,327,False
2134,proc,327,False
2135,proc,327,False
2133,proc,327,False
2132,proc,327,False
2150,proc,327,False
2149,proc,327,False
2148,proc,327,False
2146,proc,327,False
2147,proc,327,False
2163,proc,327,False
2161,proc,324,False
2162,proc,327,False
2174,proc,327,False
2178,proc,327,False
2175,proc,327,False
2177,proc,327,False
2176,proc,327,False
2189,proc,327,False
2192,proc,327,False
2193,proc,327,False
2191,proc,327,False
2190,proc,327,False
2206,proc,327,False
2202,proc,327,False
2207,proc,327,False
2205,proc,327,False
2222,proc,327,False
2221,proc,327,False
2219,proc,327,False
2218,proc,327,False
2220,proc,327,False
2234,proc,327,False
2237,proc,327,False
2233,proc,327,False
2236,proc,327,False
2235,proc,327,False
2252,proc,327,False
2251,proc,327,False
2250,proc,327,False
2248,proc,327,False
2249,proc,327,False
2267,proc,327,False
2266,proc,327,False
2263,proc,327,False
2264,proc,327,False
2265,proc,327,False
2282,proc,327,False
2277,proc,327,False
2279,proc,327,False
2281,proc,327,False
2280,proc,327,False
2297,proc,327,False
2295,proc,327,False
2296,proc,327,False
2294,proc,327,False
2293,proc,327,False
2306,proc,327,False
2309,proc,327,False
2312,proc,327,False
2311,proc,327,False
2310,proc,327,False
2315,proc,327,False
2318,proc,327,False
2327,proc,327,False
2326,proc,327,False
2325,proc,327,False
2342,proc,327,False
2336,proc,327,False
2341,proc,327,False
2340,proc,327,False
2339,proc,327,False
2357,proc,327,False
2356,proc,327,False
2355,proc,327,False
2353,proc,327,False
2354,proc,327,False
2372,proc,327,False
2371,proc,327,False
2370,proc,327,False
2369,proc,327,False
2368,proc,327,False
2387,proc,327,False
2383,proc,327,False
2386,proc,327,False
2385,proc,327,False
2384,proc,327,False
2396,proc,327,False
2400,proc,327,False
2399,proc,327,False
2402,proc,327,False
2401,proc,327,False
2420,proc,327,False
2423,proc,327,False
2426,proc,327,False
2425,proc,327,False
2424,proc,327,False
2441,proc,327,False
2440,proc,327,False
2439,proc,327,False
2437,proc,327,False
2438,proc,327,False
2448,proc,327,False
2455,proc,327,False
2456,proc,327,False
2453,proc,327,False
2454,proc,327,False
2469,proc,327,False
2465,proc,327,False
2463,proc,327,False
2471,proc,327,False
2470,proc,327,False
2486,proc,327,False
2485,proc,327,False
2484,proc,327,False
2482,proc,327,False
2483,proc,327,False
2501,proc,327,False
2495,proc,327,False
2500,proc,327,False
2498,proc,327,False
2499,proc,327,False
2516,proc,327,False
2508,proc,327,False
2515,proc,327,False
2513,proc,327,False
2514,proc,327,False
2548,proc,327,False
2543,proc,327,False
2546,proc,327,False
2547,proc,327,False
2545,proc,327,False
2563,proc,327,False
2562,proc,327,False
2561,proc,327,False
2560,proc,327,False
2559,proc,327,False
2578,proc,327,False
2577,proc,327,False
2576,proc,327,False
2575,proc,327,False
2574,proc,327,False
2585,proc,327,False
2590,proc,327,False
2593,proc,327,False
2591,proc,327,False
2592,proc,327,False
2757,proc,327,False
2758,proc,327,False
2756,proc,327,False
2754,proc,327,False
2755,proc,327,False
2806,proc,313,False
2805,proc,313,False
2804,proc,313,False
2802,proc,313,False
2803,proc,313,False
