node_name,type,appearance,importance
malware,file,339,True
uname,file,2,False
Memory Address,mem,38339,True
8192*1024 bytes,other,290,False
/proc/self/exe,file,292,False
1514,proc,661,True
status:0,other,891,True
"""/boot""",file,61,False
"""/var""",file,1,False
"""/var/run""",file,1,False
Timestamp,other,2867,False
Unknown,file,10248,True
/boot/kdthlprzbf,proc,177,True
1515,proc,4,True
Sleep Duration,other,2101,False
1517,proc,21481,False
Shared Memory:2,other,1,False
/etc/init.d/kdthlprzbf,file,13,True
/etc/cron.hourly/cron.sh,file,3,True
/proc/rs_dev,file,575,True
/etc/rc1.d/S90kdthlprzbf,file,2,True
/etc/rc2.d/S90kdthlprzbf,file,2,True
/etc/rc3.d/S90kdthlprzbf,file,2,True
/etc/rc4.d/S90kdthlprzbf,file,2,True
/etc/rc5.d/S90kdthlprzbf,file,2,True
/etc/rc.d/rc1.d/S90kdthlprzbf,file,2,True
/etc/rc.d/rc2.d/S90kdthlprzbf,file,2,True
/etc/rc.d/rc3.d/S90kdthlprzbf,file,2,True
/etc/rc.d/rc4.d/S90kdthlprzbf,file,2,True
/etc/rc.d/rc5.d/S90kdthlprzbf,file,2,True
1518,proc,4,True
1520,proc,4,True
sh,proc,24,True
/proc/stat,file,2,True
1524,proc,897,True
1525,proc,363,True
1526,proc,13,True
/boot/zjlkmhhbsx,file,887,True
1527,proc,4,True
1529,proc,4,True
1531,proc,4,True
1533,proc,4,True
1535,proc,4,True
/boot/lbxhdcieey,file,1062,True
1569,proc,4,True
1571,proc,4,True
1573,proc,4,True
1575,proc,4,True
1577,proc,4,True
/boot/dvxmlldmdh,file,1062,True
1584,proc,4,True
1586,proc,4,True
1588,proc,4,True
1590,proc,4,True
1592,proc,4,True
/boot/bziczcnxrq,file,1062,True
1603,proc,4,True
1605,proc,4,True
1607,proc,4,True
1609,proc,4,True
1611,proc,4,True
/boot/hsizbmbfre,file,1062,True
1618,proc,4,True
1620,proc,4,True
1622,proc,4,True
1624,proc,4,True
1626,proc,4,True
/boot/dcdjxeccoi,file,1054,True
1633,proc,4,True
1635,proc,4,True
1638,proc,4,True
1640,proc,4,True
1642,proc,4,True
/boot/qwccnxrxvu,file,1054,True
1652,proc,4,True
1654,proc,4,True
1657,proc,4,True
1659,proc,4,True
1662,proc,4,True
/boot/rhxkarnusp,file,883,True
1667,proc,4,True
1669,proc,4,True
1671,proc,4,True
1673,proc,4,True
1676,proc,4,True
/boot/gevagbdxub,file,1062,True
1681,proc,4,True
1683,proc,4,True
1685,proc,4,True
1687,proc,4,True
1689,proc,4,True
/boot/nvblnpesbc,file,887,True
1697,proc,4,True
1699,proc,4,True
1701,proc,4,True
1703,proc,4,True
1705,proc,4,True
/boot/ykbckpdlcq,file,1062,True
1730,proc,4,True
1732,proc,4,True
1734,proc,4,True
1736,proc,4,True
1738,proc,4,True
/boot/lvydavzpyv,file,1062,True
1793,proc,4,True
1795,proc,4,True
1797,proc,4,True
1799,proc,4,True
1801,proc,4,True
/boot/tmilaeeusc,file,1062,True
1833,proc,4,True
1835,proc,4,True
1837,proc,4,True
1839,proc,4,True
1841,proc,4,True
/boot/tcoescyiqc,file,887,True
1848,proc,4,True
1850,proc,4,True
1852,proc,4,True
1854,proc,4,True
1856,proc,4,True
/boot/dafwlybuhe,file,1056,True
1862,proc,4,True
1864,proc,4,True
1866,proc,4,True
1869,proc,4,True
1871,proc,4,True
/boot/aksbuzrmxw,file,1056,True
1877,proc,4,True
1879,proc,4,True
1881,proc,4,True
1883,proc,4,True
1885,proc,4,True
/boot/ixqpzcolju,file,883,True
1892,proc,4,True
1894,proc,4,True
1896,proc,4,True
1899,proc,4,True
1901,proc,4,True
/boot/yinrwuvzyn,file,1056,True
1906,proc,4,True
1908,proc,4,True
1910,proc,4,True
1912,proc,4,True
1914,proc,4,True
/boot/tikalezxzd,file,1062,True
1921,proc,4,True
1923,proc,4,True
1925,proc,4,True
1927,proc,4,True
1929,proc,4,True
/boot/gfnvffufju,file,1060,True
1936,proc,4,True
1938,proc,4,True
1940,proc,4,True
1942,proc,4,True
1944,proc,4,True
/boot/rnmkxedycq,file,1062,True
1951,proc,4,True
1953,proc,4,True
1955,proc,4,True
1957,proc,4,True
1959,proc,4,True
/boot/rmvtlemttv,file,1062,True
1966,proc,4,True
1968,proc,4,True
1970,proc,4,True
1972,proc,4,True
1974,proc,4,True
/boot/mkrkfbifhd,file,883,True
1981,proc,4,True
1983,proc,4,True
1985,proc,4,True
1987,proc,4,True
1989,proc,4,True
/boot/qkagnrmsli,file,881,True
2041,proc,4,True
2043,proc,4,True
2045,proc,4,True
2048,proc,4,True
2051,proc,4,True
/boot/gzpomushbb,file,1056,True
2055,proc,4,True
2057,proc,4,True
2059,proc,4,True
2061,proc,4,True
2063,proc,4,True
/boot/jpyasaezyo,file,1062,True
2070,proc,4,True
2072,proc,4,True
2074,proc,4,True
2076,proc,4,True
2078,proc,4,True
/boot/bgzeqsosds,file,1062,True
2085,proc,4,True
2087,proc,4,True
2089,proc,4,True
2091,proc,4,True
2093,proc,4,True
/boot/vqsbdkzmqp,file,1062,True
2100,proc,4,True
2102,proc,4,True
2104,proc,4,True
2106,proc,4,True
2108,proc,4,True
/boot/prdjugoabb,file,1056,True
2115,proc,4,True
2117,proc,4,True
2119,proc,4,True
2121,proc,4,True
2124,proc,4,True
/boot/wtwmbzhaof,file,1054,True
2130,proc,4,True
2132,proc,4,True
2134,proc,4,True
2137,proc,4,True
2141,proc,4,True
/boot/eqhixamdco,file,1062,True
2145,proc,4,True
2147,proc,4,True
2149,proc,4,True
2151,proc,4,True
2153,proc,4,True
/boot/uqbxzrvltb,file,1054,True
2160,proc,4,True
2162,proc,4,True
2165,proc,4,True
2167,proc,4,True
2169,proc,4,True
/boot/tbcnmxcjsq,file,1056,True
2175,proc,4,True
2177,proc,4,True
2179,proc,4,True
2182,proc,4,True
2184,proc,4,True
/boot/jrnfmladqr,file,1056,True
2190,proc,4,True
2192,proc,4,True
2194,proc,4,True
2197,proc,4,True
2200,proc,4,True
/boot/ovenhifaoc,file,1056,True
2205,proc,4,True
2207,proc,4,True
2209,proc,4,True
2212,proc,4,True
2214,proc,4,True
/boot/cpbsgxklgz,file,1054,True
2220,proc,4,True
2222,proc,4,True
2224,proc,4,True
2226,proc,4,True
2229,proc,4,True
/boot/rlgjbzsxcx,file,1056,True
2235,proc,4,True
2237,proc,4,True
2239,proc,4,True
2241,proc,4,True
2243,proc,4,True
/boot/ncqyyxkdkb,file,1062,True
2250,proc,4,True
2252,proc,4,True
2254,proc,4,True
2256,proc,4,True
2258,proc,4,True
/boot/bqvkjevmmr,file,1062,True
2265,proc,4,True
2267,proc,4,True
2269,proc,4,True
2271,proc,4,True
2273,proc,4,True
/boot/gqxgchruow,file,1056,True
2280,proc,4,True
2282,proc,4,True
2284,proc,4,True
2286,proc,4,True
2289,proc,4,True
/boot/hancvaipjk,file,1056,True
2295,proc,4,True
2297,proc,4,True
2299,proc,4,True
2301,proc,4,True
2303,proc,4,True
/boot/nmddzjczbv,file,1056,True
2310,proc,4,True
2312,proc,4,True
2314,proc,4,True
2316,proc,4,True
2318,proc,4,True
/boot/snmqesegld,file,1056,True
2325,proc,4,True
2327,proc,4,True
2329,proc,4,True
2332,proc,4,True
2334,proc,4,True
/boot/srsaslvuib,file,883,True
2340,proc,4,True
2342,proc,4,True
2344,proc,4,True
2348,proc,4,True
2350,proc,4,True
/boot/sysfhizobk,file,712,True
2354,proc,4,True
2356,proc,4,True
2358,proc,4,True
2360,proc,4,True
2362,proc,4,True
/boot/jgdhznbzsk,file,1056,True
2367,proc,4,True
2369,proc,4,True
2371,proc,4,True
2373,proc,4,True
2377,proc,4,True
/boot/hbjgqvhzoj,file,1056,True
2382,proc,4,True
2384,proc,4,True
2386,proc,4,True
2388,proc,4,True
2390,proc,4,True
/boot/svmewlkpir,file,1056,True
2397,proc,4,True
2399,proc,4,True
2401,proc,4,True
2403,proc,4,True
2406,proc,4,True
/boot/fiawnoeulu,file,1056,True
2412,proc,4,True
2414,proc,4,True
2417,proc,4,True
2419,proc,4,True
2422,proc,4,True
/boot/ptcdgjttzl,file,887,True
2427,proc,4,True
2429,proc,4,True
2431,proc,4,True
2433,proc,4,True
2435,proc,4,True
/boot/nudafdanlo,file,1056,True
2441,proc,4,True
2443,proc,4,True
2445,proc,4,True
2448,proc,4,True
2450,proc,4,True
/boot/drwvikxmko,file,1056,True
2456,proc,4,True
2458,proc,4,True
2460,proc,4,True
2462,proc,4,True
2465,proc,4,True
/boot/aehlzrkvty,file,712,True
2471,proc,4,True
2473,proc,4,True
2475,proc,4,True
2477,proc,4,True
2479,proc,4,True
/boot/szzbyffnsf,file,1056,True
2484,proc,4,True
2486,proc,4,True
2488,proc,4,True
2490,proc,4,True
2492,proc,4,True
/boot/drlngcyvcc,file,1056,True
2499,proc,4,True
2501,proc,4,True
2503,proc,4,True
2505,proc,4,True
2507,proc,4,True
/boot/hkensorzss,file,1056,True
2523,proc,4,True
2525,proc,4,True
2527,proc,4,True
2529,proc,4,True
2531,proc,4,True
/boot/fdlejdluzz,file,1056,True
2538,proc,4,True
2540,proc,4,True
2542,proc,4,True
2545,proc,4,True
2547,proc,4,True
/boot/iribiihmcm,file,710,True
2553,proc,4,True
2555,proc,4,True
2557,proc,4,True
2559,proc,4,True
2561,proc,4,True
/boot/wlqzmvtxih,file,1062,True
2701,proc,4,True
2703,proc,4,True
2706,proc,4,True
2708,proc,4,True
2710,proc,4,True
/boot/ntpvqulzko,file,1057,True
2781,proc,4,True
2783,proc,4,True
2785,proc,4,True
2787,proc,4,True
2789,proc,4,True
chkconfig,proc,2,True
update-rc.d,proc,88,True
ID,other,24,False
/usr/local/share/perl/5.26.0,file,1,False
/etc/perl/strict.pmc,file,1,False
/etc/perl/strict.pm,file,1,False
/usr/local/share/perl/5.26.1/strict.pmc,file,1,False
/usr/local/share/perl/5.26.1/strict.pm,file,1,False
/usr/share/perl5/strict.pmc,file,1,False
/usr/share/perl5/strict.pm,file,1,False
/usr/share/perl/5.26/strict.pmc,file,1,False
/usr/share/perl/5.26/strict.pm,file,1,False
/etc/perl/warnings.pmc,file,1,False
/etc/perl/warnings.pm,file,1,False
/usr/local/share/perl/5.26.1/warnings.pmc,file,1,False
/usr/local/share/perl/5.26.1/warnings.pm,file,1,False
/usr/share/perl5/warnings.pmc,file,1,False
/usr/share/perl5/warnings.pm,file,1,False
/usr/share/perl/5.26/warnings.pmc,file,1,False
/usr/share/perl/5.26/warnings.pm,file,1,False
/etc/perl/File/Glob.pmc,file,1,False
/etc/perl/File/Glob.pm,file,1,False
/usr/local/share/perl/5.26.1/File/Glob.pmc,file,1,False
/usr/local/share/perl/5.26.1/File/Glob.pm,file,1,False
/usr/share/perl5/File/Glob.pmc,file,1,False
/usr/share/perl5/File/Glob.pm,file,1,False
/etc/perl/XSLoader.pmc,file,1,False
/etc/perl/XSLoader.pm,file,1,False
/usr/local/share/perl/5.26.1/XSLoader.pmc,file,1,False
/usr/local/share/perl/5.26.1/XSLoader.pm,file,1,False
/usr/share/perl5/XSLoader.pmc,file,1,False
/usr/share/perl5/XSLoader.pm,file,1,False
/usr/share/perl/5.26/XSLoader.pmc,file,1,False
/usr/share/perl/5.26/XSLoader.pm,file,1,False
/sbin/insserv,file,1,False
/sbin/openrc,file,1,False
"""/etc/rc4.d/S90kdthlprzbf""",file,1,False
"""/etc/rc3.d/S90kdthlprzbf""",file,1,False
"""/etc/rc2.d/S90kdthlprzbf""",file,1,False
"""/etc/rc1.d/S90kdthlprzbf""",file,1,False
"""/etc/rc5.d/S90kdthlprzbf""",file,1,False
/run/systemd/system,file,1,False
Pipe 3 : read end from Pipe 4,other,1,False
Pipe 4 : write end to Pipe 3,other,1,False
systemctl,proc,94,False
/prober,file,1,False
.,file,1,False
/bin/sed,file,1,False
sed,proc,49,False
NO_PID,proc,1,False
/sys/fs/selinux,file,2,False
/selinux,file,2,False
/etc/selinux/config,file,2,False
/etc/crontab,file,2,True
Permission:0700,other,1,True
Permission:022,other,1,True
/etc/sedNiTbfC,file,20,True
"""/var/run/sftp.pid""",file,299,False
/var/run/sftp.pid,file,4,True
"""/boot/kdthlprzbf""",file,298,False
103.25.9.228:53,net,51,True
8.8.8.8:53,net,50,True
0.0.0.0:8005,net,48,True
66.102.253.30:8005,net,12,True
103.240.141.50:8005,net,12,True
103.25.9.245:8005,net,12,True
0.0.0.0:80,net,2,True
1541,proc,315,False
1537,proc,315,False
1539,proc,315,False
1538,proc,315,False
/proc/1517/exe,file,1689,False
/proc/vz,file,1,False
" ""/proc/1/root""",file,1,False
" ""/""",file,1,False
" ""/run/systemd/system/""",file,1,False
1583,proc,315,False
1581,proc,315,False
1582,proc,315,False
1580,proc,315,False
1579,proc,315,False
1598,proc,315,False
1597,proc,315,False
1595,proc,315,False
1594,proc,315,False
1596,proc,315,False
1617,proc,315,False
1616,proc,315,False
1615,proc,315,False
1614,proc,315,False
1613,proc,315,False
1632,proc,315,False
1631,proc,312,False
1629,proc,312,False
1630,proc,312,False
1628,proc,312,False
1637,proc,312,False
1647,proc,315,False
1645,proc,315,False
1646,proc,315,False
1644,proc,315,False
1656,proc,315,False
1661,proc,315,False
1666,proc,315,False
1665,proc,315,False
1664,proc,315,False
1680,proc,315,False
1675,proc,315,False
1679,proc,315,False
1678,proc,315,False
1695,proc,315,False
1694,proc,315,False
1693,proc,315,False
1692,proc,315,False
1691,proc,315,False
1710,proc,315,False
1709,proc,315,False
1708,proc,315,False
1707,proc,315,False
1744,proc,315,False
1743,proc,315,False
1742,proc,315,False
1741,proc,315,False
1740,proc,315,False
1807,proc,315,False
1806,proc,315,False
1804,proc,315,False
1803,proc,315,False
1805,proc,315,False
1847,proc,315,False
1846,proc,315,False
1844,proc,315,False
1845,proc,315,False
1843,proc,315,False
1861,proc,315,False
1860,proc,315,False
1859,proc,315,False
1858,proc,315,False
1868,proc,315,False
1873,proc,315,False
1876,proc,315,False
1874,proc,315,False
1875,proc,315,False
1887,proc,315,False
1891,proc,315,False
1890,proc,315,False
1889,proc,315,False
1888,proc,315,False
1905,proc,315,False
1898,proc,315,False
1904,proc,315,False
1903,proc,315,False
1915,proc,315,False
1920,proc,315,False
1919,proc,315,False
1918,proc,315,False
1917,proc,315,False
1935,proc,315,False
1934,proc,315,False
1933,proc,315,False
1931,proc,315,False
1932,proc,315,False
1950,proc,312,False
1948,proc,315,False
1946,proc,315,False
1947,proc,315,False
1949,proc,315,False
1965,proc,315,False
1964,proc,315,False
1963,proc,315,False
1962,proc,315,False
1961,proc,315,False
1980,proc,315,False
1979,proc,315,False
1978,proc,315,False
1976,proc,315,False
1977,proc,315,False
1991,proc,315,False
1992,proc,315,False
1994,proc,315,False
1993,proc,315,False
2047,proc,315,False
2054,proc,315,False
2050,proc,315,False
2053,proc,315,False
2065,proc,315,False
2066,proc,315,False
2069,proc,315,False
2068,proc,315,False
2067,proc,315,False
2084,proc,312,False
2083,proc,315,False
2082,proc,315,False
2080,proc,315,False
2081,proc,315,False
2099,proc,315,False
2098,proc,315,False
2097,proc,315,False
2096,proc,315,False
2095,proc,315,False
2114,proc,312,False
2113,proc,315,False
2112,proc,315,False
2110,proc,315,False
2111,proc,315,False
2129,proc,315,False
2123,proc,312,False
2128,proc,315,False
2127,proc,315,False
2126,proc,315,False
2136,proc,315,False
2143,proc,315,False
2140,proc,315,False
2139,proc,315,False
2144,proc,315,False
2159,proc,315,False
2158,proc,315,False
2157,proc,315,False
2156,proc,315,False
2155,proc,315,False
2164,proc,315,False
2171,proc,315,False
2174,proc,315,False
2172,proc,315,False
2173,proc,315,False
2181,proc,315,False
2187,proc,315,False
2189,proc,315,False
2186,proc,315,False
2188,proc,315,False
2202,proc,315,False
2196,proc,315,False
2199,proc,315,False
2204,proc,315,False
2203,proc,315,False
2211,proc,315,False
2216,proc,315,False
2219,proc,315,False
2218,proc,315,False
2217,proc,315,False
2228,proc,315,False
2234,proc,315,False
2231,proc,315,False
2233,proc,315,False
2232,proc,315,False
2245,proc,315,False
2248,proc,315,False
2249,proc,315,False
2246,proc,315,False
2247,proc,315,False
2264,proc,315,False
2263,proc,315,False
2262,proc,315,False
2260,proc,315,False
2261,proc,315,False
2279,proc,315,False
2278,proc,315,False
2277,proc,315,False
2276,proc,315,False
2275,proc,315,False
2288,proc,315,False
2294,proc,315,False
2293,proc,315,False
2292,proc,315,False
2291,proc,315,False
2305,proc,315,False
2306,proc,315,False
2309,proc,315,False
2308,proc,315,False
2307,proc,315,False
2320,proc,315,False
2324,proc,315,False
2322,proc,315,False
2323,proc,315,False
2321,proc,315,False
2339,proc,315,False
2331,proc,315,False
2337,proc,315,False
2338,proc,315,False
2336,proc,315,False
2347,proc,315,False
2346,proc,315,False
2352,proc,315,False
2353,proc,315,False
2366,proc,315,False
2364,proc,315,False
2365,proc,315,False
2375,proc,315,False
2381,proc,315,False
2380,proc,315,False
2376,proc,315,False
2379,proc,315,False
2396,proc,312,False
2393,proc,315,False
2395,proc,315,False
2394,proc,315,False
2392,proc,315,False
2405,proc,312,False
2408,proc,315,False
2411,proc,315,False
2410,proc,315,False
2409,proc,315,False
2426,proc,315,False
2416,proc,315,False
2421,proc,315,False
2425,proc,315,False
2424,proc,315,False
2440,proc,315,False
2439,proc,315,False
2438,proc,315,False
2437,proc,315,False
2447,proc,315,False
2454,proc,315,False
2455,proc,315,False
2452,proc,315,False
2453,proc,315,False
2464,proc,315,False
2469,proc,315,False
2470,proc,315,False
2468,proc,315,False
2467,proc,315,False
2481,proc,315,False
2482,proc,315,False
2483,proc,315,False
2494,proc,315,False
2498,proc,315,False
2497,proc,315,False
2496,proc,315,False
2495,proc,315,False
2508,proc,315,False
2513,proc,315,False
2512,proc,315,False
2511,proc,315,False
2510,proc,315,False
2533,proc,315,False
2534,proc,315,False
2537,proc,315,False
2535,proc,315,False
2536,proc,315,False
2544,proc,315,False
2549,proc,315,False
2552,proc,315,False
2550,proc,315,False
2551,proc,315,False
2563,proc,315,False
2564,proc,315,False
2565,proc,315,False
2721,proc,315,False
2720,proc,315,False
2719,proc,315,False
2718,proc,315,False
2717,proc,315,False
2795,proc,304,False
2794,proc,304,False
2793,proc,304,False
2791,proc,304,False
2792,proc,304,False
