node_name,type,appearance,importance
malware,file,321,True
uname,file,2,False
Memory Address,mem,35861,True
8192*1024 bytes,other,293,False
/proc/self/exe,file,295,False
1510,proc,628,True
status:0,other,894,True
"""/usr""",file,61,False
"""/usr/bin""",file,61,False
"""/bin""",file,61,False
"""/tmp""",file,61,False
"""/var""",file,1,False
"""/var/run""",file,1,False
Timestamp,other,2890,False
Unknown,file,9660,True
/usr/bin/szpwjccxbz,proc,168,True
1511,proc,4,True
Sleep Duration,other,2114,False
1513,proc,20676,False
Shared Memory:2,other,1,False
/etc/init.d/szpwjccxbz,file,13,True
/etc/cron.hourly/gcc4.sh,file,3,True
/etc/rc1.d/S90szpwjccxbz,file,2,True
/etc/rc2.d/S90szpwjccxbz,file,2,True
/etc/rc3.d/S90szpwjccxbz,file,2,True
/etc/rc4.d/S90szpwjccxbz,file,2,True
/etc/rc5.d/S90szpwjccxbz,file,2,True
/etc/rc.d/rc1.d/S90szpwjccxbz,file,2,True
/etc/rc.d/rc2.d/S90szpwjccxbz,file,2,True
/etc/rc.d/rc3.d/S90szpwjccxbz,file,2,True
/etc/rc.d/rc4.d/S90szpwjccxbz,file,2,True
/etc/rc.d/rc5.d/S90szpwjccxbz,file,2,True
1514,proc,4,True
1516,proc,4,True
sh,proc,24,True
/proc/stat,file,2,True
1520,proc,897,True
1521,proc,331,True
1522,proc,2,True
/usr/bin/mzmxxrdfyc,file,1001,True
1523,proc,4,True
1525,proc,4,True
1527,proc,4,True
1529,proc,4,True
1534,proc,4,True
/bin/mzmxxrdfyc,file,1,False
/tmp/mzmxxrdfyc,file,1,False
/usr/bin/nmolmudbez,file,997,True
1562,proc,4,True
1564,proc,4,True
1566,proc,4,True
1568,proc,4,True
1571,proc,4,True
/bin/nmolmudbez,file,1,False
/tmp/nmolmudbez,file,1,False
/usr/bin/xfbnsoimgv,file,997,True
1577,proc,4,True
1579,proc,4,True
1581,proc,4,True
1583,proc,4,True
1585,proc,4,True
/bin/xfbnsoimgv,file,1,False
/tmp/xfbnsoimgv,file,1,False
/usr/bin/nkhrggyvqp,file,997,True
1596,proc,4,True
1598,proc,4,True
1600,proc,4,True
1602,proc,4,True
1604,proc,4,True
/bin/nkhrggyvqp,file,1,False
/tmp/nkhrggyvqp,file,1,False
/usr/bin/hwhnbruqpg,file,1003,True
1611,proc,4,True
1613,proc,4,True
1615,proc,4,True
1617,proc,4,True
1619,proc,4,True
/bin/hwhnbruqpg,file,1,False
/tmp/hwhnbruqpg,file,1,False
/usr/bin/ddknvwvkck,file,673,True
1626,proc,4,True
1628,proc,4,True
1630,proc,4,True
1632,proc,4,True
1634,proc,4,True
/bin/ddknvwvkck,file,1,False
/tmp/ddknvwvkck,file,1,False
/usr/bin/vaivajvzdi,file,995,True
1645,proc,4,True
1647,proc,4,True
1649,proc,4,True
1651,proc,4,True
1653,proc,4,True
/bin/vaivajvzdi,file,1,False
/tmp/vaivajvzdi,file,1,False
/usr/bin/puvvrlhvzb,file,1003,True
1660,proc,4,True
1662,proc,4,True
1664,proc,4,True
1666,proc,4,True
1668,proc,4,True
/bin/puvvrlhvzb,file,1,False
/tmp/puvvrlhvzb,file,1,False
/usr/bin/efzzlawwqc,file,1001,True
1675,proc,4,True
1677,proc,4,True
1679,proc,4,True
1681,proc,4,True
1683,proc,4,True
/bin/efzzlawwqc,file,1,False
/tmp/efzzlawwqc,file,1,False
/usr/bin/ksiykkrgtz,file,995,True
1691,proc,4,True
1693,proc,4,True
1695,proc,4,True
1697,proc,4,True
1702,proc,4,True
/bin/ksiykkrgtz,file,1,False
/tmp/ksiykkrgtz,file,1,False
/usr/bin/tvbpghggfr,file,999,True
1725,proc,4,True
1727,proc,4,True
1729,proc,4,True
1732,proc,4,True
1734,proc,4,True
/bin/tvbpghggfr,file,1,False
/tmp/tvbpghggfr,file,1,False
/usr/bin/zfpewndaew,file,1003,True
1788,proc,4,True
1790,proc,4,True
1792,proc,4,True
1794,proc,4,True
1796,proc,4,True
/bin/zfpewndaew,file,1,False
/tmp/zfpewndaew,file,1,False
/usr/bin/iyrplavsdq,file,1003,True
1828,proc,4,True
1830,proc,4,True
1832,proc,4,True
1834,proc,4,True
1836,proc,4,True
/bin/iyrplavsdq,file,1,False
/tmp/iyrplavsdq,file,1,False
/usr/bin/vjuzuwmfyt,file,997,True
1843,proc,4,True
1845,proc,4,True
1848,proc,4,True
1850,proc,4,True
1852,proc,4,True
/bin/vjuzuwmfyt,file,1,False
/tmp/vjuzuwmfyt,file,1,False
/usr/bin/pdorjuztbn,file,1003,True
1858,proc,4,True
1860,proc,4,True
1862,proc,4,True
1864,proc,4,True
1866,proc,4,True
/bin/pdorjuztbn,file,1,False
/tmp/pdorjuztbn,file,1,False
/usr/bin/lykimcovjo,file,995,True
1873,proc,4,True
1875,proc,4,True
1878,proc,4,True
1880,proc,4,True
1882,proc,4,True
/bin/lykimcovjo,file,1,False
/tmp/lykimcovjo,file,1,False
/usr/bin/orzyfjgjzc,file,1001,True
1888,proc,4,True
1890,proc,4,True
1892,proc,4,True
1894,proc,4,True
1896,proc,4,True
/bin/orzyfjgjzc,file,1,False
/tmp/orzyfjgjzc,file,1,False
/usr/bin/arzalymtlw,file,1003,True
1903,proc,4,True
1905,proc,4,True
1907,proc,4,True
1909,proc,4,True
1911,proc,4,True
/bin/arzalymtlw,file,1,False
/tmp/arzalymtlw,file,1,False
/usr/bin/lzgsqhnafo,file,838,True
1918,proc,4,True
1920,proc,4,True
1922,proc,4,True
1924,proc,4,True
1926,proc,4,True
/bin/lzgsqhnafo,file,1,False
/tmp/lzgsqhnafo,file,1,False
/usr/bin/qkzdsredds,file,995,True
1932,proc,4,True
1934,proc,4,True
1936,proc,4,True
1940,proc,4,True
1942,proc,4,True
/bin/qkzdsredds,file,1,False
/tmp/qkzdsredds,file,1,False
/usr/bin/uorowlfywp,file,997,True
1947,proc,4,True
1949,proc,4,True
1951,proc,4,True
1953,proc,4,True
1956,proc,4,True
/bin/uorowlfywp,file,1,False
/tmp/uorowlfywp,file,1,False
/usr/bin/hgiazdmqau,file,834,True
1962,proc,4,True
1964,proc,4,True
1966,proc,4,True
1968,proc,4,True
1970,proc,4,True
/bin/hgiazdmqau,file,1,False
/tmp/hgiazdmqau,file,1,False
/usr/bin/zqncnsluxd,file,995,True
1976,proc,4,True
1978,proc,4,True
1980,proc,4,True
1983,proc,4,True
1987,proc,4,True
/bin/zqncnsluxd,file,1,False
/tmp/zqncnsluxd,file,1,False
/usr/bin/tcecavhzdv,file,995,True
1991,proc,4,True
1993,proc,4,True
1996,proc,4,True
1998,proc,4,True
2002,proc,4,True
/bin/tcecavhzdv,file,1,False
/tmp/tcecavhzdv,file,1,False
/usr/bin/uwpopnqwrw,file,995,True
2006,proc,4,True
2008,proc,4,True
2011,proc,4,True
2013,proc,4,True
2015,proc,4,True
/bin/uwpopnqwrw,file,1,False
/tmp/uwpopnqwrw,file,1,False
/usr/bin/yxqahtnarj,file,997,True
2021,proc,4,True
2023,proc,4,True
2025,proc,4,True
2027,proc,4,True
2029,proc,4,True
/bin/yxqahtnarj,file,1,False
/tmp/yxqahtnarj,file,1,False
/usr/bin/onzcmptego,file,1003,True
2036,proc,4,True
2038,proc,4,True
2040,proc,4,True
2042,proc,4,True
2044,proc,4,True
/bin/onzcmptego,file,1,False
/tmp/onzcmptego,file,1,False
/usr/bin/nyukklyrhb,file,838,True
2051,proc,4,True
2053,proc,4,True
2055,proc,4,True
2057,proc,4,True
2059,proc,4,True
/bin/nyukklyrhb,file,1,False
/tmp/nyukklyrhb,file,1,False
/usr/bin/dscprqgttd,file,997,True
2065,proc,4,True
2067,proc,4,True
2069,proc,4,True
2071,proc,4,True
2073,proc,4,True
/bin/dscprqgttd,file,1,False
/tmp/dscprqgttd,file,1,False
/usr/bin/pmlgwtugbh,file,997,True
2089,proc,4,True
2091,proc,4,True
2093,proc,4,True
2095,proc,4,True
2098,proc,4,True
/bin/pmlgwtugbh,file,1,False
/tmp/pmlgwtugbh,file,1,False
/usr/bin/rkcncuaisz,file,997,True
2104,proc,4,True
2106,proc,4,True
2108,proc,4,True
2110,proc,4,True
2113,proc,4,True
/bin/rkcncuaisz,file,1,False
/tmp/rkcncuaisz,file,1,False
/usr/bin/rwxsiartin,file,997,True
2119,proc,4,True
2121,proc,4,True
2123,proc,4,True
2125,proc,4,True
2127,proc,4,True
/bin/rwxsiartin,file,1,False
/tmp/rwxsiartin,file,1,False
/usr/bin/laikmxkast,file,1003,True
2134,proc,4,True
2136,proc,4,True
2138,proc,4,True
2140,proc,4,True
2142,proc,4,True
/bin/laikmxkast,file,1,False
/tmp/laikmxkast,file,1,False
/usr/bin/bddnemwuom,file,995,True
2149,proc,4,True
2151,proc,4,True
2153,proc,4,True
2155,proc,4,True
2157,proc,4,True
/bin/bddnemwuom,file,1,False
/tmp/bddnemwuom,file,1,False
/usr/bin/nxbklkzcva,file,997,True
2164,proc,4,True
2167,proc,4,True
2169,proc,4,True
2172,proc,4,True
2174,proc,4,True
/bin/nxbklkzcva,file,1,False
/tmp/nxbklkzcva,file,1,False
/usr/bin/rvtejhfyoh,file,995,True
2179,proc,4,True
2182,proc,4,True
2185,proc,4,True
2187,proc,4,True
2189,proc,4,True
/bin/rvtejhfyoh,file,1,False
/tmp/rvtejhfyoh,file,1,False
/usr/bin/ofxjpdvjzr,file,1003,True
2194,proc,4,True
2196,proc,4,True
2198,proc,4,True
2200,proc,4,True
2202,proc,4,True
/bin/ofxjpdvjzr,file,1,False
/tmp/ofxjpdvjzr,file,1,False
/usr/bin/khsmwpofol,file,1003,True
2209,proc,4,True
2211,proc,4,True
2213,proc,4,True
2215,proc,4,True
2217,proc,4,True
/bin/khsmwpofol,file,1,False
/tmp/khsmwpofol,file,1,False
/usr/bin/ykokmzthvh,file,1003,True
2224,proc,4,True
2226,proc,4,True
2228,proc,4,True
2230,proc,4,True
2232,proc,4,True
/bin/ykokmzthvh,file,1,False
/tmp/ykokmzthvh,file,1,False
/usr/bin/hqbpqkngxr,file,1003,True
2239,proc,4,True
2241,proc,4,True
2243,proc,4,True
2245,proc,4,True
2247,proc,4,True
/bin/hqbpqkngxr,file,1,False
/tmp/hqbpqkngxr,file,1,False
/usr/bin/zgyujjwgcn,file,838,True
2271,proc,4,True
2273,proc,4,True
2275,proc,4,True
2277,proc,4,True
2279,proc,4,True
/bin/zgyujjwgcn,file,1,False
/tmp/zgyujjwgcn,file,1,False
/usr/bin/nmsxraznxb,file,1003,True
2285,proc,4,True
2287,proc,4,True
2289,proc,4,True
2291,proc,4,True
2293,proc,4,True
/bin/nmsxraznxb,file,1,False
/tmp/nmsxraznxb,file,1,False
/usr/bin/hyqzsujsxg,file,1003,True
2300,proc,4,True
2302,proc,4,True
2304,proc,4,True
2306,proc,4,True
2308,proc,4,True
/bin/hyqzsujsxg,file,1,False
/tmp/hyqzsujsxg,file,1,False
/usr/bin/akyvhbgoqv,file,1003,True
2315,proc,4,True
2317,proc,4,True
2319,proc,4,True
2321,proc,4,True
2323,proc,4,True
/bin/akyvhbgoqv,file,1,False
/tmp/akyvhbgoqv,file,1,False
/usr/bin/ordiwmwhig,file,673,True
2330,proc,4,True
2332,proc,4,True
2334,proc,4,True
2336,proc,4,True
2338,proc,4,True
/bin/ordiwmwhig,file,1,False
/tmp/ordiwmwhig,file,1,False
/usr/bin/xgtmloubto,file,995,True
2343,proc,4,True
2345,proc,4,True
2347,proc,4,True
2349,proc,4,True
2352,proc,4,True
/bin/xgtmloubto,file,1,False
/tmp/xgtmloubto,file,1,False
/usr/bin/rmjuikvvnj,file,997,True
2358,proc,4,True
2360,proc,4,True
2362,proc,4,True
2364,proc,4,True
2367,proc,4,True
/bin/rmjuikvvnj,file,1,False
/tmp/rmjuikvvnj,file,1,False
/usr/bin/nzvagvauqw,file,1003,True
2373,proc,4,True
2375,proc,4,True
2377,proc,4,True
2379,proc,4,True
2381,proc,4,True
/bin/nzvagvauqw,file,1,False
/tmp/nzvagvauqw,file,1,False
/usr/bin/uakgbaxaco,file,997,True
2388,proc,4,True
2390,proc,4,True
2393,proc,4,True
2395,proc,4,True
2398,proc,4,True
/bin/uakgbaxaco,file,1,False
/tmp/uakgbaxaco,file,1,False
/usr/bin/dnpqschlsj,file,999,True
2403,proc,4,True
2405,proc,4,True
2407,proc,4,True
2409,proc,4,True
2411,proc,4,True
/bin/dnpqschlsj,file,1,False
/tmp/dnpqschlsj,file,1,False
/usr/bin/brldyojugp,file,997,True
2418,proc,4,True
2420,proc,4,True
2422,proc,4,True
2424,proc,4,True
2427,proc,4,True
/bin/brldyojugp,file,1,False
/tmp/brldyojugp,file,1,False
/usr/bin/yyiyjljuoy,file,997,True
2433,proc,4,True
2435,proc,4,True
2437,proc,4,True
2439,proc,4,True
2442,proc,4,True
/bin/yyiyjljuoy,file,1,False
/tmp/yyiyjljuoy,file,1,False
/usr/bin/fxnqypewsp,file,995,True
2457,proc,4,True
2459,proc,4,True
2462,proc,4,True
2464,proc,4,True
2466,proc,4,True
/bin/fxnqypewsp,file,1,False
/tmp/fxnqypewsp,file,1,False
/usr/bin/tcyfcgkcir,file,1003,True
2472,proc,4,True
2474,proc,4,True
2476,proc,4,True
2478,proc,4,True
2480,proc,4,True
/bin/tcyfcgkcir,file,1,False
/tmp/tcyfcgkcir,file,1,False
/usr/bin/yysogqxbbz,file,343,True
2487,proc,4,True
2489,proc,4,True
2491,proc,4,True
2493,proc,4,True
2495,proc,4,True
/bin/yysogqxbbz,file,1,False
/tmp/yysogqxbbz,file,1,False
/usr/bin/vtaeewpssy,file,997,True
2498,proc,4,True
2500,proc,4,True
2502,proc,4,True
2505,proc,4,True
2507,proc,4,True
/bin/vtaeewpssy,file,1,False
/tmp/vtaeewpssy,file,1,False
/usr/bin/zxmgaxgoud,file,997,True
2513,proc,4,True
2515,proc,4,True
2517,proc,4,True
2519,proc,4,True
2522,proc,4,True
/bin/zxmgaxgoud,file,1,False
/tmp/zxmgaxgoud,file,1,False
/usr/bin/dnkejwlscl,file,997,True
2528,proc,4,True
2530,proc,4,True
2532,proc,4,True
2534,proc,4,True
2536,proc,4,True
/bin/dnkejwlscl,file,1,False
/tmp/dnkejwlscl,file,1,False
/usr/bin/zsayfkkppo,file,1003,True
2646,proc,4,True
2648,proc,4,True
2650,proc,4,True
2652,proc,4,True
2654,proc,4,True
/bin/zsayfkkppo,file,1,False
/tmp/zsayfkkppo,file,1,False
/usr/bin/oxjjkgritl,file,998,True
2741,proc,4,True
2743,proc,4,True
2745,proc,4,True
2747,proc,4,True
2749,proc,4,True
/bin/oxjjkgritl,file,1,False
/tmp/oxjjkgritl,file,1,False
chkconfig,proc,2,True
update-rc.d,proc,88,True
ID,other,24,False
/usr/local/share/perl/5.26.0,file,1,False
/etc/perl/strict.pmc,file,1,False
/etc/perl/strict.pm,file,1,False
/usr/local/share/perl/5.26.1/strict.pmc,file,1,False
/usr/local/share/perl/5.26.1/strict.pm,file,1,False
/usr/share/perl5/strict.pmc,file,1,False
/usr/share/perl5/strict.pm,file,1,False
/usr/share/perl/5.26/strict.pmc,file,1,False
/usr/share/perl/5.26/strict.pm,file,1,False
/etc/perl/warnings.pmc,file,1,False
/etc/perl/warnings.pm,file,1,False
/usr/local/share/perl/5.26.1/warnings.pmc,file,1,False
/usr/local/share/perl/5.26.1/warnings.pm,file,1,False
/usr/share/perl5/warnings.pmc,file,1,False
/usr/share/perl5/warnings.pm,file,1,False
/usr/share/perl/5.26/warnings.pmc,file,1,False
/usr/share/perl/5.26/warnings.pm,file,1,False
/etc/perl/File/Glob.pmc,file,1,False
/etc/perl/File/Glob.pm,file,1,False
/usr/local/share/perl/5.26.1/File/Glob.pmc,file,1,False
/usr/local/share/perl/5.26.1/File/Glob.pm,file,1,False
/usr/share/perl5/File/Glob.pmc,file,1,False
/usr/share/perl5/File/Glob.pm,file,1,False
/etc/perl/XSLoader.pmc,file,1,False
/etc/perl/XSLoader.pm,file,1,False
/usr/local/share/perl/5.26.1/XSLoader.pmc,file,1,False
/usr/local/share/perl/5.26.1/XSLoader.pm,file,1,False
/usr/share/perl5/XSLoader.pmc,file,1,False
/usr/share/perl5/XSLoader.pm,file,1,False
/usr/share/perl/5.26/XSLoader.pmc,file,1,False
/usr/share/perl/5.26/XSLoader.pm,file,1,False
/sbin/insserv,file,1,False
/sbin/openrc,file,1,False
"""/etc/rc4.d/S90szpwjccxbz""",file,1,False
"""/etc/rc3.d/S90szpwjccxbz""",file,1,False
"""/etc/rc2.d/S90szpwjccxbz""",file,1,False
"""/etc/rc1.d/S90szpwjccxbz""",file,1,False
"""/etc/rc5.d/S90szpwjccxbz""",file,1,False
/run/systemd/system,file,1,False
Pipe 3 : read end from Pipe 4,other,1,False
Pipe 4 : write end to Pipe 3,other,1,False
systemctl,proc,94,False
/prober,file,1,False
.,file,1,False
/bin/sed,file,1,False
sed,proc,49,False
NO_PID,proc,1,False
/sys/fs/selinux,file,2,False
/selinux,file,2,False
/etc/selinux/config,file,2,False
/etc/crontab,file,2,True
Permission:0700,other,1,True
Permission:022,other,1,True
/etc/sedtP4KTA,file,20,True
"""/var/run/gcc4.pid""",file,299,False
/var/run/gcc4.pid,file,4,True
"""/usr/bin/szpwjccxbz""",file,298,False
0.0.0.0:53,net,60,True
8.8.8.8:53,net,59,True
0.0.0.0:8080,net,20,True
0.0.0.0:60000,net,38,True
1538,proc,293,False
1533,proc,293,False
1532,proc,293,False
1531,proc,293,False
/proc/1513/exe,file,1702,False
1537,proc,293,False
/proc/vz,file,1,False
" ""/proc/1/root""",file,1,False
" ""/""",file,1,False
" ""/run/systemd/system/""",file,1,False
1576,proc,293,False
1570,proc,293,False
1575,proc,293,False
1574,proc,293,False
1573,proc,293,False
1591,proc,290,False
1587,proc,293,False
1590,proc,293,False
1589,proc,293,False
1588,proc,293,False
1610,proc,293,False
1606,proc,293,False
1609,proc,290,False
1608,proc,290,False
1607,proc,290,False
1625,proc,293,False
1624,proc,293,False
1621,proc,293,False
1623,proc,293,False
1622,proc,290,False
1637,proc,293,False
1638,proc,293,False
1636,proc,293,False
1655,proc,293,False
1659,proc,293,False
1658,proc,293,False
1657,proc,293,False
1656,proc,293,False
1674,proc,293,False
1673,proc,293,False
1672,proc,293,False
1671,proc,293,False
1670,proc,293,False
1689,proc,293,False
1687,proc,293,False
1688,proc,293,False
1685,proc,293,False
1686,proc,293,False
1699,proc,293,False
1705,proc,293,False
1700,proc,293,False
1701,proc,293,False
1704,proc,293,False
1739,proc,293,False
1736,proc,293,False
1731,proc,293,False
1738,proc,293,False
1737,proc,293,False
1802,proc,293,False
1801,proc,293,False
1800,proc,293,False
1799,proc,293,False
1798,proc,293,False
1841,proc,293,False
1839,proc,293,False
1838,proc,293,False
1842,proc,293,False
1840,proc,293,False
1847,proc,293,False
1857,proc,293,False
1855,proc,293,False
1854,proc,293,False
1856,proc,293,False
1872,proc,293,False
1871,proc,293,False
1870,proc,293,False
1869,proc,293,False
1868,proc,293,False
1877,proc,293,False
1887,proc,293,False
1885,proc,293,False
1886,proc,293,False
1884,proc,293,False
1902,proc,293,False
1900,proc,293,False
1898,proc,293,False
1899,proc,293,False
1901,proc,293,False
1917,proc,293,False
1915,proc,293,False
1914,proc,293,False
1913,proc,293,False
1916,proc,293,False
1931,proc,293,False
1930,proc,293,False
1929,proc,293,False
1928,proc,293,False
1938,proc,293,False
1939,proc,293,False
1946,proc,293,False
1945,proc,293,False
1944,proc,293,False
1955,proc,293,False
1960,proc,293,False
1961,proc,293,False
1959,proc,293,False
1958,proc,293,False
1972,proc,293,False
1973,proc,293,False
1975,proc,293,False
1974,proc,293,False
1982,proc,293,False
1986,proc,293,False
1989,proc,293,False
1985,proc,293,False
1990,proc,293,False
1995,proc,293,False
2004,proc,293,False
2000,proc,293,False
2001,proc,293,False
2005,proc,293,False
2010,proc,290,False
2020,proc,293,False
2019,proc,293,False
2017,proc,293,False
2018,proc,293,False
2035,proc,293,False
2031,proc,293,False
2034,proc,293,False
2033,proc,293,False
2032,proc,293,False
2050,proc,293,False
2049,proc,293,False
2048,proc,293,False
2047,proc,293,False
2046,proc,293,False
2061,proc,293,False
2064,proc,293,False
2063,proc,293,False
2062,proc,293,False
2075,proc,293,False
2077,proc,293,False
2076,proc,293,False
2079,proc,293,False
2078,proc,293,False
2103,proc,293,False
2096,proc,293,False
2102,proc,293,False
2101,proc,293,False
2100,proc,293,False
2111,proc,293,False
2115,proc,293,False
2118,proc,293,False
2116,proc,293,False
2117,proc,293,False
2133,proc,293,False
2129,proc,293,False
2132,proc,293,False
2131,proc,293,False
2130,proc,293,False
2148,proc,293,False
2147,proc,293,False
2144,proc,293,False
2146,proc,293,False
2145,proc,293,False
2159,proc,293,False
2163,proc,293,False
2162,proc,293,False
2161,proc,293,False
2160,proc,293,False
2166,proc,293,False
2178,proc,293,False
2171,proc,293,False
2176,proc,293,False
2177,proc,293,False
2181,proc,293,False
2184,proc,293,False
2193,proc,293,False
2192,proc,293,False
2191,proc,293,False
2208,proc,293,False
2207,proc,293,False
2206,proc,293,False
2205,proc,293,False
2204,proc,293,False
2223,proc,293,False
2222,proc,293,False
2219,proc,293,False
2220,proc,293,False
2221,proc,293,False
2238,proc,293,False
2237,proc,293,False
2236,proc,293,False
2235,proc,293,False
2234,proc,293,False
2253,proc,290,False
2252,proc,293,False
2250,proc,293,False
2251,proc,293,False
2249,proc,293,False
2284,proc,293,False
2283,proc,293,False
2281,proc,293,False
2282,proc,293,False
2299,proc,293,False
2298,proc,293,False
2296,proc,293,False
2297,proc,293,False
2295,proc,293,False
2314,proc,293,False
2313,proc,293,False
2312,proc,293,False
2310,proc,293,False
2311,proc,293,False
2329,proc,293,False
2328,proc,293,False
2326,proc,293,False
2327,proc,293,False
2325,proc,293,False
2342,proc,293,False
2340,proc,293,False
2341,proc,293,False
2351,proc,293,False
2357,proc,293,False
2356,proc,293,False
2354,proc,293,False
2355,proc,293,False
2365,proc,293,False
2369,proc,293,False
2372,proc,290,False
2370,proc,293,False
2371,proc,293,False
2387,proc,290,False
2386,proc,290,False
2385,proc,293,False
2384,proc,293,False
2383,proc,293,False
2402,proc,293,False
2392,proc,290,False
2397,proc,293,False
2400,proc,290,False
2401,proc,290,False
2417,proc,293,False
2413,proc,290,False
2416,proc,293,False
2415,proc,293,False
2414,proc,290,False
2425,proc,293,False
2431,proc,293,False
2432,proc,293,False
2429,proc,293,False
2430,proc,293,False
2441,proc,293,False
2444,proc,293,False
2447,proc,293,False
2446,proc,293,False
2445,proc,293,False
2461,proc,293,False
2471,proc,293,False
2469,proc,293,False
2468,proc,293,False
2470,proc,293,False
2486,proc,293,False
2485,proc,293,False
2484,proc,293,False
2483,proc,293,False
2482,proc,293,False
2497,proc,293,False
2512,proc,293,False
2504,proc,293,False
2511,proc,293,False
2510,proc,293,False
2509,proc,293,False
2520,proc,293,False
2524,proc,293,False
2527,proc,293,False
2525,proc,293,False
2526,proc,293,False
2537,proc,293,False
2541,proc,293,False
2542,proc,293,False
2539,proc,293,False
2540,proc,293,False
2676,proc,293,False
2675,proc,293,False
2674,proc,293,False
2669,proc,293,False
2672,proc,293,False
2755,proc,280,False
2754,proc,283,False
2753,proc,283,False
2751,proc,283,False
2752,proc,283,False
