node_name,type,appearance,importance
malware,file,321,True
uname,file,2,False
Memory Address,mem,35737,True
8192*1024 bytes,other,292,False
/proc/self/exe,file,294,False
1515,proc,628,True
status:0,other,893,True
"""/usr""",file,61,False
"""/usr/bin""",file,61,False
"""/bin""",file,61,False
"""/tmp""",file,61,False
"""/var""",file,1,False
"""/var/run""",file,1,False
Timestamp,other,2884,False
Unknown,file,9659,True
/usr/bin/bcytppakzr,proc,168,True
1516,proc,4,True
Sleep Duration,other,2105,False
1518,proc,20694,False
Shared Memory:2,other,1,False
/etc/init.d/bcytppakzr,file,13,True
/etc/cron.hourly/gcc4.sh,file,3,True
/etc/rc1.d/S90bcytppakzr,file,2,True
/etc/rc2.d/S90bcytppakzr,file,2,True
/etc/rc3.d/S90bcytppakzr,file,2,True
/etc/rc4.d/S90bcytppakzr,file,2,True
/etc/rc5.d/S90bcytppakzr,file,2,True
/etc/rc.d/rc1.d/S90bcytppakzr,file,2,True
/etc/rc.d/rc2.d/S90bcytppakzr,file,2,True
/etc/rc.d/rc3.d/S90bcytppakzr,file,2,True
/etc/rc.d/rc4.d/S90bcytppakzr,file,2,True
/etc/rc.d/rc5.d/S90bcytppakzr,file,2,True
1519,proc,4,True
1521,proc,4,True
sh,proc,24,True
/proc/stat,file,2,True
1525,proc,900,True
1526,proc,331,True
1527,proc,2,True
/usr/bin/rvyzadwess,file,1001,True
1528,proc,4,True
1530,proc,4,True
1532,proc,4,True
1534,proc,4,True
1538,proc,4,True
/bin/rvyzadwess,file,1,False
/tmp/rvyzadwess,file,1,False
/usr/bin/nfbmiepwsk,file,997,True
1572,proc,4,True
1574,proc,4,True
1576,proc,4,True
1578,proc,4,True
1581,proc,4,True
/bin/nfbmiepwsk,file,1,False
/tmp/nfbmiepwsk,file,1,False
/usr/bin/bueedmnrjv,file,1003,True
1587,proc,4,True
1589,proc,4,True
1591,proc,4,True
1593,proc,4,True
1595,proc,4,True
/bin/bueedmnrjv,file,1,False
/tmp/bueedmnrjv,file,1,False
/usr/bin/vegeocxfnh,file,997,True
1606,proc,4,True
1608,proc,4,True
1610,proc,4,True
1612,proc,4,True
1615,proc,4,True
/bin/vegeocxfnh,file,1,False
/tmp/vegeocxfnh,file,1,False
/usr/bin/nlawilxfld,file,1003,True
1621,proc,4,True
1623,proc,4,True
1625,proc,4,True
1627,proc,4,True
1629,proc,4,True
/bin/nlawilxfld,file,1,False
/tmp/nlawilxfld,file,1,False
/usr/bin/pezvekexon,file,508,True
1636,proc,4,True
1638,proc,4,True
1640,proc,4,True
1642,proc,4,True
1644,proc,4,True
/bin/pezvekexon,file,1,False
/tmp/pezvekexon,file,1,False
/usr/bin/sjnjurgfao,file,995,True
1653,proc,4,True
1655,proc,4,True
1657,proc,4,True
1661,proc,4,True
1663,proc,4,True
/bin/sjnjurgfao,file,1,False
/tmp/sjnjurgfao,file,1,False
/usr/bin/uqivyoflhw,file,1003,True
1668,proc,4,True
1670,proc,4,True
1672,proc,4,True
1674,proc,4,True
1676,proc,4,True
/bin/uqivyoflhw,file,1,False
/tmp/uqivyoflhw,file,1,False
/usr/bin/rxsyjqdbft,file,995,True
1683,proc,4,True
1685,proc,4,True
1687,proc,4,True
1690,proc,4,True
1692,proc,4,True
/bin/rxsyjqdbft,file,1,False
/tmp/rxsyjqdbft,file,1,False
/usr/bin/avjuvqsrah,file,995,True
1699,proc,4,True
1701,proc,4,True
1703,proc,4,True
1705,proc,4,True
1708,proc,4,True
/bin/avjuvqsrah,file,1,False
/tmp/avjuvqsrah,file,1,False
/usr/bin/fzjzcyrtro,file,1003,True
1733,proc,4,True
1735,proc,4,True
1737,proc,4,True
1739,proc,4,True
1741,proc,4,True
/bin/fzjzcyrtro,file,1,False
/tmp/fzjzcyrtro,file,1,False
/usr/bin/obzxfkjmlr,file,1003,True
1796,proc,4,True
1798,proc,4,True
1800,proc,4,True
1802,proc,4,True
1804,proc,4,True
/bin/obzxfkjmlr,file,1,False
/tmp/obzxfkjmlr,file,1,False
/usr/bin/gafbdrqkev,file,999,True
1836,proc,4,True
1838,proc,4,True
1840,proc,4,True
1842,proc,4,True
1847,proc,4,True
/bin/gafbdrqkev,file,1,False
/tmp/gafbdrqkev,file,1,False
/usr/bin/osbldicohf,file,834,True
1851,proc,4,True
1853,proc,4,True
1855,proc,4,True
1857,proc,4,True
1859,proc,4,True
/bin/osbldicohf,file,1,False
/tmp/osbldicohf,file,1,False
/usr/bin/ohllknmogr,file,997,True
1865,proc,4,True
1867,proc,4,True
1869,proc,4,True
1872,proc,4,True
1874,proc,4,True
/bin/ohllknmogr,file,1,False
/tmp/ohllknmogr,file,1,False
/usr/bin/kiejbzxvdx,file,838,True
1880,proc,4,True
1882,proc,4,True
1884,proc,4,True
1886,proc,4,True
1888,proc,4,True
/bin/kiejbzxvdx,file,1,False
/tmp/kiejbzxvdx,file,1,False
/usr/bin/wqpoposvvg,file,1003,True
1894,proc,4,True
1896,proc,4,True
1898,proc,4,True
1900,proc,4,True
1902,proc,4,True
/bin/wqpoposvvg,file,1,False
/tmp/wqpoposvvg,file,1,False
/usr/bin/wjddveecoh,file,997,True
1909,proc,4,True
1911,proc,4,True
1913,proc,4,True
1915,proc,4,True
1918,proc,4,True
/bin/wjddveecoh,file,1,False
/tmp/wjddveecoh,file,1,False
/usr/bin/uqbtvxcpyj,file,997,True
1924,proc,4,True
1926,proc,4,True
1928,proc,4,True
1930,proc,4,True
1933,proc,4,True
/bin/uqbtvxcpyj,file,1,False
/tmp/uqbtvxcpyj,file,1,False
/usr/bin/tgwsupotvn,file,1003,True
1939,proc,4,True
1941,proc,4,True
1943,proc,4,True
1945,proc,4,True
1947,proc,4,True
/bin/tgwsupotvn,file,1,False
/tmp/tgwsupotvn,file,1,False
/usr/bin/grqhvoguqb,file,1001,True
1954,proc,4,True
1956,proc,4,True
1958,proc,4,True
1960,proc,4,True
1962,proc,4,True
/bin/grqhvoguqb,file,1,False
/tmp/grqhvoguqb,file,1,False
/usr/bin/zjagjxqsdn,file,1003,True
1969,proc,4,True
1971,proc,4,True
1973,proc,4,True
1975,proc,4,True
1977,proc,4,True
/bin/zjagjxqsdn,file,1,False
/tmp/zjagjxqsdn,file,1,False
/usr/bin/qgdfeiefpd,file,1003,True
1984,proc,4,True
1986,proc,4,True
1988,proc,4,True
1990,proc,4,True
1992,proc,4,True
/bin/qgdfeiefpd,file,1,False
/tmp/qgdfeiefpd,file,1,False
/usr/bin/gsxmqcynfk,file,997,True
1999,proc,4,True
2001,proc,4,True
2003,proc,4,True
2005,proc,4,True
2007,proc,4,True
/bin/gsxmqcynfk,file,1,False
/tmp/gsxmqcynfk,file,1,False
/usr/bin/ikmqyemupd,file,997,True
2014,proc,4,True
2016,proc,4,True
2019,proc,4,True
2022,proc,4,True
2024,proc,4,True
/bin/ikmqyemupd,file,1,False
/tmp/ikmqyemupd,file,1,False
/usr/bin/xbdkdwqmwc,file,997,True
2029,proc,4,True
2031,proc,4,True
2033,proc,4,True
2035,proc,4,True
2037,proc,4,True
/bin/xbdkdwqmwc,file,1,False
/tmp/xbdkdwqmwc,file,1,False
/usr/bin/cgjkrlhwle,file,997,True
2044,proc,4,True
2046,proc,4,True
2048,proc,4,True
2052,proc,4,True
2054,proc,4,True
/bin/cgjkrlhwle,file,1,False
/tmp/cgjkrlhwle,file,1,False
/usr/bin/tnxdgvmgyd,file,997,True
2059,proc,4,True
2061,proc,4,True
2063,proc,4,True
2065,proc,4,True
2068,proc,4,True
/bin/tnxdgvmgyd,file,1,False
/tmp/tnxdgvmgyd,file,1,False
/usr/bin/uddhkfvlbb,file,1003,True
2074,proc,4,True
2076,proc,4,True
2078,proc,4,True
2080,proc,4,True
2082,proc,4,True
/bin/uddhkfvlbb,file,1,False
/tmp/uddhkfvlbb,file,1,False
/usr/bin/ncgfeqfria,file,995,True
2089,proc,4,True
2091,proc,4,True
2093,proc,4,True
2096,proc,4,True
2098,proc,4,True
/bin/ncgfeqfria,file,1,False
/tmp/ncgfeqfria,file,1,False
/usr/bin/zafgiaztiz,file,1003,True
2104,proc,4,True
2106,proc,4,True
2108,proc,4,True
2110,proc,4,True
2112,proc,4,True
/bin/zafgiaztiz,file,1,False
/tmp/zafgiaztiz,file,1,False
/usr/bin/opjufgsrvu,file,1003,True
2119,proc,4,True
2121,proc,4,True
2123,proc,4,True
2125,proc,4,True
2127,proc,4,True
/bin/opjufgsrvu,file,1,False
/tmp/opjufgsrvu,file,1,False
/usr/bin/qeovazartk,file,999,True
2134,proc,4,True
2136,proc,4,True
2138,proc,4,True
2141,proc,4,True
2145,proc,4,True
/bin/qeovazartk,file,1,False
/tmp/qeovazartk,file,1,False
/usr/bin/ruzvomkppn,file,1003,True
2149,proc,4,True
2151,proc,4,True
2153,proc,4,True
2155,proc,4,True
2157,proc,4,True
/bin/ruzvomkppn,file,1,False
/tmp/ruzvomkppn,file,1,False
/usr/bin/uierctxfmx,file,1003,True
2164,proc,4,True
2166,proc,4,True
2168,proc,4,True
2170,proc,4,True
2172,proc,4,True
/bin/uierctxfmx,file,1,False
/tmp/uierctxfmx,file,1,False
/usr/bin/dxylnxqxbv,file,997,True
2188,proc,4,True
2190,proc,4,True
2192,proc,4,True
2194,proc,4,True
2196,proc,4,True
/bin/dxylnxqxbv,file,1,False
/tmp/dxylnxqxbv,file,1,False
/usr/bin/yhjkukddyt,file,997,True
2203,proc,4,True
2205,proc,4,True
2207,proc,4,True
2210,proc,4,True
2213,proc,4,True
/bin/yhjkukddyt,file,1,False
/tmp/yhjkukddyt,file,1,False
/usr/bin/ojbezksded,file,1003,True
2218,proc,4,True
2220,proc,4,True
2222,proc,4,True
2224,proc,4,True
2226,proc,4,True
/bin/ojbezksded,file,1,False
/tmp/ojbezksded,file,1,False
/usr/bin/cjtxvhcdwy,file,997,True
2233,proc,4,True
2235,proc,4,True
2237,proc,4,True
2239,proc,4,True
2241,proc,4,True
/bin/cjtxvhcdwy,file,1,False
/tmp/cjtxvhcdwy,file,1,False
/usr/bin/eleebbmdqh,file,995,True
2248,proc,4,True
2250,proc,4,True
2253,proc,4,True
2257,proc,4,True
2260,proc,4,True
/bin/eleebbmdqh,file,1,False
/tmp/eleebbmdqh,file,1,False
/usr/bin/szfhjmrmhi,file,1003,True
2263,proc,4,True
2265,proc,4,True
2267,proc,4,True
2269,proc,4,True
2271,proc,4,True
/bin/szfhjmrmhi,file,1,False
/tmp/szfhjmrmhi,file,1,False
/usr/bin/mebqnybkzr,file,834,True
2278,proc,4,True
2280,proc,4,True
2282,proc,4,True
2284,proc,4,True
2287,proc,4,True
/bin/mebqnybkzr,file,1,False
/tmp/mebqnybkzr,file,1,False
/usr/bin/owbydsacpv,file,995,True
2292,proc,4,True
2294,proc,4,True
2296,proc,4,True
2298,proc,4,True
2300,proc,4,True
/bin/owbydsacpv,file,1,False
/tmp/owbydsacpv,file,1,False
/usr/bin/yxxusxytqj,file,836,True
2307,proc,4,True
2309,proc,4,True
2311,proc,4,True
2313,proc,4,True
2316,proc,4,True
/bin/yxxusxytqj,file,1,False
/tmp/yxxusxytqj,file,1,False
/usr/bin/oncaovsaim,file,1003,True
2321,proc,4,True
2323,proc,4,True
2325,proc,4,True
2327,proc,4,True
2329,proc,4,True
/bin/oncaovsaim,file,1,False
/tmp/oncaovsaim,file,1,False
/usr/bin/rddgxmbhwf,file,1003,True
2336,proc,4,True
2338,proc,4,True
2340,proc,4,True
2342,proc,4,True
2344,proc,4,True
/bin/rddgxmbhwf,file,1,False
/tmp/rddgxmbhwf,file,1,False
/usr/bin/sqopwksoeh,file,1003,True
2351,proc,4,True
2353,proc,4,True
2355,proc,4,True
2357,proc,4,True
2359,proc,4,True
/bin/sqopwksoeh,file,1,False
/tmp/sqopwksoeh,file,1,False
/usr/bin/peomnovgpy,file,995,True
2366,proc,4,True
2368,proc,4,True
2370,proc,4,True
2372,proc,4,True
2375,proc,4,True
/bin/peomnovgpy,file,1,False
/tmp/peomnovgpy,file,1,False
/usr/bin/mrkrgujysf,file,995,True
2381,proc,4,True
2383,proc,4,True
2385,proc,4,True
2388,proc,4,True
2390,proc,4,True
/bin/mrkrgujysf,file,1,False
/tmp/mrkrgujysf,file,1,False
/usr/bin/nqompjvasm,file,997,True
2396,proc,4,True
2398,proc,4,True
2400,proc,4,True
2402,proc,4,True
2404,proc,4,True
/bin/nqompjvasm,file,1,False
/tmp/nqompjvasm,file,1,False
/usr/bin/shbysypwrw,file,995,True
2411,proc,4,True
2413,proc,4,True
2415,proc,4,True
2417,proc,4,True
2419,proc,4,True
/bin/shbysypwrw,file,1,False
/tmp/shbysypwrw,file,1,False
/usr/bin/ljkvvqwikg,file,838,True
2435,proc,4,True
2437,proc,4,True
2439,proc,4,True
2441,proc,4,True
2443,proc,4,True
/bin/ljkvvqwikg,file,1,False
/tmp/ljkvvqwikg,file,1,False
/usr/bin/qxlphuefkc,file,997,True
2449,proc,4,True
2451,proc,4,True
2453,proc,4,True
2456,proc,4,True
2459,proc,4,True
/bin/qxlphuefkc,file,1,False
/tmp/qxlphuefkc,file,1,False
/usr/bin/opsljmgqrn,file,673,True
2464,proc,4,True
2466,proc,4,True
2468,proc,4,True
2470,proc,4,True
2472,proc,4,True
/bin/opsljmgqrn,file,1,False
/tmp/opsljmgqrn,file,1,False
/usr/bin/epniefkbhz,file,508,True
2477,proc,4,True
2479,proc,4,True
2481,proc,4,True
2483,proc,4,True
2485,proc,4,True
/bin/epniefkbhz,file,1,False
/tmp/epniefkbhz,file,1,False
/usr/bin/dmrcgbaprc,file,997,True
2489,proc,4,True
2491,proc,4,True
2493,proc,4,True
2495,proc,4,True
2497,proc,4,True
/bin/dmrcgbaprc,file,1,False
/tmp/dmrcgbaprc,file,1,False
/usr/bin/gxkkivmjpd,file,999,True
2504,proc,4,True
2506,proc,4,True
2508,proc,4,True
2510,proc,4,True
2512,proc,4,True
/bin/gxkkivmjpd,file,1,False
/tmp/gxkkivmjpd,file,1,False
/usr/bin/gtngyvqpyl,file,995,True
2519,proc,4,True
2521,proc,4,True
2523,proc,4,True
2525,proc,4,True
2528,proc,4,True
/bin/gtngyvqpyl,file,1,False
/tmp/gtngyvqpyl,file,1,False
/usr/bin/ozufzrramx,file,1003,True
2684,proc,4,True
2686,proc,4,True
2688,proc,4,True
2690,proc,4,True
2692,proc,4,True
/bin/ozufzrramx,file,1,False
/tmp/ozufzrramx,file,1,False
/usr/bin/rdcciljilc,file,998,True
2732,proc,4,True
2734,proc,4,True
2736,proc,4,True
2738,proc,4,True
2740,proc,4,True
/bin/rdcciljilc,file,1,False
/tmp/rdcciljilc,file,1,False
chkconfig,proc,2,True
update-rc.d,proc,88,True
ID,other,24,False
/usr/local/share/perl/5.26.0,file,1,False
/etc/perl/strict.pmc,file,1,False
/etc/perl/strict.pm,file,1,False
/usr/local/share/perl/5.26.1/strict.pmc,file,1,False
/usr/local/share/perl/5.26.1/strict.pm,file,1,False
/usr/share/perl5/strict.pmc,file,1,False
/usr/share/perl5/strict.pm,file,1,False
/usr/share/perl/5.26/strict.pmc,file,1,False
/usr/share/perl/5.26/strict.pm,file,1,False
/etc/perl/warnings.pmc,file,1,False
/etc/perl/warnings.pm,file,1,False
/usr/local/share/perl/5.26.1/warnings.pmc,file,1,False
/usr/local/share/perl/5.26.1/warnings.pm,file,1,False
/usr/share/perl5/warnings.pmc,file,1,False
/usr/share/perl5/warnings.pm,file,1,False
/usr/share/perl/5.26/warnings.pmc,file,1,False
/usr/share/perl/5.26/warnings.pm,file,1,False
/etc/perl/File/Glob.pmc,file,1,False
/etc/perl/File/Glob.pm,file,1,False
/usr/local/share/perl/5.26.1/File/Glob.pmc,file,1,False
/usr/local/share/perl/5.26.1/File/Glob.pm,file,1,False
/usr/share/perl5/File/Glob.pmc,file,1,False
/usr/share/perl5/File/Glob.pm,file,1,False
/etc/perl/XSLoader.pmc,file,1,False
/etc/perl/XSLoader.pm,file,1,False
/usr/local/share/perl/5.26.1/XSLoader.pmc,file,1,False
/usr/local/share/perl/5.26.1/XSLoader.pm,file,1,False
/usr/share/perl5/XSLoader.pmc,file,1,False
/usr/share/perl5/XSLoader.pm,file,1,False
/usr/share/perl/5.26/XSLoader.pmc,file,1,False
/usr/share/perl/5.26/XSLoader.pm,file,1,False
/sbin/insserv,file,1,False
/sbin/openrc,file,1,False
"""/etc/rc4.d/S90bcytppakzr""",file,1,False
"""/etc/rc3.d/S90bcytppakzr""",file,1,False
"""/etc/rc2.d/S90bcytppakzr""",file,1,False
"""/etc/rc1.d/S90bcytppakzr""",file,1,False
"""/etc/rc5.d/S90bcytppakzr""",file,1,False
/run/systemd/system,file,1,False
Pipe 3 : read end from Pipe 4,other,1,False
Pipe 4 : write end to Pipe 3,other,1,False
systemctl,proc,94,False
/prober,file,1,False
.,file,1,False
/bin/sed,file,1,False
sed,proc,49,False
NO_PID,proc,1,False
/sys/fs/selinux,file,2,False
/selinux,file,2,False
/etc/selinux/config,file,2,False
/etc/crontab,file,2,True
Permission:0700,other,1,True
Permission:022,other,1,True
/etc/sedxloOkF,file,20,True
"""/var/run/gcc4.pid""",file,300,False
/var/run/gcc4.pid,file,4,True
"""/usr/bin/bcytppakzr""",file,299,False
0.0.0.0:53,net,60,True
8.8.8.8:53,net,59,True
0.0.0.0:8080,net,20,True
0.0.0.0:60000,net,38,True
1543,proc,293,False
1540,proc,293,False
1536,proc,293,False
1537,proc,293,False
/proc/1518/exe,file,1692,False
1542,proc,293,False
/proc/vz,file,1,False
" ""/proc/1/root""",file,1,False
" ""/""",file,1,False
" ""/run/systemd/system/""",file,1,False
1586,proc,290,False
1580,proc,293,False
1585,proc,290,False
1584,proc,290,False
1583,proc,293,False
1601,proc,293,False
1600,proc,293,False
1599,proc,290,False
1598,proc,290,False
1597,proc,290,False
1620,proc,293,False
1614,proc,293,False
1619,proc,293,False
1618,proc,293,False
1617,proc,293,False
1635,proc,293,False
1634,proc,293,False
1633,proc,293,False
1631,proc,293,False
1632,proc,293,False
1646,proc,293,False
1647,proc,293,False
1660,proc,293,False
1659,proc,293,False
1664,proc,293,False
1666,proc,293,False
1667,proc,293,False
1682,proc,293,False
1681,proc,293,False
1679,proc,293,False
1678,proc,293,False
1680,proc,293,False
1689,proc,293,False
1697,proc,293,False
1696,proc,293,False
1695,proc,293,False
1694,proc,293,False
1707,proc,293,False
1710,proc,293,False
1712,proc,293,False
1711,proc,293,False
1713,proc,293,False
1747,proc,293,False
1746,proc,293,False
1743,proc,293,False
1745,proc,293,False
1744,proc,293,False
1810,proc,293,False
1809,proc,293,False
1808,proc,293,False
1807,proc,293,False
1806,proc,293,False
1849,proc,293,False
1844,proc,293,False
1846,proc,293,False
1845,proc,293,False
1850,proc,293,False
1861,proc,293,False
1864,proc,293,False
1862,proc,293,False
1863,proc,293,False
1871,proc,293,False
1876,proc,293,False
1879,proc,293,False
1878,proc,293,False
1877,proc,293,False
1893,proc,293,False
1892,proc,293,False
1891,proc,293,False
1890,proc,293,False
1908,proc,293,False
1907,proc,293,False
1906,proc,293,False
1905,proc,293,False
1904,proc,293,False
1923,proc,293,False
1917,proc,293,False
1922,proc,293,False
1921,proc,293,False
1920,proc,293,False
1932,proc,293,False
1936,proc,293,False
1938,proc,290,False
1937,proc,293,False
1935,proc,293,False
1953,proc,293,False
1952,proc,293,False
1951,proc,293,False
1950,proc,293,False
1949,proc,293,False
1968,proc,290,False
1967,proc,290,False
1964,proc,293,False
1965,proc,290,False
1966,proc,290,False
1983,proc,293,False
1982,proc,293,False
1981,proc,293,False
1980,proc,293,False
1979,proc,293,False
1998,proc,293,False
1996,proc,293,False
1997,proc,293,False
1995,proc,293,False
1994,proc,293,False
2009,proc,293,False
2013,proc,293,False
2012,proc,293,False
2011,proc,293,False
2010,proc,293,False
2018,proc,293,False
2028,proc,293,False
2021,proc,293,False
2026,proc,293,False
2027,proc,293,False
2039,proc,293,False
2040,proc,293,False
2043,proc,293,False
2041,proc,293,False
2042,proc,293,False
2056,proc,293,False
2050,proc,293,False
2051,proc,293,False
2057,proc,293,False
2058,proc,293,False
2067,proc,293,False
2072,proc,293,False
2073,proc,293,False
2070,proc,293,False
2071,proc,293,False
2088,proc,293,False
2087,proc,293,False
2086,proc,293,False
2085,proc,293,False
2084,proc,293,False
2094,proc,293,False
2103,proc,293,False
2102,proc,293,False
2100,proc,293,False
2101,proc,293,False
2118,proc,293,False
2117,proc,293,False
2114,proc,293,False
2115,proc,293,False
2116,proc,293,False
2133,proc,293,False
2132,proc,293,False
2131,proc,293,False
2129,proc,293,False
2130,proc,293,False
2147,proc,293,False
2143,proc,293,False
2140,proc,293,False
2144,proc,293,False
2148,proc,293,False
2163,proc,293,False
2162,proc,293,False
2161,proc,293,False
2160,proc,293,False
2159,proc,293,False
2178,proc,293,False
2177,proc,293,False
2176,proc,293,False
2174,proc,293,False
2175,proc,293,False
2202,proc,293,False
2198,proc,293,False
2200,proc,293,False
2201,proc,293,False
2199,proc,293,False
2217,proc,293,False
2209,proc,293,False
2212,proc,293,False
2216,proc,293,False
2215,proc,293,False
2232,proc,293,False
2231,proc,293,False
2230,proc,293,False
2228,proc,293,False
2229,proc,293,False
2247,proc,293,False
2243,proc,293,False
2246,proc,293,False
2244,proc,293,False
2245,proc,293,False
2252,proc,293,False
2256,proc,293,False
2255,proc,293,False
2259,proc,290,False
2262,proc,290,False
2277,proc,293,False
2276,proc,293,False
2275,proc,293,False
2274,proc,293,False
2273,proc,293,False
2291,proc,293,False
2286,proc,293,False
2290,proc,293,False
2289,proc,293,False
2302,proc,293,False
2303,proc,293,False
2304,proc,293,False
2306,proc,293,False
2305,proc,293,False
2319,proc,293,False
2315,proc,293,False
2320,proc,293,False
2318,proc,293,False
2335,proc,293,False
2333,proc,293,False
2332,proc,293,False
2334,proc,293,False
2331,proc,293,False
2350,proc,293,False
2348,proc,293,False
2346,proc,293,False
2349,proc,293,False
2347,proc,293,False
2365,proc,293,False
2364,proc,293,False
2361,proc,293,False
2362,proc,293,False
2363,proc,293,False
2374,proc,293,False
2380,proc,293,False
2379,proc,293,False
2377,proc,293,False
2378,proc,293,False
2386,proc,293,False
2392,proc,293,False
2395,proc,293,False
2394,proc,293,False
2393,proc,293,False
2406,proc,293,False
2409,proc,293,False
2407,proc,293,False
2410,proc,293,False
2408,proc,293,False
2421,proc,293,False
2422,proc,293,False
2423,proc,293,False
2425,proc,293,False
2424,proc,293,False
2447,proc,293,False
2448,proc,293,False
2446,proc,293,False
2445,proc,293,False
2463,proc,293,False
2455,proc,293,False
2461,proc,293,False
2458,proc,293,False
2462,proc,293,False
2476,proc,293,False
2474,proc,293,False
2475,proc,293,False
2487,proc,293,False
2488,proc,293,False
2503,proc,293,False
2499,proc,293,False
2501,proc,293,False
2502,proc,293,False
2500,proc,293,False
2518,proc,293,False
2514,proc,293,False
2517,proc,293,False
2515,proc,290,False
2516,proc,293,False
2527,proc,290,False
2533,proc,293,False
2532,proc,293,False
2531,proc,293,False
2530,proc,293,False
2698,proc,293,False
2697,proc,293,False
2696,proc,293,False
2695,proc,293,False
2694,proc,293,False
2746,proc,280,False
2745,proc,280,False
2744,proc,280,False
2743,proc,280,False
2742,proc,280,False
