node_name,type,appearance,importance
malware,file,321,True
uname,file,2,False
Memory Address,mem,35117,True
8192*1024 bytes,other,287,False
/proc/self/exe,file,289,False
1509,proc,628,True
status:0,other,888,True
"""/usr""",file,61,False
"""/usr/bin""",file,61,False
"""/bin""",file,61,False
"""/tmp""",file,61,False
"""/var""",file,1,False
"""/var/run""",file,1,False
Timestamp,other,2873,False
Unknown,file,9654,True
/usr/bin/baqkswevck,proc,168,True
1510,proc,4,True
Sleep Duration,other,2084,False
1512,proc,20754,False
Shared Memory:2,other,1,False
/etc/init.d/baqkswevck,file,13,True
/etc/cron.hourly/gcc4.sh,file,3,True
/etc/rc1.d/S90baqkswevck,file,2,True
/etc/rc2.d/S90baqkswevck,file,2,True
/etc/rc3.d/S90baqkswevck,file,2,True
/etc/rc4.d/S90baqkswevck,file,2,True
/etc/rc5.d/S90baqkswevck,file,2,True
/etc/rc.d/rc1.d/S90baqkswevck,file,2,True
/etc/rc.d/rc2.d/S90baqkswevck,file,2,True
/etc/rc.d/rc3.d/S90baqkswevck,file,2,True
/etc/rc.d/rc4.d/S90baqkswevck,file,2,True
/etc/rc.d/rc5.d/S90baqkswevck,file,2,True
1513,proc,4,True
1515,proc,4,True
sh,proc,24,True
/proc/stat,file,2,True
1519,proc,900,True
1520,proc,331,True
1521,proc,2,True
/usr/bin/ywtjmzsoco,file,1001,True
1523,proc,4,True
1525,proc,4,True
1527,proc,4,True
1529,proc,4,True
1532,proc,4,True
/bin/ywtjmzsoco,file,1,False
/tmp/ywtjmzsoco,file,1,False
/usr/bin/zqfhjomogu,file,1003,True
1565,proc,4,True
1567,proc,4,True
1569,proc,4,True
1571,proc,4,True
1573,proc,4,True
/bin/zqfhjomogu,file,1,False
/tmp/zqfhjomogu,file,1,False
/usr/bin/nqxksqraqv,file,997,True
1580,proc,4,True
1582,proc,4,True
1584,proc,4,True
1586,proc,4,True
1589,proc,4,True
/bin/nqxksqraqv,file,1,False
/tmp/nqxksqraqv,file,1,False
/usr/bin/hjwmknrqgi,file,997,True
1599,proc,4,True
1601,proc,4,True
1603,proc,4,True
1605,proc,4,True
1608,proc,4,True
/bin/hjwmknrqgi,file,1,False
/tmp/hjwmknrqgi,file,1,False
/usr/bin/cosicxdwyg,file,1003,True
1614,proc,4,True
1616,proc,4,True
1618,proc,4,True
1620,proc,4,True
1622,proc,4,True
/bin/cosicxdwyg,file,1,False
/tmp/cosicxdwyg,file,1,False
/usr/bin/nbkfxmuhhr,file,995,True
1638,proc,4,True
1640,proc,4,True
1642,proc,4,True
1644,proc,4,True
1647,proc,4,True
/bin/nbkfxmuhhr,file,1,False
/tmp/nbkfxmuhhr,file,1,False
/usr/bin/nsylgkppjf,file,1003,True
1659,proc,4,True
1661,proc,4,True
1663,proc,4,True
1665,proc,4,True
1667,proc,4,True
/bin/nsylgkppjf,file,1,False
/tmp/nsylgkppjf,file,1,False
/usr/bin/ommxjfcuhx,file,1003,True
1674,proc,4,True
1676,proc,4,True
1678,proc,4,True
1680,proc,4,True
1682,proc,4,True
/bin/ommxjfcuhx,file,1,False
/tmp/ommxjfcuhx,file,1,False
/usr/bin/qweumilxgu,file,997,True
1689,proc,4,True
1691,proc,4,True
1693,proc,4,True
1695,proc,4,True
1698,proc,4,True
/bin/qweumilxgu,file,1,False
/tmp/qweumilxgu,file,1,False
/usr/bin/yiuqefvmrp,file,1003,True
1705,proc,4,True
1707,proc,4,True
1709,proc,4,True
1711,proc,4,True
1713,proc,4,True
/bin/yiuqefvmrp,file,1,False
/tmp/yiuqefvmrp,file,1,False
/usr/bin/ppgzjkdlgc,file,1003,True
1739,proc,4,True
1741,proc,4,True
1743,proc,4,True
1745,proc,4,True
1747,proc,4,True
/bin/ppgzjkdlgc,file,1,False
/tmp/ppgzjkdlgc,file,1,False
/usr/bin/ubgbwdvdeg,file,995,True
1802,proc,4,True
1804,proc,4,True
1806,proc,4,True
1809,proc,4,True
1812,proc,4,True
/bin/ubgbwdvdeg,file,1,False
/tmp/ubgbwdvdeg,file,1,False
/usr/bin/lgvprfeqvj,file,673,True
1842,proc,4,True
1844,proc,4,True
1846,proc,4,True
1848,proc,4,True
1850,proc,4,True
/bin/lgvprfeqvj,file,1,False
/tmp/lgvprfeqvj,file,1,False
/usr/bin/lzdmbgherc,file,1003,True
1855,proc,4,True
1857,proc,4,True
1859,proc,4,True
1861,proc,4,True
1863,proc,4,True
/bin/lzdmbgherc,file,1,False
/tmp/lzdmbgherc,file,1,False
/usr/bin/rsobupfpeo,file,999,True
1870,proc,4,True
1872,proc,4,True
1874,proc,4,True
1876,proc,4,True
1878,proc,4,True
/bin/rsobupfpeo,file,1,False
/tmp/rsobupfpeo,file,1,False
/usr/bin/pfbxsnaflc,file,995,True
1885,proc,4,True
1887,proc,4,True
1890,proc,4,True
1892,proc,4,True
1894,proc,4,True
/bin/pfbxsnaflc,file,1,False
/tmp/pfbxsnaflc,file,1,False
/usr/bin/rgwhakegji,file,997,True
1900,proc,4,True
1902,proc,4,True
1904,proc,4,True
1906,proc,4,True
1908,proc,4,True
/bin/rgwhakegji,file,1,False
/tmp/rgwhakegji,file,1,False
/usr/bin/aaaqhdwfsj,file,1003,True
1915,proc,4,True
1917,proc,4,True
1919,proc,4,True
1921,proc,4,True
1923,proc,4,True
/bin/aaaqhdwfsj,file,1,False
/tmp/aaaqhdwfsj,file,1,False
/usr/bin/tpbayyhjqs,file,997,True
1930,proc,4,True
1932,proc,4,True
1934,proc,4,True
1936,proc,4,True
1938,proc,4,True
/bin/tpbayyhjqs,file,1,False
/tmp/tpbayyhjqs,file,1,False
/usr/bin/lcfopplrti,file,1003,True
1945,proc,4,True
1947,proc,4,True
1949,proc,4,True
1951,proc,4,True
1953,proc,4,True
/bin/lcfopplrti,file,1,False
/tmp/lcfopplrti,file,1,False
/usr/bin/txovfnwlaf,file,1003,True
1960,proc,4,True
1962,proc,4,True
1964,proc,4,True
1966,proc,4,True
1968,proc,4,True
/bin/txovfnwlaf,file,1,False
/tmp/txovfnwlaf,file,1,False
/usr/bin/jyvwutscew,file,1003,True
1975,proc,4,True
1977,proc,4,True
1979,proc,4,True
1981,proc,4,True
1983,proc,4,True
/bin/jyvwutscew,file,1,False
/tmp/jyvwutscew,file,1,False
/usr/bin/nrjzvewuch,file,1003,True
1990,proc,4,True
1992,proc,4,True
1994,proc,4,True
1996,proc,4,True
1998,proc,4,True
/bin/nrjzvewuch,file,1,False
/tmp/nrjzvewuch,file,1,False
/usr/bin/xcdhgbbuiy,file,1003,True
2005,proc,4,True
2007,proc,4,True
2009,proc,4,True
2011,proc,4,True
2013,proc,4,True
/bin/xcdhgbbuiy,file,1,False
/tmp/xcdhgbbuiy,file,1,False
/usr/bin/kluhseyiov,file,1003,True
2020,proc,4,True
2022,proc,4,True
2024,proc,4,True
2026,proc,4,True
2028,proc,4,True
/bin/kluhseyiov,file,1,False
/tmp/kluhseyiov,file,1,False
/usr/bin/hzcwydbqzx,file,997,True
2035,proc,4,True
2037,proc,4,True
2039,proc,4,True
2041,proc,4,True
2043,proc,4,True
/bin/hzcwydbqzx,file,1,False
/tmp/hzcwydbqzx,file,1,False
/usr/bin/fkgubyoswp,file,997,True
2052,proc,4,True
2054,proc,4,True
2056,proc,4,True
2059,proc,4,True
2063,proc,4,True
/bin/fkgubyoswp,file,1,False
/tmp/fkgubyoswp,file,1,False
/usr/bin/pftberztfj,file,1003,True
2067,proc,4,True
2069,proc,4,True
2071,proc,4,True
2073,proc,4,True
2075,proc,4,True
/bin/pftberztfj,file,1,False
/tmp/pftberztfj,file,1,False
/usr/bin/qilrjwiukx,file,1003,True
2082,proc,4,True
2084,proc,4,True
2086,proc,4,True
2088,proc,4,True
2090,proc,4,True
/bin/qilrjwiukx,file,1,False
/tmp/qilrjwiukx,file,1,False
/usr/bin/xmoyfgmfvi,file,1003,True
2097,proc,4,True
2099,proc,4,True
2101,proc,4,True
2103,proc,4,True
2105,proc,4,True
/bin/xmoyfgmfvi,file,1,False
/tmp/xmoyfgmfvi,file,1,False
/usr/bin/ybhtkvuece,file,1003,True
2112,proc,4,True
2114,proc,4,True
2116,proc,4,True
2118,proc,4,True
2120,proc,4,True
/bin/ybhtkvuece,file,1,False
/tmp/ybhtkvuece,file,1,False
/usr/bin/scpwdxyrdx,file,997,True
2127,proc,4,True
2129,proc,4,True
2131,proc,4,True
2133,proc,4,True
2136,proc,4,True
/bin/scpwdxyrdx,file,1,False
/tmp/scpwdxyrdx,file,1,False
/usr/bin/hnptujpsgr,file,997,True
2142,proc,4,True
2144,proc,4,True
2146,proc,4,True
2148,proc,4,True
2151,proc,4,True
/bin/hnptujpsgr,file,1,False
/tmp/hnptujpsgr,file,1,False
/usr/bin/oarkfpfoun,file,673,True
2157,proc,4,True
2159,proc,4,True
2161,proc,4,True
2163,proc,4,True
2165,proc,4,True
/bin/oarkfpfoun,file,1,False
/tmp/oarkfpfoun,file,1,False
/usr/bin/rvpfixqjbs,file,1003,True
2170,proc,4,True
2172,proc,4,True
2174,proc,4,True
2176,proc,4,True
2178,proc,4,True
/bin/rvpfixqjbs,file,1,False
/tmp/rvpfixqjbs,file,1,False
/usr/bin/ebqguuumai,file,995,True
2185,proc,4,True
2187,proc,4,True
2189,proc,4,True
2191,proc,4,True
2194,proc,4,True
/bin/ebqguuumai,file,1,False
/tmp/ebqguuumai,file,1,False
/usr/bin/zoufoznqnv,file,671,True
2200,proc,4,True
2202,proc,4,True
2204,proc,4,True
2206,proc,4,True
2208,proc,4,True
/bin/zoufoznqnv,file,1,False
/tmp/zoufoznqnv,file,1,False
/usr/bin/mcsokdtoni,file,1003,True
2213,proc,4,True
2215,proc,4,True
2217,proc,4,True
2219,proc,4,True
2221,proc,4,True
/bin/mcsokdtoni,file,1,False
/tmp/mcsokdtoni,file,1,False
/usr/bin/qaoaddvele,file,1003,True
2228,proc,4,True
2230,proc,4,True
2232,proc,4,True
2234,proc,4,True
2236,proc,4,True
/bin/qaoaddvele,file,1,False
/tmp/qaoaddvele,file,1,False
/usr/bin/raewnlpejs,file,673,True
2243,proc,4,True
2245,proc,4,True
2247,proc,4,True
2249,proc,4,True
2251,proc,4,True
/bin/raewnlpejs,file,1,False
/tmp/raewnlpejs,file,1,False
/usr/bin/kqiujgtnzx,file,1003,True
2256,proc,4,True
2258,proc,4,True
2260,proc,4,True
2262,proc,4,True
2264,proc,4,True
/bin/kqiujgtnzx,file,1,False
/tmp/kqiujgtnzx,file,1,False
/usr/bin/jewacdjlfv,file,997,True
2280,proc,4,True
2282,proc,4,True
2284,proc,4,True
2286,proc,4,True
2288,proc,4,True
/bin/jewacdjlfv,file,1,False
/tmp/jewacdjlfv,file,1,False
/usr/bin/cgpnxqgiyo,file,997,True
2295,proc,4,True
2297,proc,4,True
2299,proc,4,True
2302,proc,4,True
2304,proc,4,True
/bin/cgpnxqgiyo,file,1,False
/tmp/cgpnxqgiyo,file,1,False
/usr/bin/cgvggcpjvi,file,1001,True
2310,proc,4,True
2312,proc,4,True
2314,proc,4,True
2316,proc,4,True
2319,proc,4,True
/bin/cgvggcpjvi,file,1,False
/tmp/cgvggcpjvi,file,1,False
/usr/bin/tbhazltecs,file,1003,True
2325,proc,4,True
2327,proc,4,True
2329,proc,4,True
2331,proc,4,True
2333,proc,4,True
/bin/tbhazltecs,file,1,False
/tmp/tbhazltecs,file,1,False
/usr/bin/dtwwsbpcuq,file,838,True
2340,proc,4,True
2342,proc,4,True
2344,proc,4,True
2346,proc,4,True
2348,proc,4,True
/bin/dtwwsbpcuq,file,1,False
/tmp/dtwwsbpcuq,file,1,False
/usr/bin/gzillmzvmx,file,997,True
2354,proc,4,True
2356,proc,4,True
2358,proc,4,True
2360,proc,4,True
2363,proc,4,True
/bin/gzillmzvmx,file,1,False
/tmp/gzillmzvmx,file,1,False
/usr/bin/hpabqvmshl,file,508,True
2369,proc,4,True
2371,proc,4,True
2373,proc,4,True
2375,proc,4,True
2377,proc,4,True
/bin/hpabqvmshl,file,1,False
/tmp/hpabqvmshl,file,1,False
/usr/bin/kfsfokhskv,file,997,True
2381,proc,4,True
2383,proc,4,True
2385,proc,4,True
2388,proc,4,True
2390,proc,4,True
/bin/kfsfokhskv,file,1,False
/tmp/kfsfokhskv,file,1,False
/usr/bin/jftqpophri,file,508,True
2396,proc,4,True
2398,proc,4,True
2400,proc,4,True
2402,proc,4,True
2404,proc,4,True
/bin/jftqpophri,file,1,False
/tmp/jftqpophri,file,1,False
/usr/bin/xtgvuppbjy,file,995,True
2408,proc,4,True
2410,proc,4,True
2412,proc,4,True
2414,proc,4,True
2416,proc,4,True
/bin/xtgvuppbjy,file,1,False
/tmp/xtgvuppbjy,file,1,False
/usr/bin/thwqplxqry,file,999,True
2423,proc,4,True
2425,proc,4,True
2427,proc,4,True
2429,proc,4,True
2431,proc,4,True
/bin/thwqplxqry,file,1,False
/tmp/thwqplxqry,file,1,False
/usr/bin/pdkhcvpgaq,file,997,True
2438,proc,4,True
2440,proc,4,True
2442,proc,4,True
2444,proc,4,True
2446,proc,4,True
/bin/pdkhcvpgaq,file,1,False
/tmp/pdkhcvpgaq,file,1,False
/usr/bin/kcndewvjrb,file,1001,True
2453,proc,4,True
2455,proc,4,True
2457,proc,4,True
2459,proc,4,True
2461,proc,4,True
/bin/kcndewvjrb,file,1,False
/tmp/kcndewvjrb,file,1,False
/usr/bin/heioccztfd,file,508,True
2477,proc,4,True
2479,proc,4,True
2481,proc,4,True
2483,proc,4,True
2485,proc,4,True
/bin/heioccztfd,file,1,False
/tmp/heioccztfd,file,1,False
/usr/bin/ndfabzvlij,file,995,True
2489,proc,4,True
2491,proc,4,True
2493,proc,4,True
2495,proc,4,True
2500,proc,4,True
/bin/ndfabzvlij,file,1,False
/tmp/ndfabzvlij,file,1,False
/usr/bin/emxfbzrgsk,file,995,True
2504,proc,4,True
2506,proc,4,True
2508,proc,4,True
2510,proc,4,True
2513,proc,4,True
/bin/emxfbzrgsk,file,1,False
/tmp/emxfbzrgsk,file,1,False
/usr/bin/yyscjffyzl,file,1003,True
2519,proc,4,True
2521,proc,4,True
2523,proc,4,True
2525,proc,4,True
2527,proc,4,True
/bin/yyscjffyzl,file,1,False
/tmp/yyscjffyzl,file,1,False
/usr/bin/yrabdmbemn,file,997,True
2551,proc,4,True
2553,proc,4,True
2556,proc,4,True
2558,proc,4,True
2560,proc,4,True
/bin/yrabdmbemn,file,1,False
/tmp/yrabdmbemn,file,1,False
/usr/bin/zadkfofolm,file,998,True
2732,proc,4,True
2734,proc,4,True
2736,proc,4,True
2738,proc,4,True
2740,proc,4,True
/bin/zadkfofolm,file,1,False
/tmp/zadkfofolm,file,1,False
chkconfig,proc,2,True
update-rc.d,proc,88,True
ID,other,24,False
/usr/local/share/perl/5.26.0,file,1,False
/etc/perl/strict.pmc,file,1,False
/etc/perl/strict.pm,file,1,False
/usr/local/share/perl/5.26.1/strict.pmc,file,1,False
/usr/local/share/perl/5.26.1/strict.pm,file,1,False
/usr/share/perl5/strict.pmc,file,1,False
/usr/share/perl5/strict.pm,file,1,False
/usr/share/perl/5.26/strict.pmc,file,1,False
/usr/share/perl/5.26/strict.pm,file,1,False
/etc/perl/warnings.pmc,file,1,False
/etc/perl/warnings.pm,file,1,False
/usr/local/share/perl/5.26.1/warnings.pmc,file,1,False
/usr/local/share/perl/5.26.1/warnings.pm,file,1,False
/usr/share/perl5/warnings.pmc,file,1,False
/usr/share/perl5/warnings.pm,file,1,False
/usr/share/perl/5.26/warnings.pmc,file,1,False
/usr/share/perl/5.26/warnings.pm,file,1,False
/etc/perl/File/Glob.pmc,file,1,False
/etc/perl/File/Glob.pm,file,1,False
/usr/local/share/perl/5.26.1/File/Glob.pmc,file,1,False
/usr/local/share/perl/5.26.1/File/Glob.pm,file,1,False
/usr/share/perl5/File/Glob.pmc,file,1,False
/usr/share/perl5/File/Glob.pm,file,1,False
/etc/perl/XSLoader.pmc,file,1,False
/etc/perl/XSLoader.pm,file,1,False
/usr/local/share/perl/5.26.1/XSLoader.pmc,file,1,False
/usr/local/share/perl/5.26.1/XSLoader.pm,file,1,False
/usr/share/perl5/XSLoader.pmc,file,1,False
/usr/share/perl5/XSLoader.pm,file,1,False
/usr/share/perl/5.26/XSLoader.pmc,file,1,False
/usr/share/perl/5.26/XSLoader.pm,file,1,False
/sbin/insserv,file,1,False
/sbin/openrc,file,1,False
"""/etc/rc4.d/S90baqkswevck""",file,1,False
"""/etc/rc3.d/S90baqkswevck""",file,1,False
"""/etc/rc2.d/S90baqkswevck""",file,1,False
"""/etc/rc1.d/S90baqkswevck""",file,1,False
"""/etc/rc5.d/S90baqkswevck""",file,1,False
/run/systemd/system,file,1,False
Pipe 3 : read end from Pipe 4,other,1,False
Pipe 4 : write end to Pipe 3,other,1,False
systemctl,proc,94,False
/prober,file,1,False
.,file,1,False
/bin/sed,file,1,False
sed,proc,49,False
NO_PID,proc,1,False
/sys/fs/selinux,file,2,False
/selinux,file,2,False
/etc/selinux/config,file,2,False
/etc/crontab,file,2,True
Permission:0700,other,1,True
Permission:022,other,1,True
/etc/sedp4R9h0,file,20,True
"""/var/run/gcc4.pid""",file,300,False
/var/run/gcc4.pid,file,4,True
"""/usr/bin/baqkswevck""",file,299,False
0.0.0.0:53,net,60,True
8.8.8.8:53,net,59,True
0.0.0.0:8080,net,20,True
0.0.0.0:60000,net,38,True
/proc/vz,file,1,False
" ""/proc/1/root""",file,1,False
" ""/""",file,1,False
" ""/run/systemd/system/""",file,1,False
1535,proc,293,False
1530,proc,293,False
1534,proc,293,False
/proc/1512/exe,file,1671,False
1554,proc,293,False
1555,proc,293,False
1579,proc,293,False
1578,proc,293,False
1576,proc,293,False
1575,proc,293,False
1577,proc,293,False
1594,proc,293,False
1588,proc,293,False
1593,proc,293,False
1592,proc,293,False
1591,proc,293,False
1613,proc,293,False
1607,proc,293,False
1612,proc,293,False
1611,proc,293,False
1610,proc,293,False
1628,proc,293,False
1627,proc,293,False
1626,proc,293,False
1625,proc,293,False
1624,proc,293,False
1646,proc,293,False
1649,proc,293,False
1652,proc,293,False
1651,proc,293,False
1650,proc,293,False
1673,proc,293,False
1672,proc,293,False
1671,proc,293,False
1670,proc,293,False
1669,proc,293,False
1688,proc,293,False
1687,proc,293,False
1686,proc,293,False
1685,proc,293,False
1684,proc,293,False
1703,proc,293,False
1697,proc,293,False
1700,proc,293,False
1702,proc,293,False
1701,proc,293,False
1719,proc,293,False
1718,proc,293,False
1716,proc,293,False
1715,proc,293,False
1717,proc,293,False
1753,proc,293,False
1752,proc,293,False
1751,proc,293,False
1750,proc,293,False
1749,proc,293,False
1808,proc,293,False
1811,proc,293,False
1815,proc,293,False
1816,proc,290,False
1814,proc,293,False
1853,proc,293,False
1852,proc,293,False
1854,proc,293,False
1869,proc,293,False
1868,proc,290,False
1867,proc,290,False
1866,proc,290,False
1865,proc,290,False
1880,proc,290,False
1884,proc,293,False
1883,proc,293,False
1882,proc,293,False
1881,proc,293,False
1897,proc,293,False
1889,proc,293,False
1896,proc,293,False
1898,proc,293,False
1899,proc,293,False
1910,proc,293,False
1911,proc,293,False
1914,proc,293,False
1912,proc,293,False
1913,proc,293,False
1929,proc,293,False
1928,proc,293,False
1926,proc,293,False
1927,proc,293,False
1925,proc,293,False
1944,proc,293,False
1940,proc,293,False
1943,proc,293,False
1942,proc,293,False
1941,proc,293,False
1959,proc,293,False
1958,proc,293,False
1956,proc,293,False
1957,proc,293,False
1955,proc,293,False
1974,proc,293,False
1973,proc,293,False
1972,proc,293,False
1971,proc,293,False
1970,proc,293,False
1989,proc,293,False
1988,proc,293,False
1987,proc,293,False
1985,proc,293,False
1986,proc,293,False
2004,proc,293,False
2003,proc,293,False
2002,proc,293,False
2000,proc,293,False
2001,proc,293,False
2018,proc,293,False
2019,proc,293,False
2017,proc,293,False
2016,proc,293,False
2015,proc,293,False
2034,proc,293,False
2033,proc,293,False
2032,proc,293,False
2030,proc,293,False
2031,proc,293,False
2049,proc,293,False
2045,proc,293,False
2048,proc,293,False
2047,proc,293,False
2046,proc,293,False
2066,proc,293,False
2058,proc,293,False
2062,proc,293,False
2061,proc,293,False
2065,proc,293,False
2081,proc,293,False
2080,proc,293,False
2079,proc,293,False
2078,proc,293,False
2077,proc,293,False
2096,proc,293,False
2095,proc,293,False
2093,proc,293,False
2092,proc,293,False
2094,proc,293,False
2111,proc,293,False
2110,proc,293,False
2109,proc,293,False
2108,proc,293,False
2107,proc,293,False
2126,proc,293,False
2125,proc,293,False
2122,proc,293,False
2123,proc,293,False
2124,proc,293,False
2135,proc,293,False
2141,proc,293,False
2138,proc,293,False
2140,proc,293,False
2139,proc,293,False
2150,proc,293,False
2154,proc,293,False
2155,proc,293,False
2156,proc,293,False
2153,proc,293,False
2168,proc,293,False
2169,proc,293,False
2167,proc,293,False
2184,proc,293,False
2183,proc,293,False
2182,proc,293,False
2180,proc,293,False
2181,proc,293,False
2192,proc,293,False
2199,proc,293,False
2198,proc,293,False
2197,proc,293,False
2196,proc,293,False
2212,proc,293,False
2210,proc,293,False
2211,proc,293,False
2227,proc,290,False
2226,proc,290,False
2225,proc,293,False
2224,proc,293,False
2223,proc,293,False
2242,proc,290,False
2241,proc,290,False
2240,proc,293,False
2239,proc,293,False
2238,proc,293,False
2255,proc,293,False
2253,proc,293,False
2254,proc,293,False
2270,proc,293,False
2269,proc,293,False
2266,proc,293,False
2268,proc,293,False
2267,proc,293,False
2290,proc,293,False
2291,proc,293,False
2294,proc,293,False
2293,proc,293,False
2292,proc,293,False
2301,proc,293,False
2306,proc,293,False
2309,proc,293,False
2307,proc,293,False
2308,proc,293,False
2324,proc,293,False
2323,proc,293,False
2322,proc,293,False
2318,proc,293,False
2321,proc,293,False
2339,proc,293,False
2338,proc,293,False
2337,proc,293,False
2336,proc,293,False
2335,proc,293,False
2353,proc,293,False
2351,proc,293,False
2350,proc,293,False
2352,proc,293,False
2362,proc,293,False
2365,proc,293,False
2368,proc,293,False
2367,proc,293,False
2366,proc,293,False
2380,proc,293,False
2379,proc,293,False
2387,proc,293,False
2392,proc,293,False
2395,proc,293,False
2393,proc,293,False
2394,proc,293,False
2407,proc,293,False
2406,proc,293,False
2418,proc,293,False
2419,proc,293,False
2420,proc,293,False
2422,proc,293,False
2421,proc,293,False
2433,proc,293,False
2434,proc,293,False
2437,proc,293,False
2436,proc,293,False
2435,proc,293,False
2448,proc,293,False
2449,proc,293,False
2452,proc,293,False
2451,proc,293,False
2450,proc,293,False
2467,proc,293,False
2463,proc,293,False
2464,proc,293,False
2465,proc,293,False
2466,proc,293,False
2487,proc,293,False
2488,proc,293,False
2497,proc,293,False
2499,proc,293,False
2498,proc,293,False
2503,proc,293,False
2502,proc,293,False
2512,proc,293,False
2518,proc,293,False
2517,proc,293,False
2516,proc,293,False
2515,proc,293,False
2533,proc,290,False
2532,proc,293,False
2530,proc,293,False
2529,proc,293,False
2531,proc,293,False
2568,proc,293,False
2611,proc,293,False
2591,proc,293,False
2569,proc,293,False
2573,proc,293,False
2746,proc,283,False
2745,proc,283,False
2744,proc,283,False
2742,proc,283,False
2743,proc,283,False
