node_name,type,appearance,importance
malware,file,321,True
uname,file,2,False
Memory Address,mem,35990,True
8192*1024 bytes,other,294,False
/proc/self/exe,file,296,False
1522,proc,628,True
status:0,other,895,True
"""/usr""",file,61,False
"""/usr/bin""",file,61,False
"""/bin""",file,61,False
"""/tmp""",file,61,False
"""/var""",file,1,False
"""/var/run""",file,1,False
Timestamp,other,2885,False
Unknown,file,9693,True
/usr/bin/ydmhmimjla,proc,168,True
1523,proc,4,True
Sleep Duration,other,2122,False
1525,proc,20652,False
Shared Memory:2,other,1,False
/etc/init.d/ydmhmimjla,file,13,True
/etc/cron.hourly/gcc4.sh,file,3,True
/etc/rc1.d/S90ydmhmimjla,file,2,True
/etc/rc2.d/S90ydmhmimjla,file,2,True
/etc/rc3.d/S90ydmhmimjla,file,2,True
/etc/rc4.d/S90ydmhmimjla,file,2,True
/etc/rc5.d/S90ydmhmimjla,file,2,True
/etc/rc.d/rc1.d/S90ydmhmimjla,file,2,True
/etc/rc.d/rc2.d/S90ydmhmimjla,file,2,True
/etc/rc.d/rc3.d/S90ydmhmimjla,file,2,True
/etc/rc.d/rc4.d/S90ydmhmimjla,file,2,True
/etc/rc.d/rc5.d/S90ydmhmimjla,file,2,True
1526,proc,4,True
1528,proc,4,True
sh,proc,24,True
/proc/stat,file,2,True
1532,proc,897,True
1533,proc,370,True
1534,proc,2,True
/usr/bin/xizyswzoti,file,838,True
1535,proc,4,True
1537,proc,4,True
1539,proc,4,True
1541,proc,4,True
1543,proc,4,True
/bin/xizyswzoti,file,1,False
/tmp/xizyswzoti,file,1,False
/usr/bin/mlspeyhdmd,file,997,True
1577,proc,4,True
1579,proc,4,True
1581,proc,4,True
1583,proc,4,True
1586,proc,4,True
/bin/mlspeyhdmd,file,1,False
/tmp/mlspeyhdmd,file,1,False
/usr/bin/fumfwobqva,file,1003,True
1592,proc,4,True
1594,proc,4,True
1596,proc,4,True
1598,proc,4,True
1600,proc,4,True
/bin/fumfwobqva,file,1,False
/tmp/fumfwobqva,file,1,False
/usr/bin/cufhqcxgxs,file,997,True
1611,proc,4,True
1613,proc,4,True
1615,proc,4,True
1617,proc,4,True
1620,proc,4,True
/bin/cufhqcxgxs,file,1,False
/tmp/cufhqcxgxs,file,1,False
/usr/bin/gcsmxlhjmp,file,1003,True
1626,proc,4,True
1628,proc,4,True
1630,proc,4,True
1632,proc,4,True
1634,proc,4,True
/bin/gcsmxlhjmp,file,1,False
/tmp/gcsmxlhjmp,file,1,False
/usr/bin/oxfkfwsmbi,file,1003,True
1641,proc,4,True
1643,proc,4,True
1645,proc,4,True
1647,proc,4,True
1649,proc,4,True
/bin/oxfkfwsmbi,file,1,False
/tmp/oxfkfwsmbi,file,1,False
/usr/bin/hwwhquwipo,file,1003,True
1662,proc,4,True
1664,proc,4,True
1666,proc,4,True
1668,proc,4,True
1670,proc,4,True
/bin/hwwhquwipo,file,1,False
/tmp/hwwhquwipo,file,1,False
/usr/bin/ywzdtsgxmh,file,997,True
1677,proc,4,True
1679,proc,4,True
1682,proc,4,True
1684,proc,4,True
1686,proc,4,True
/bin/ywzdtsgxmh,file,1,False
/tmp/ywzdtsgxmh,file,1,False
/usr/bin/hcsojfeetq,file,997,True
1692,proc,4,True
1694,proc,4,True
1696,proc,4,True
1699,proc,4,True
1703,proc,4,True
/bin/hcsojfeetq,file,1,False
/tmp/hcsojfeetq,file,1,False
/usr/bin/ifzmtbipsm,file,997,True
1708,proc,4,True
1710,proc,4,True
1713,proc,4,True
1716,proc,4,True
1719,proc,4,True
/bin/ifzmtbipsm,file,1,False
/tmp/ifzmtbipsm,file,1,False
/usr/bin/qaxgcdplms,file,1003,True
1742,proc,4,True
1744,proc,4,True
1746,proc,4,True
1748,proc,4,True
1750,proc,4,True
/bin/qaxgcdplms,file,1,False
/tmp/qaxgcdplms,file,1,False
/usr/bin/saqxczcffi,file,1003,True
1814,proc,4,True
1816,proc,4,True
1818,proc,4,True
1820,proc,4,True
1822,proc,4,True
/bin/saqxczcffi,file,1,False
/tmp/saqxczcffi,file,1,False
/usr/bin/airdgmvqsb,file,1003,True
1854,proc,4,True
1856,proc,4,True
1858,proc,4,True
1860,proc,4,True
1862,proc,4,True
/bin/airdgmvqsb,file,1,False
/tmp/airdgmvqsb,file,1,False
/usr/bin/hvurkczfnb,file,997,True
1869,proc,4,True
1871,proc,4,True
1873,proc,4,True
1875,proc,4,True
1878,proc,4,True
/bin/hvurkczfnb,file,1,False
/tmp/hvurkczfnb,file,1,False
/usr/bin/cyeakxexdo,file,838,True
1884,proc,4,True
1886,proc,4,True
1888,proc,4,True
1890,proc,4,True
1892,proc,4,True
/bin/cyeakxexdo,file,1,False
/tmp/cyeakxexdo,file,1,False
/usr/bin/doceapadaa,file,834,True
1898,proc,4,True
1900,proc,4,True
1902,proc,4,True
1904,proc,4,True
1906,proc,4,True
/bin/doceapadaa,file,1,False
/tmp/doceapadaa,file,1,False
/usr/bin/rxcsyeovqu,file,997,True
1912,proc,4,True
1914,proc,4,True
1916,proc,4,True
1918,proc,4,True
1920,proc,4,True
/bin/rxcsyeovqu,file,1,False
/tmp/rxcsyeovqu,file,1,False
/usr/bin/qjhxjfqslp,file,997,True
1927,proc,4,True
1929,proc,4,True
1931,proc,4,True
1933,proc,4,True
1936,proc,4,True
/bin/qjhxjfqslp,file,1,False
/tmp/qjhxjfqslp,file,1,False
/usr/bin/pqooefitch,file,1003,True
1942,proc,4,True
1944,proc,4,True
1946,proc,4,True
1948,proc,4,True
1950,proc,4,True
/bin/pqooefitch,file,1,False
/tmp/pqooefitch,file,1,False
/usr/bin/hmnquyqqmj,file,1003,True
1957,proc,4,True
1959,proc,4,True
1961,proc,4,True
1963,proc,4,True
1965,proc,4,True
/bin/hmnquyqqmj,file,1,False
/tmp/hmnquyqqmj,file,1,False
/usr/bin/zkqnugiqpf,file,995,True
1972,proc,4,True
1974,proc,4,True
1976,proc,4,True
1978,proc,4,True
1981,proc,4,True
/bin/zkqnugiqpf,file,1,False
/tmp/zkqnugiqpf,file,1,False
/usr/bin/iguiwchmbk,file,997,True
1987,proc,4,True
1989,proc,4,True
1991,proc,4,True
1994,proc,4,True
1998,proc,4,True
/bin/iguiwchmbk,file,1,False
/tmp/iguiwchmbk,file,1,False
/usr/bin/gldxdusjvp,file,997,True
2002,proc,4,True
2004,proc,4,True
2006,proc,4,True
2009,proc,4,True
2011,proc,4,True
/bin/gldxdusjvp,file,1,False
/tmp/gldxdusjvp,file,1,False
/usr/bin/dxiispmdej,file,1003,True
2017,proc,4,True
2019,proc,4,True
2021,proc,4,True
2023,proc,4,True
2025,proc,4,True
/bin/dxiispmdej,file,1,False
/tmp/dxiispmdej,file,1,False
/usr/bin/towhnhzwax,file,1003,True
2032,proc,4,True
2034,proc,4,True
2036,proc,4,True
2038,proc,4,True
2040,proc,4,True
/bin/towhnhzwax,file,1,False
/tmp/towhnhzwax,file,1,False
/usr/bin/yvqhmxrcqn,file,1003,True
2047,proc,4,True
2049,proc,4,True
2051,proc,4,True
2053,proc,4,True
2055,proc,4,True
/bin/yvqhmxrcqn,file,1,False
/tmp/yvqhmxrcqn,file,1,False
/usr/bin/mbyoyuldgg,file,1003,True
2064,proc,4,True
2066,proc,4,True
2068,proc,4,True
2070,proc,4,True
2072,proc,4,True
/bin/mbyoyuldgg,file,1,False
/tmp/mbyoyuldgg,file,1,False
/usr/bin/qhazixxozx,file,997,True
2079,proc,4,True
2081,proc,4,True
2083,proc,4,True
2086,proc,4,True
2088,proc,4,True
/bin/qhazixxozx,file,1,False
/tmp/qhazixxozx,file,1,False
/usr/bin/shxhwhqusq,file,997,True
2094,proc,4,True
2096,proc,4,True
2098,proc,4,True
2100,proc,4,True
2102,proc,4,True
/bin/shxhwhqusq,file,1,False
/tmp/shxhwhqusq,file,1,False
/usr/bin/lhvvmnmlvu,file,1003,True
2109,proc,4,True
2111,proc,4,True
2113,proc,4,True
2115,proc,4,True
2117,proc,4,True
/bin/lhvvmnmlvu,file,1,False
/tmp/lhvvmnmlvu,file,1,False
/usr/bin/gprzbhgebo,file,995,True
2124,proc,4,True
2126,proc,4,True
2128,proc,4,True
2130,proc,4,True
2134,proc,4,True
/bin/gprzbhgebo,file,1,False
/tmp/gprzbhgebo,file,1,False
/usr/bin/glimznprhf,file,997,True
2139,proc,4,True
2141,proc,4,True
2143,proc,4,True
2145,proc,4,True
2148,proc,4,True
/bin/glimznprhf,file,1,False
/tmp/glimznprhf,file,1,False
/usr/bin/huarzjjylw,file,997,True
2154,proc,4,True
2156,proc,4,True
2158,proc,4,True
2160,proc,4,True
2163,proc,4,True
/bin/huarzjjylw,file,1,False
/tmp/huarzjjylw,file,1,False
/usr/bin/irkknnhizl,file,995,True
2169,proc,4,True
2171,proc,4,True
2173,proc,4,True
2175,proc,4,True
2178,proc,4,True
/bin/irkknnhizl,file,1,False
/tmp/irkknnhizl,file,1,False
/usr/bin/kaefkvegcy,file,1003,True
2184,proc,4,True
2186,proc,4,True
2188,proc,4,True
2190,proc,4,True
2192,proc,4,True
/bin/kaefkvegcy,file,1,False
/tmp/kaefkvegcy,file,1,False
/usr/bin/dyvgewnrmr,file,995,True
2199,proc,4,True
2201,proc,4,True
2204,proc,4,True
2206,proc,4,True
2208,proc,4,True
/bin/dyvgewnrmr,file,1,False
/tmp/dyvgewnrmr,file,1,False
/usr/bin/yvxhykvpup,file,995,True
2214,proc,4,True
2216,proc,4,True
2219,proc,4,True
2221,proc,4,True
2223,proc,4,True
/bin/yvxhykvpup,file,1,False
/tmp/yvxhykvpup,file,1,False
/usr/bin/yjzhkjknhv,file,838,True
2229,proc,4,True
2231,proc,4,True
2233,proc,4,True
2235,proc,4,True
2237,proc,4,True
/bin/yjzhkjknhv,file,1,False
/tmp/yjzhkjknhv,file,1,False
/usr/bin/jdiezkjodu,file,508,True
2243,proc,4,True
2245,proc,4,True
2247,proc,4,True
2249,proc,4,True
2251,proc,4,True
/bin/jdiezkjodu,file,1,False
/tmp/jdiezkjodu,file,1,False
/usr/bin/vaxtuatpbb,file,997,True
2255,proc,4,True
2257,proc,4,True
2259,proc,4,True
2261,proc,4,True
2264,proc,4,True
/bin/vaxtuatpbb,file,1,False
/tmp/vaxtuatpbb,file,1,False
/usr/bin/pumrscjfnv,file,834,True
2270,proc,4,True
2272,proc,4,True
2274,proc,4,True
2276,proc,4,True
2278,proc,4,True
/bin/pumrscjfnv,file,1,False
/tmp/pumrscjfnv,file,1,False
/usr/bin/cbdgehxrat,file,997,True
2284,proc,4,True
2286,proc,4,True
2288,proc,4,True
2290,proc,4,True
2293,proc,4,True
/bin/cbdgehxrat,file,1,False
/tmp/cbdgehxrat,file,1,False
/usr/bin/cbaubfdrjf,file,997,True
2299,proc,4,True
2301,proc,4,True
2303,proc,4,True
2305,proc,4,True
2308,proc,4,True
/bin/cbaubfdrjf,file,1,False
/tmp/cbaubfdrjf,file,1,False
/usr/bin/dxkpqffhra,file,673,True
2314,proc,4,True
2316,proc,4,True
2318,proc,4,True
2320,proc,4,True
2322,proc,4,True
/bin/dxkpqffhra,file,1,False
/tmp/dxkpqffhra,file,1,False
/usr/bin/tyuhvedpet,file,995,True
2327,proc,4,True
2329,proc,4,True
2331,proc,4,True
2333,proc,4,True
2337,proc,4,True
/bin/tyuhvedpet,file,1,False
/tmp/tyuhvedpet,file,1,False
/usr/bin/dmyrxarluc,file,997,True
2342,proc,4,True
2344,proc,4,True
2346,proc,4,True
2348,proc,4,True
2350,proc,4,True
/bin/dmyrxarluc,file,1,False
/tmp/dmyrxarluc,file,1,False
/usr/bin/iqvpnfgnpj,file,1003,True
2357,proc,4,True
2359,proc,4,True
2361,proc,4,True
2363,proc,4,True
2365,proc,4,True
/bin/iqvpnfgnpj,file,1,False
/tmp/iqvpnfgnpj,file,1,False
/usr/bin/cjzxzrjmir,file,995,True
2381,proc,4,True
2383,proc,4,True
2385,proc,4,True
2387,proc,4,True
2390,proc,4,True
/bin/cjzxzrjmir,file,1,False
/tmp/cjzxzrjmir,file,1,False
/usr/bin/qhcwvjpiqg,file,997,True
2396,proc,4,True
2398,proc,4,True
2400,proc,4,True
2402,proc,4,True
2404,proc,4,True
/bin/qhcwvjpiqg,file,1,False
/tmp/qhcwvjpiqg,file,1,False
/usr/bin/izuxapqtdg,file,997,True
2411,proc,4,True
2413,proc,4,True
2415,proc,4,True
2417,proc,4,True
2419,proc,4,True
/bin/izuxapqtdg,file,1,False
/tmp/izuxapqtdg,file,1,False
/usr/bin/uveskimkdx,file,995,True
2426,proc,4,True
2428,proc,4,True
2430,proc,4,True
2433,proc,4,True
2436,proc,4,True
/bin/uveskimkdx,file,1,False
/tmp/uveskimkdx,file,1,False
/usr/bin/nuepwaepbh,file,995,True
2441,proc,4,True
2443,proc,4,True
2446,proc,4,True
2448,proc,4,True
2450,proc,4,True
/bin/nuepwaepbh,file,1,False
/tmp/nuepwaepbh,file,1,False
/usr/bin/rbzjwdccdx,file,997,True
2456,proc,4,True
2458,proc,4,True
2460,proc,4,True
2463,proc,4,True
2466,proc,4,True
/bin/rbzjwdccdx,file,1,False
/tmp/rbzjwdccdx,file,1,False
/usr/bin/gnspcyarzt,file,999,True
2471,proc,4,True
2473,proc,4,True
2475,proc,4,True
2477,proc,4,True
2480,proc,4,True
/bin/gnspcyarzt,file,1,False
/tmp/gnspcyarzt,file,1,False
/usr/bin/vwmkqrxsmj,file,997,True
2486,proc,4,True
2488,proc,4,True
2490,proc,4,True
2494,proc,4,True
2497,proc,4,True
/bin/vwmkqrxsmj,file,1,False
/tmp/vwmkqrxsmj,file,1,False
/usr/bin/dkweroazeh,file,995,True
2501,proc,4,True
2503,proc,4,True
2505,proc,4,True
2507,proc,4,True
2510,proc,4,True
/bin/dkweroazeh,file,1,False
/tmp/dkweroazeh,file,1,False
/usr/bin/frndqvjtbo,file,995,True
2516,proc,4,True
2518,proc,4,True
2520,proc,4,True
2522,proc,4,True
2527,proc,4,True
/bin/frndqvjtbo,file,1,False
/tmp/frndqvjtbo,file,1,False
/usr/bin/jbltcridxp,file,838,True
2531,proc,4,True
2533,proc,4,True
2535,proc,4,True
2537,proc,4,True
2539,proc,4,True
/bin/jbltcridxp,file,1,False
/tmp/jbltcridxp,file,1,False
/usr/bin/jlivweyidc,file,1003,True
2694,proc,4,True
2696,proc,4,True
2698,proc,4,True
2700,proc,4,True
2702,proc,4,True
/bin/jlivweyidc,file,1,False
/tmp/jlivweyidc,file,1,False
/usr/bin/xbhtmtxgys,file,998,True
2752,proc,4,True
2754,proc,4,True
2756,proc,4,True
2758,proc,4,True
2760,proc,4,True
/bin/xbhtmtxgys,file,1,False
/tmp/xbhtmtxgys,file,1,False
chkconfig,proc,2,True
update-rc.d,proc,88,True
ID,other,24,False
/usr/local/share/perl/5.26.0,file,1,False
/etc/perl/strict.pmc,file,1,False
/etc/perl/strict.pm,file,1,False
/usr/local/share/perl/5.26.1/strict.pmc,file,1,False
/usr/local/share/perl/5.26.1/strict.pm,file,1,False
/usr/share/perl5/strict.pmc,file,1,False
/usr/share/perl5/strict.pm,file,1,False
/usr/share/perl/5.26/strict.pmc,file,1,False
/usr/share/perl/5.26/strict.pm,file,1,False
/etc/perl/warnings.pmc,file,1,False
/etc/perl/warnings.pm,file,1,False
/usr/local/share/perl/5.26.1/warnings.pmc,file,1,False
/usr/local/share/perl/5.26.1/warnings.pm,file,1,False
/usr/share/perl5/warnings.pmc,file,1,False
/usr/share/perl5/warnings.pm,file,1,False
/usr/share/perl/5.26/warnings.pmc,file,1,False
/usr/share/perl/5.26/warnings.pm,file,1,False
/etc/perl/File/Glob.pmc,file,1,False
/etc/perl/File/Glob.pm,file,1,False
/usr/local/share/perl/5.26.1/File/Glob.pmc,file,1,False
/usr/local/share/perl/5.26.1/File/Glob.pm,file,1,False
/usr/share/perl5/File/Glob.pmc,file,1,False
/usr/share/perl5/File/Glob.pm,file,1,False
/etc/perl/XSLoader.pmc,file,1,False
/etc/perl/XSLoader.pm,file,1,False
/usr/local/share/perl/5.26.1/XSLoader.pmc,file,1,False
/usr/local/share/perl/5.26.1/XSLoader.pm,file,1,False
/usr/share/perl5/XSLoader.pmc,file,1,False
/usr/share/perl5/XSLoader.pm,file,1,False
/usr/share/perl/5.26/XSLoader.pmc,file,1,False
/usr/share/perl/5.26/XSLoader.pm,file,1,False
/sbin/insserv,file,1,False
/sbin/openrc,file,1,False
"""/etc/rc4.d/S90ydmhmimjla""",file,1,False
"""/etc/rc3.d/S90ydmhmimjla""",file,1,False
"""/etc/rc2.d/S90ydmhmimjla""",file,1,False
"""/etc/rc1.d/S90ydmhmimjla""",file,1,False
"""/etc/rc5.d/S90ydmhmimjla""",file,1,False
/run/systemd/system,file,1,False
Pipe 3 : read end from Pipe 4,other,1,False
Pipe 4 : write end to Pipe 3,other,1,False
systemctl,proc,94,False
/prober,file,1,False
.,file,1,False
/bin/sed,file,1,False
sed,proc,49,False
NO_PID,proc,1,False
/sys/fs/selinux,file,2,False
/selinux,file,2,False
/etc/selinux/config,file,2,False
/etc/crontab,file,2,True
Permission:0700,other,1,True
Permission:022,other,1,True
/etc/sedmvJKoz,file,20,True
"""/var/run/gcc4.pid""",file,299,False
/var/run/gcc4.pid,file,4,True
"""/usr/bin/ydmhmimjla""",file,298,False
183.60.202.2:2444,net,29,True
103.25.9.228:53,net,54,True
8.8.8.8:53,net,53,True
0.0.0.0:2444,net,52,True
1548,proc,293,False
1545,proc,293,False
1546,proc,293,False
1549,proc,293,False
/proc/1525/exe,file,1710,False
/proc/vz,file,1,False
" ""/proc/1/root""",file,1,False
" ""/""",file,1,False
" ""/run/systemd/system/""",file,1,False
1591,proc,293,False
1585,proc,293,False
1590,proc,293,False
1589,proc,293,False
1588,proc,293,False
1606,proc,293,False
1605,proc,293,False
1604,proc,293,False
1603,proc,293,False
1602,proc,293,False
1625,proc,293,False
1619,proc,293,False
1624,proc,293,False
1623,proc,293,False
1622,proc,293,False
1640,proc,293,False
1639,proc,293,False
1638,proc,293,False
1637,proc,293,False
1636,proc,293,False
1654,proc,293,False
1655,proc,293,False
1653,proc,293,False
1651,proc,293,False
1652,proc,293,False
1676,proc,293,False
1674,proc,293,False
1673,proc,293,False
1672,proc,293,False
1675,proc,293,False
1681,proc,293,False
1688,proc,293,False
1691,proc,293,False
1690,proc,293,False
1689,proc,293,False
1706,proc,293,False
1698,proc,293,False
1702,proc,293,False
1701,proc,293,False
1705,proc,293,False
1722,proc,293,False
1712,proc,293,False
1715,proc,293,False
1718,proc,293,False
1721,proc,293,False
1756,proc,293,False
1755,proc,293,False
1752,proc,293,False
1754,proc,293,False
1753,proc,293,False
1828,proc,293,False
1827,proc,293,False
1826,proc,293,False
1825,proc,293,False
1824,proc,293,False
1868,proc,293,False
1867,proc,293,False
1866,proc,293,False
1865,proc,293,False
1864,proc,293,False
1877,proc,293,False
1880,proc,293,False
1883,proc,293,False
1882,proc,293,False
1881,proc,293,False
1894,proc,293,False
1897,proc,293,False
1896,proc,293,False
1895,proc,293,False
1911,proc,293,False
1908,proc,293,False
1909,proc,293,False
1910,proc,293,False
1922,proc,293,False
1923,proc,293,False
1926,proc,293,False
1925,proc,293,False
1924,proc,293,False
1941,proc,293,False
1935,proc,293,False
1937,proc,293,False
1940,proc,293,False
1939,proc,293,False
1956,proc,293,False
1955,proc,293,False
1954,proc,293,False
1952,proc,293,False
1953,proc,293,False
1971,proc,293,False
1970,proc,293,False
1969,proc,293,False
1968,proc,293,False
1967,proc,293,False
1983,proc,293,False
1980,proc,293,False
1986,proc,293,False
1985,proc,293,False
1984,proc,293,False
2001,proc,293,False
1993,proc,293,False
1997,proc,293,False
1996,proc,293,False
2000,proc,293,False
2008,proc,293,False
2013,proc,293,False
2015,proc,290,False
2014,proc,293,False
2016,proc,293,False
2031,proc,293,False
2030,proc,293,False
2029,proc,293,False
2027,proc,293,False
2028,proc,293,False
2046,proc,293,False
2045,proc,293,False
2044,proc,290,False
2042,proc,290,False
2043,proc,290,False
2061,proc,293,False
2060,proc,293,False
2059,proc,293,False
2057,proc,290,False
2058,proc,290,False
2076,proc,293,False
2078,proc,293,False
2077,proc,293,False
2074,proc,293,False
2075,proc,293,False
2085,proc,293,False
2090,proc,293,False
2093,proc,293,False
2091,proc,293,False
2092,proc,293,False
2108,proc,293,False
2104,proc,293,False
2106,proc,293,False
2107,proc,293,False
2105,proc,293,False
2123,proc,293,False
2122,proc,293,False
2121,proc,293,False
2120,proc,293,False
2119,proc,293,False
2133,proc,293,False
2138,proc,293,False
2132,proc,293,False
2137,proc,293,False
2136,proc,293,False
2147,proc,293,False
2152,proc,293,False
2153,proc,293,False
2151,proc,293,False
2150,proc,293,False
2168,proc,293,False
2162,proc,293,False
2167,proc,293,False
2166,proc,293,False
2165,proc,293,False
2179,proc,293,False
2177,proc,293,False
2183,proc,293,False
2182,proc,293,False
2181,proc,293,False
2198,proc,293,False
2197,proc,293,False
2195,proc,293,False
2196,proc,293,False
2194,proc,293,False
2203,proc,293,False
2213,proc,293,False
2211,proc,293,False
2210,proc,293,False
2212,proc,293,False
2218,proc,293,False
2228,proc,293,False
2227,proc,293,False
2225,proc,293,False
2226,proc,293,False
2239,proc,293,False
2242,proc,293,False
2240,proc,293,False
2241,proc,293,False
2253,proc,293,False
2254,proc,293,False
2263,proc,293,False
2266,proc,293,False
2269,proc,293,False
2268,proc,293,False
2267,proc,293,False
2280,proc,293,False
2282,proc,293,False
2283,proc,293,False
2281,proc,293,False
2292,proc,293,False
2295,proc,293,False
2298,proc,290,False
2297,proc,293,False
2296,proc,293,False
2313,proc,290,False
2307,proc,293,False
2312,proc,293,False
2311,proc,293,False
2310,proc,293,False
2326,proc,293,False
2324,proc,293,False
2325,proc,293,False
2336,proc,293,False
2335,proc,293,False
2341,proc,293,False
2339,proc,290,False
2340,proc,293,False
2352,proc,293,False
2353,proc,293,False
2356,proc,293,False
2355,proc,293,False
2354,proc,293,False
2371,proc,293,False
2370,proc,293,False
2369,proc,293,False
2368,proc,293,False
2367,proc,293,False
2388,proc,293,False
2392,proc,293,False
2395,proc,293,False
2393,proc,293,False
2394,proc,293,False
2406,proc,293,False
2409,proc,293,False
2410,proc,293,False
2408,proc,293,False
2407,proc,293,False
2421,proc,293,False
2425,proc,293,False
2424,proc,293,False
2422,proc,293,False
2423,proc,293,False
2435,proc,293,False
2438,proc,293,False
2432,proc,293,False
2440,proc,293,False
2439,proc,293,False
2445,proc,293,False
2452,proc,293,False
2455,proc,293,False
2454,proc,293,False
2453,proc,293,False
2470,proc,293,False
2462,proc,293,False
2465,proc,293,False
2468,proc,293,False
2469,proc,293,False
2485,proc,293,False
2479,proc,293,False
2484,proc,293,False
2483,proc,293,False
2482,proc,293,False
2496,proc,293,False
2492,proc,293,False
2493,proc,293,False
2500,proc,293,False
2499,proc,293,False
2509,proc,293,False
2515,proc,293,False
2514,proc,293,False
2513,proc,293,False
2512,proc,293,False
2523,proc,293,False
2529,proc,293,False
2526,proc,293,False
2525,proc,293,False
2530,proc,293,False
2544,proc,293,False
2543,proc,293,False
2541,proc,293,False
2542,proc,293,False
2708,proc,293,False
2707,proc,293,False
2704,proc,293,False
2705,proc,293,False
2706,proc,293,False
2766,proc,280,False
2765,proc,280,False
2764,proc,280,False
2762,proc,280,False
2763,proc,280,False
