node_name,type,appearance,importance
malware,file,353,True
uname,file,2,False
Memory Address,mem,40329,True
8192*1024 bytes,other,292,False
/proc/self/exe,file,294,False
1523,proc,689,True
status:0,other,893,True
"""/boot""",file,61,False
"""/var""",file,1,False
"""/var/run""",file,1,False
Timestamp,other,2860,False
Unknown,file,10677,True
/boot/kujhqfcyqa,proc,184,True
1524,proc,4,True
Sleep Duration,other,2113,False
1526,proc,22252,False
Shared Memory:2,other,1,False
/etc/init.d/kujhqfcyqa,file,13,True
/etc/cron.hourly/cron.sh,file,3,True
/proc/rs_dev,file,579,True
/etc/rc1.d/S90kujhqfcyqa,file,2,True
/etc/rc2.d/S90kujhqfcyqa,file,2,True
/etc/rc3.d/S90kujhqfcyqa,file,2,True
/etc/rc4.d/S90kujhqfcyqa,file,2,True
/etc/rc5.d/S90kujhqfcyqa,file,2,True
/etc/rc.d/rc1.d/S90kujhqfcyqa,file,2,True
/etc/rc.d/rc2.d/S90kujhqfcyqa,file,2,True
/etc/rc.d/rc3.d/S90kujhqfcyqa,file,2,True
/etc/rc.d/rc4.d/S90kujhqfcyqa,file,2,True
/etc/rc.d/rc5.d/S90kujhqfcyqa,file,2,True
1527,proc,4,True
1529,proc,4,True
sh,proc,24,True
/proc/stat,file,2,True
1533,proc,897,True
1534,proc,363,True
1535,proc,13,True
/boot/ehqpdmkwdk,file,1097,True
1536,proc,4,True
1538,proc,4,True
1540,proc,4,True
1542,proc,4,True
1547,proc,4,True
/boot/yitvunismk,file,918,True
1579,proc,4,True
1581,proc,4,True
1583,proc,4,True
1585,proc,4,True
1587,proc,4,True
/boot/bfjdlxafcy,file,1093,True
1593,proc,4,True
1595,proc,4,True
1597,proc,4,True
1599,proc,4,True
1601,proc,4,True
/boot/atenysnzpl,file,1099,True
1613,proc,4,True
1615,proc,4,True
1617,proc,4,True
1619,proc,4,True
1623,proc,4,True
/boot/bwvldvedhv,file,1093,True
1629,proc,4,True
1631,proc,4,True
1633,proc,4,True
1635,proc,4,True
1638,proc,4,True
/boot/zlviqecnoy,file,1099,True
1644,proc,4,True
1646,proc,4,True
1648,proc,4,True
1650,proc,4,True
1652,proc,4,True
/boot/gytdligkrf,file,1093,True
1665,proc,4,True
1667,proc,4,True
1669,proc,4,True
1671,proc,4,True
1673,proc,4,True
/boot/qtwaefgxyr,file,1093,True
1680,proc,4,True
1682,proc,4,True
1684,proc,4,True
1686,proc,4,True
1689,proc,4,True
/boot/rymvemkpwv,file,1091,True
1695,proc,4,True
1697,proc,4,True
1699,proc,4,True
1701,proc,4,True
1704,proc,4,True
/boot/dhcghduqfd,file,1093,True
1711,proc,4,True
1713,proc,4,True
1715,proc,4,True
1720,proc,4,True
1722,proc,4,True
/boot/fplbbigkwx,file,1099,True
1745,proc,4,True
1747,proc,4,True
1749,proc,4,True
1751,proc,4,True
1753,proc,4,True
/boot/pfrkutwxks,file,1099,True
1808,proc,4,True
1810,proc,4,True
1812,proc,4,True
1814,proc,4,True
1816,proc,4,True
/boot/ppfglkecsq,file,737,True
1848,proc,4,True
1850,proc,4,True
1852,proc,4,True
1854,proc,4,True
1856,proc,4,True
/boot/rdfvfttkud,file,1093,True
1861,proc,4,True
1863,proc,4,True
1865,proc,4,True
1868,proc,4,True
1872,proc,4,True
/boot/agiiiyqfhh,file,1093,True
1876,proc,4,True
1878,proc,4,True
1880,proc,4,True
1882,proc,4,True
1884,proc,4,True
/boot/zamwadsvey,file,1091,True
1891,proc,4,True
1893,proc,4,True
1896,proc,4,True
1899,proc,4,True
1901,proc,4,True
/boot/xwwqyytkoe,file,1093,True
1906,proc,4,True
1908,proc,4,True
1910,proc,4,True
1912,proc,4,True
1914,proc,4,True
/boot/nopwuxhmcv,file,1099,True
1967,proc,4,True
1969,proc,4,True
1971,proc,4,True
1973,proc,4,True
1975,proc,4,True
/boot/zsicwsfgyl,file,1099,True
1982,proc,4,True
1984,proc,4,True
1986,proc,4,True
1988,proc,4,True
1990,proc,4,True
/boot/eoklbtffzp,file,918,True
1997,proc,4,True
1999,proc,4,True
2001,proc,4,True
2003,proc,4,True
2005,proc,4,True
/boot/jvkpnnqpmz,file,1093,True
2011,proc,4,True
2013,proc,4,True
2015,proc,4,True
2017,proc,4,True
2019,proc,4,True
/boot/stelqrmpti,file,1093,True
2026,proc,4,True
2028,proc,4,True
2031,proc,4,True
2033,proc,4,True
2035,proc,4,True
/boot/qhldljkbie,file,1091,True
2041,proc,4,True
2043,proc,4,True
2045,proc,4,True
2047,proc,4,True
2050,proc,4,True
/boot/vcvaxvfaeh,file,1091,True
2056,proc,4,True
2058,proc,4,True
2060,proc,4,True
2063,proc,4,True
2066,proc,4,True
/boot/xhpbsrnhij,file,1093,True
2071,proc,4,True
2073,proc,4,True
2076,proc,4,True
2078,proc,4,True
2080,proc,4,True
/boot/snvajtsxtk,file,1099,True
2086,proc,4,True
2088,proc,4,True
2090,proc,4,True
2092,proc,4,True
2094,proc,4,True
/boot/dpqyzfepwb,file,1093,True
2101,proc,4,True
2103,proc,4,True
2105,proc,4,True
2107,proc,4,True
2109,proc,4,True
/boot/dpeqbxzxld,file,1099,True
2116,proc,4,True
2118,proc,4,True
2120,proc,4,True
2122,proc,4,True
2124,proc,4,True
/boot/mtyxkeaofa,file,1095,True
2131,proc,4,True
2133,proc,4,True
2135,proc,4,True
2139,proc,4,True
2142,proc,4,True
/boot/eopqnjalbv,file,1093,True
2146,proc,4,True
2148,proc,4,True
2150,proc,4,True
2153,proc,4,True
2155,proc,4,True
/boot/wavgfnfpsn,file,1091,True
2161,proc,4,True
2163,proc,4,True
2165,proc,4,True
2167,proc,4,True
2170,proc,4,True
/boot/sxvbndvzxu,file,914,True
2176,proc,4,True
2178,proc,4,True
2180,proc,4,True
2182,proc,4,True
2184,proc,4,True
/boot/yfodmbutkd,file,1093,True
2190,proc,4,True
2192,proc,4,True
2194,proc,4,True
2196,proc,4,True
2198,proc,4,True
/boot/qcfpnxrpyg,file,1093,True
2205,proc,4,True
2207,proc,4,True
2210,proc,4,True
2213,proc,4,True
2216,proc,4,True
/boot/hrpeeuljcr,file,1093,True
2220,proc,4,True
2222,proc,4,True
2224,proc,4,True
2226,proc,4,True
2228,proc,4,True
/boot/jcerymhkwg,file,1091,True
2235,proc,4,True
2237,proc,4,True
2239,proc,4,True
2242,proc,4,True
2244,proc,4,True
/boot/wywkbtgaxx,file,1093,True
2250,proc,4,True
2252,proc,4,True
2254,proc,4,True
2256,proc,4,True
2258,proc,4,True
/boot/yeifdcpngl,file,1093,True
2265,proc,4,True
2267,proc,4,True
2269,proc,4,True
2272,proc,4,True
2274,proc,4,True
/boot/mvrpxipgwy,file,914,True
2280,proc,4,True
2282,proc,4,True
2284,proc,4,True
2286,proc,4,True
2290,proc,4,True
/boot/rvvhqjmqvn,file,1093,True
2294,proc,4,True
2296,proc,4,True
2298,proc,4,True
2300,proc,4,True
2303,proc,4,True
/boot/wvlektbkpr,file,1091,True
2309,proc,4,True
2311,proc,4,True
2315,proc,4,True
2317,proc,4,True
2319,proc,4,True
/boot/cfjoaiiixs,file,914,True
2324,proc,4,True
2326,proc,4,True
2328,proc,4,True
2331,proc,4,True
2333,proc,4,True
/boot/yvhmtvpznj,file,1091,True
2338,proc,4,True
2340,proc,4,True
2342,proc,4,True
2344,proc,4,True
2350,proc,4,True
/boot/uhbbguamih,file,1097,True
2353,proc,4,True
2355,proc,4,True
2357,proc,4,True
2359,proc,4,True
2361,proc,4,True
/boot/xplogdarsh,file,914,True
2368,proc,4,True
2370,proc,4,True
2372,proc,4,True
2374,proc,4,True
2377,proc,4,True
/boot/eksqszqapw,file,916,True
2382,proc,4,True
2384,proc,4,True
2386,proc,4,True
2388,proc,4,True
2391,proc,4,True
/boot/cvgtgxzcwu,file,1093,True
2396,proc,4,True
2398,proc,4,True
2400,proc,4,True
2402,proc,4,True
2405,proc,4,True
/boot/thcfouvtgi,file,1099,True
2411,proc,4,True
2413,proc,4,True
2415,proc,4,True
2417,proc,4,True
2419,proc,4,True
/boot/mawvdvirjo,file,1099,True
2426,proc,4,True
2428,proc,4,True
2430,proc,4,True
2432,proc,4,True
2434,proc,4,True
/boot/jfskdwmgjx,file,918,True
2441,proc,4,True
2443,proc,4,True
2445,proc,4,True
2447,proc,4,True
2449,proc,4,True
/boot/klyhqvtjcq,file,916,True
2455,proc,4,True
2457,proc,4,True
2459,proc,4,True
2461,proc,4,True
2463,proc,4,True
/boot/buucwxcmal,file,914,True
2469,proc,4,True
2471,proc,4,True
2473,proc,4,True
2475,proc,4,True
2477,proc,4,True
/boot/xesdkemazj,file,1095,True
2500,proc,4,True
2502,proc,4,True
2504,proc,4,True
2506,proc,4,True
2510,proc,4,True
/boot/omqpujdgxq,file,1093,True
2515,proc,4,True
2517,proc,4,True
2519,proc,4,True
2521,proc,4,True
2524,proc,4,True
/boot/yaivdabtsz,file,1099,True
2530,proc,4,True
2532,proc,4,True
2534,proc,4,True
2536,proc,4,True
2538,proc,4,True
/boot/wewnlkofbg,file,1099,True
2554,proc,4,True
2556,proc,4,True
2558,proc,4,True
2560,proc,4,True
2562,proc,4,True
/boot/ysysahndcy,file,914,True
2569,proc,4,True
2571,proc,4,True
2573,proc,4,True
2575,proc,4,True
2577,proc,4,True
/boot/xnbdptwrgf,file,1093,True
2583,proc,4,True
2585,proc,4,True
2587,proc,4,True
2589,proc,4,True
2591,proc,4,True
/boot/angsvaaqtp,file,1093,True
2598,proc,4,True
2600,proc,4,True
2602,proc,4,True
2605,proc,4,True
2607,proc,4,True
/boot/alnffmewbc,file,1086,True
2764,proc,4,True
2766,proc,4,True
2768,proc,4,True
2770,proc,4,True
2775,proc,4,True
chkconfig,proc,2,True
update-rc.d,proc,88,True
ID,other,24,False
/usr/local/share/perl/5.26.0,file,1,False
/etc/perl/strict.pmc,file,1,False
/etc/perl/strict.pm,file,1,False
/usr/local/share/perl/5.26.1/strict.pmc,file,1,False
/usr/local/share/perl/5.26.1/strict.pm,file,1,False
/usr/share/perl5/strict.pmc,file,1,False
/usr/share/perl5/strict.pm,file,1,False
/usr/share/perl/5.26/strict.pmc,file,1,False
/usr/share/perl/5.26/strict.pm,file,1,False
/etc/perl/warnings.pmc,file,1,False
/etc/perl/warnings.pm,file,1,False
/usr/local/share/perl/5.26.1/warnings.pmc,file,1,False
/usr/local/share/perl/5.26.1/warnings.pm,file,1,False
/usr/share/perl5/warnings.pmc,file,1,False
/usr/share/perl5/warnings.pm,file,1,False
/usr/share/perl/5.26/warnings.pmc,file,1,False
/usr/share/perl/5.26/warnings.pm,file,1,False
/etc/perl/File/Glob.pmc,file,1,False
/etc/perl/File/Glob.pm,file,1,False
/usr/local/share/perl/5.26.1/File/Glob.pmc,file,1,False
/usr/local/share/perl/5.26.1/File/Glob.pm,file,1,False
/usr/share/perl5/File/Glob.pmc,file,1,False
/usr/share/perl5/File/Glob.pm,file,1,False
/etc/perl/XSLoader.pmc,file,1,False
/etc/perl/XSLoader.pm,file,1,False
/usr/local/share/perl/5.26.1/XSLoader.pmc,file,1,False
/usr/local/share/perl/5.26.1/XSLoader.pm,file,1,False
/usr/share/perl5/XSLoader.pmc,file,1,False
/usr/share/perl5/XSLoader.pm,file,1,False
/usr/share/perl/5.26/XSLoader.pmc,file,1,False
/usr/share/perl/5.26/XSLoader.pm,file,1,False
/sbin/insserv,file,1,False
/sbin/openrc,file,1,False
"""/etc/rc4.d/S90kujhqfcyqa""",file,1,False
"""/etc/rc3.d/S90kujhqfcyqa""",file,1,False
"""/etc/rc2.d/S90kujhqfcyqa""",file,1,False
"""/etc/rc1.d/S90kujhqfcyqa""",file,1,False
"""/etc/rc5.d/S90kujhqfcyqa""",file,1,False
/run/systemd/system,file,1,False
Pipe 3 : read end from Pipe 4,other,1,False
Pipe 4 : write end to Pipe 3,other,1,False
systemctl,proc,94,False
/prober,file,1,False
.,file,1,False
/bin/sed,file,1,False
sed,proc,49,False
NO_PID,proc,1,False
/sys/fs/selinux,file,2,False
/selinux,file,2,False
/etc/selinux/config,file,2,False
/etc/crontab,file,2,True
Permission:0700,other,1,True
Permission:022,other,1,True
/etc/sedh5fgwl,file,20,True
"""/var/run/sftp.pid""",file,299,False
/var/run/sftp.pid,file,4,True
"""/boot/kujhqfcyqa""",file,298,False
103.25.9.228:53,net,51,True
8.8.8.8:53,net,50,True
0.0.0.0:8005,net,48,True
66.102.253.30:8005,net,12,True
103.240.141.50:8005,net,12,True
103.25.9.245:8005,net,12,True
0.0.0.0:80,net,2,True
1551,proc,327,False
1546,proc,327,False
1545,proc,327,False
1544,proc,327,False
/proc/1526/exe,file,1701,False
1550,proc,327,False
/proc/vz,file,1,False
" ""/proc/1/root""",file,1,False
" ""/""",file,1,False
" ""/run/systemd/system/""",file,1,False
1592,proc,327,False
1591,proc,327,False
1589,proc,327,False
1590,proc,327,False
1607,proc,327,False
1603,proc,327,False
1606,proc,327,False
1605,proc,327,False
1604,proc,327,False
1628,proc,327,False
1627,proc,327,False
1625,proc,327,False
1622,proc,327,False
1626,proc,327,False
1643,proc,327,False
1637,proc,327,False
1642,proc,324,False
1641,proc,327,False
1640,proc,327,False
1658,proc,327,False
1657,proc,327,False
1656,proc,327,False
1654,proc,327,False
1655,proc,324,False
1676,proc,327,False
1675,proc,327,False
1679,proc,327,False
1677,proc,327,False
1678,proc,327,False
1694,proc,327,False
1688,proc,327,False
1691,proc,327,False
1693,proc,327,False
1692,proc,327,False
1703,proc,327,False
1706,proc,327,False
1709,proc,327,False
1708,proc,327,False
1707,proc,327,False
1719,proc,327,False
1717,proc,327,False
1718,proc,327,False
1723,proc,327,False
1725,proc,327,False
1759,proc,327,False
1758,proc,327,False
1757,proc,327,False
1756,proc,327,False
1755,proc,327,False
1821,proc,327,False
1822,proc,327,False
1820,proc,327,False
1818,proc,327,False
1819,proc,327,False
1860,proc,327,False
1859,proc,327,False
1858,proc,327,False
1874,proc,327,False
1867,proc,327,False
1871,proc,327,False
1870,proc,327,False
1875,proc,327,False
1886,proc,327,False
1887,proc,327,False
1890,proc,327,False
1889,proc,327,False
1888,proc,327,False
1895,proc,327,False
1898,proc,327,False
1903,proc,327,False
1904,proc,327,False
1905,proc,327,False
1920,proc,327,False
1915,proc,327,False
1919,proc,327,False
1918,proc,327,False
1917,proc,327,False
1981,proc,327,False
1980,proc,327,False
1979,proc,327,False
1977,proc,327,False
1978,proc,327,False
1996,proc,327,False
1995,proc,327,False
1992,proc,327,False
1993,proc,327,False
1994,proc,327,False
2010,proc,327,False
2009,proc,327,False
2007,proc,327,False
2008,proc,327,False
2021,proc,327,False
2022,proc,327,False
2025,proc,327,False
2024,proc,327,False
2023,proc,327,False
2030,proc,327,False
2040,proc,327,False
2039,proc,327,False
2037,proc,327,False
2038,proc,327,False
2049,proc,327,False
2052,proc,327,False
2053,proc,327,False
2054,proc,327,False
2055,proc,327,False
2062,proc,327,False
2065,proc,327,False
2070,proc,327,False
2069,proc,327,False
2068,proc,327,False
2075,proc,327,False
2082,proc,327,False
2085,proc,327,False
2084,proc,327,False
2083,proc,327,False
2100,proc,327,False
2099,proc,324,False
2098,proc,327,False
2097,proc,327,False
2096,proc,327,False
2111,proc,327,False
2112,proc,327,False
2115,proc,327,False
2114,proc,324,False
2113,proc,324,False
2130,proc,327,False
2129,proc,327,False
2128,proc,327,False
2127,proc,327,False
2126,proc,327,False
2141,proc,327,False
2137,proc,327,False
2138,proc,327,False
2145,proc,327,False
2144,proc,327,False
2152,proc,327,False
2160,proc,327,False
2158,proc,327,False
2159,proc,327,False
2157,proc,327,False
2169,proc,327,False
2175,proc,327,False
2174,proc,327,False
2173,proc,327,False
2172,proc,327,False
2186,proc,327,False
2187,proc,327,False
2188,proc,327,False
2189,proc,327,False
2199,proc,327,False
2204,proc,327,False
2201,proc,327,False
2202,proc,327,False
2203,proc,327,False
2219,proc,327,False
2209,proc,327,False
2212,proc,327,False
2215,proc,327,False
2218,proc,327,False
2234,proc,327,False
2231,proc,327,False
2233,proc,327,False
2232,proc,327,False
2230,proc,327,False
2241,proc,327,False
2245,proc,327,False
2248,proc,327,False
2249,proc,327,False
2247,proc,327,False
2264,proc,327,False
2259,proc,327,False
2263,proc,327,False
2262,proc,327,False
2261,proc,327,False
2271,proc,327,False
2277,proc,327,False
2279,proc,327,False
2276,proc,327,False
2278,proc,327,False
2292,proc,327,False
2288,proc,327,False
2289,proc,327,False
2293,proc,327,False
2302,proc,327,False
2308,proc,327,False
2307,proc,327,False
2305,proc,327,False
2306,proc,327,False
2314,proc,327,False
2313,proc,327,False
2322,proc,327,False
2323,proc,327,False
2321,proc,327,False
2337,proc,327,False
2330,proc,327,False
2335,proc,327,False
2336,proc,327,False
2348,proc,327,False
2349,proc,327,False
2347,proc,327,False
2346,proc,327,False
2352,proc,327,False
2367,proc,327,False
2366,proc,327,False
2364,proc,327,False
2363,proc,324,False
2365,proc,327,False
2381,proc,327,False
2376,proc,327,False
2380,proc,327,False
2379,proc,327,False
2395,proc,327,False
2393,proc,327,False
2390,proc,327,False
2394,proc,327,False
2410,proc,327,False
2404,proc,327,False
2409,proc,327,False
2408,proc,327,False
2407,proc,327,False
2425,proc,327,False
2424,proc,327,False
2421,proc,327,False
2422,proc,327,False
2423,proc,327,False
2440,proc,327,False
2439,proc,327,False
2438,proc,327,False
2437,proc,327,False
2436,proc,327,False
2454,proc,327,False
2453,proc,327,False
2452,proc,327,False
2451,proc,327,False
2465,proc,327,False
2466,proc,327,False
2468,proc,327,False
2467,proc,327,False
2482,proc,327,False
2479,proc,327,False
2481,proc,327,False
2480,proc,327,False
2514,proc,327,False
2508,proc,327,False
2509,proc,327,False
2513,proc,327,False
2512,proc,327,False
2529,proc,327,False
2523,proc,327,False
2528,proc,327,False
2527,proc,327,False
2526,proc,327,False
2544,proc,327,False
2543,proc,327,False
2542,proc,327,False
2541,proc,327,False
2540,proc,327,False
2568,proc,327,False
2567,proc,327,False
2566,proc,327,False
2564,proc,327,False
2565,proc,327,False
2579,proc,327,False
2581,proc,327,False
2582,proc,327,False
2580,proc,327,False
2593,proc,327,False
2594,proc,327,False
2597,proc,327,False
2595,proc,327,False
2596,proc,327,False
2604,proc,327,False
2609,proc,327,False
2612,proc,327,False
2610,proc,327,False
2611,proc,327,False
2771,proc,313,False
2777,proc,313,False
2774,proc,313,False
2773,proc,313,False
2778,proc,313,False
