node_name,type,appearance,importance
malware,file,353,True
uname,file,2,False
Memory Address,mem,41169,True
8192*1024 bytes,other,298,False
/proc/self/exe,file,300,False
1511,proc,689,True
status:0,other,899,True
"""/boot""",file,61,False
"""/var""",file,1,False
"""/var/run""",file,1,False
Timestamp,other,2938,False
Unknown,file,10683,True
/boot/wgajizmkhr,proc,184,True
1512,proc,4,True
Sleep Duration,other,2152,False
1514,proc,22333,False
Shared Memory:2,other,1,False
/etc/init.d/wgajizmkhr,file,13,True
/etc/cron.hourly/cron.sh,file,3,True
/proc/rs_dev,file,591,True
/etc/rc1.d/S90wgajizmkhr,file,2,True
/etc/rc2.d/S90wgajizmkhr,file,2,True
/etc/rc3.d/S90wgajizmkhr,file,2,True
/etc/rc4.d/S90wgajizmkhr,file,2,True
/etc/rc5.d/S90wgajizmkhr,file,2,True
/etc/rc.d/rc1.d/S90wgajizmkhr,file,2,True
/etc/rc.d/rc2.d/S90wgajizmkhr,file,2,True
/etc/rc.d/rc3.d/S90wgajizmkhr,file,2,True
/etc/rc.d/rc4.d/S90wgajizmkhr,file,2,True
/etc/rc.d/rc5.d/S90wgajizmkhr,file,2,True
1515,proc,4,True
1517,proc,4,True
sh,proc,24,True
/proc/stat,file,2,True
1521,proc,900,True
1522,proc,366,True
1523,proc,13,True
/boot/fkdhjeyqsw,file,918,True
1524,proc,4,True
1526,proc,4,True
1528,proc,4,True
1530,proc,4,True
1533,proc,4,True
/boot/ttxgeaissg,file,1099,True
1564,proc,4,True
1566,proc,4,True
1568,proc,4,True
1570,proc,4,True
1572,proc,4,True
/boot/kdfpcfzgpy,file,918,True
1579,proc,4,True
1581,proc,4,True
1583,proc,4,True
1585,proc,4,True
1587,proc,4,True
/boot/ieykdawmhh,file,1099,True
1597,proc,4,True
1599,proc,4,True
1601,proc,4,True
1603,proc,4,True
1605,proc,4,True
/boot/ybrskaknhp,file,1099,True
1612,proc,4,True
1614,proc,4,True
1616,proc,4,True
1618,proc,4,True
1620,proc,4,True
/boot/siisliodwu,file,1091,True
1627,proc,4,True
1629,proc,4,True
1632,proc,4,True
1634,proc,4,True
1636,proc,4,True
/boot/chpyczowon,file,1093,True
1646,proc,4,True
1648,proc,4,True
1650,proc,4,True
1653,proc,4,True
1655,proc,4,True
/boot/gcrvcprqdm,file,1099,True
1661,proc,4,True
1663,proc,4,True
1665,proc,4,True
1667,proc,4,True
1669,proc,4,True
/boot/ogiivutkey,file,1099,True
1676,proc,4,True
1678,proc,4,True
1680,proc,4,True
1682,proc,4,True
1684,proc,4,True
/boot/asdektvqcx,file,1091,True
1692,proc,4,True
1694,proc,4,True
1696,proc,4,True
1698,proc,4,True
1700,proc,4,True
/boot/qqvqoqiocc,file,1099,True
1726,proc,4,True
1728,proc,4,True
1730,proc,4,True
1732,proc,4,True
1734,proc,4,True
/boot/wvdpfneqnz,file,1099,True
1789,proc,4,True
1791,proc,4,True
1793,proc,4,True
1795,proc,4,True
1797,proc,4,True
/boot/ahbwfjisnz,file,1099,True
1829,proc,4,True
1831,proc,4,True
1833,proc,4,True
1835,proc,4,True
1837,proc,4,True
/boot/dkrmghmiqh,file,1093,True
1844,proc,4,True
1846,proc,4,True
1848,proc,4,True
1850,proc,4,True
1854,proc,4,True
/boot/jkkjdxhtgm,file,1093,True
1859,proc,4,True
1861,proc,4,True
1863,proc,4,True
1865,proc,4,True
1867,proc,4,True
/boot/nybdzxaftz,file,1099,True
1874,proc,4,True
1876,proc,4,True
1878,proc,4,True
1880,proc,4,True
1882,proc,4,True
/boot/cmvmnczczu,file,1099,True
1889,proc,4,True
1891,proc,4,True
1893,proc,4,True
1895,proc,4,True
1897,proc,4,True
/boot/vrcairoslg,file,1099,True
1904,proc,4,True
1906,proc,4,True
1908,proc,4,True
1910,proc,4,True
1912,proc,4,True
/boot/ubapuoajjf,file,1091,True
1919,proc,4,True
1921,proc,4,True
1923,proc,4,True
1926,proc,4,True
1928,proc,4,True
/boot/nbpaqiirlv,file,1099,True
1934,proc,4,True
1936,proc,4,True
1938,proc,4,True
1940,proc,4,True
1942,proc,4,True
/boot/eusanjhlhu,file,1099,True
1949,proc,4,True
1951,proc,4,True
1953,proc,4,True
1955,proc,4,True
1957,proc,4,True
/boot/jeauimgkbi,file,1095,True
1964,proc,4,True
1966,proc,4,True
1968,proc,4,True
1970,proc,4,True
1972,proc,4,True
/boot/qrqoizbhue,file,918,True
2025,proc,4,True
2027,proc,4,True
2029,proc,4,True
2031,proc,4,True
2033,proc,4,True
/boot/nnrgkdghsp,file,1091,True
2039,proc,4,True
2041,proc,4,True
2044,proc,4,True
2047,proc,4,True
2049,proc,4,True
/boot/skvdpxgsjw,file,1093,True
2054,proc,4,True
2056,proc,4,True
2058,proc,4,True
2060,proc,4,True
2062,proc,4,True
/boot/lllsjnktid,file,1099,True
2069,proc,4,True
2071,proc,4,True
2073,proc,4,True
2075,proc,4,True
2077,proc,4,True
/boot/zyqotuczde,file,1099,True
2086,proc,4,True
2088,proc,4,True
2090,proc,4,True
2092,proc,4,True
2094,proc,4,True
/boot/syxgxuoueq,file,1099,True
2101,proc,4,True
2103,proc,4,True
2105,proc,4,True
2107,proc,4,True
2109,proc,4,True
/boot/oknjtszdbo,file,1091,True
2116,proc,4,True
2118,proc,4,True
2120,proc,4,True
2123,proc,4,True
2125,proc,4,True
/boot/xzuecjyyqj,file,1093,True
2131,proc,4,True
2133,proc,4,True
2135,proc,4,True
2137,proc,4,True
2139,proc,4,True
/boot/xyuevhoiit,file,1093,True
2146,proc,4,True
2148,proc,4,True
2150,proc,4,True
2152,proc,4,True
2156,proc,4,True
/boot/ycsogeekwa,file,1093,True
2161,proc,4,True
2163,proc,4,True
2166,proc,4,True
2168,proc,4,True
2170,proc,4,True
/boot/hpdryeswcd,file,1093,True
2176,proc,4,True
2178,proc,4,True
2180,proc,4,True
2183,proc,4,True
2188,proc,4,True
/boot/kcvibtpyej,file,1093,True
2191,proc,4,True
2193,proc,4,True
2195,proc,4,True
2198,proc,4,True
2202,proc,4,True
/boot/vpxkkotzhf,file,1093,True
2206,proc,4,True
2208,proc,4,True
2210,proc,4,True
2212,proc,4,True
2214,proc,4,True
/boot/eqaaatbvxw,file,918,True
2221,proc,4,True
2223,proc,4,True
2225,proc,4,True
2227,proc,4,True
2229,proc,4,True
/boot/fbcywesiuo,file,1093,True
2235,proc,4,True
2237,proc,4,True
2239,proc,4,True
2242,proc,4,True
2244,proc,4,True
/boot/wepcmalkhk,file,1093,True
2250,proc,4,True
2252,proc,4,True
2254,proc,4,True
2256,proc,4,True
2258,proc,4,True
/boot/ayfpykrywy,file,1099,True
2265,proc,4,True
2267,proc,4,True
2269,proc,4,True
2271,proc,4,True
2273,proc,4,True
/boot/veldzftfjj,file,1099,True
2280,proc,4,True
2282,proc,4,True
2284,proc,4,True
2286,proc,4,True
2288,proc,4,True
/boot/mjflwnvzwi,file,1093,True
2295,proc,4,True
2297,proc,4,True
2299,proc,4,True
2301,proc,4,True
2303,proc,4,True
/boot/jqqvltaoqd,file,1093,True
2310,proc,4,True
2312,proc,4,True
2314,proc,4,True
2316,proc,4,True
2319,proc,4,True
/boot/fuoyeobsyg,file,1093,True
2325,proc,4,True
2327,proc,4,True
2329,proc,4,True
2331,proc,4,True
2334,proc,4,True
/boot/tgrmmfsbya,file,1099,True
2340,proc,4,True
2342,proc,4,True
2344,proc,4,True
2346,proc,4,True
2348,proc,4,True
/boot/zvrzhcwbcc,file,1099,True
2355,proc,4,True
2357,proc,4,True
2359,proc,4,True
2361,proc,4,True
2363,proc,4,True
/boot/onwvuqndhx,file,1091,True
2370,proc,4,True
2372,proc,4,True
2374,proc,4,True
2376,proc,4,True
2379,proc,4,True
/boot/boapdeqctl,file,1093,True
2385,proc,4,True
2387,proc,4,True
2389,proc,4,True
2391,proc,4,True
2393,proc,4,True
/boot/sozzexmdjw,file,735,True
2400,proc,4,True
2402,proc,4,True
2404,proc,4,True
2406,proc,4,True
2408,proc,4,True
/boot/zxavspahkm,file,1093,True
2413,proc,4,True
2415,proc,4,True
2417,proc,4,True
2419,proc,4,True
2421,proc,4,True
/boot/ixszedvjtk,file,1099,True
2428,proc,4,True
2430,proc,4,True
2432,proc,4,True
2434,proc,4,True
2436,proc,4,True
/boot/mzuexdtrpm,file,1099,True
2443,proc,4,True
2445,proc,4,True
2447,proc,4,True
2449,proc,4,True
2451,proc,4,True
/boot/tjybanjatc,file,1099,True
2458,proc,4,True
2460,proc,4,True
2462,proc,4,True
2464,proc,4,True
2466,proc,4,True
/boot/hvteqoqfbp,file,1091,True
2473,proc,4,True
2475,proc,4,True
2478,proc,4,True
2480,proc,4,True
2483,proc,4,True
/boot/sovqzkbbyi,file,1091,True
2488,proc,4,True
2491,proc,4,True
2493,proc,4,True
2495,proc,4,True
2497,proc,4,True
/boot/ruejiazprt,file,1093,True
2503,proc,4,True
2505,proc,4,True
2507,proc,4,True
2509,proc,4,True
2511,proc,4,True
/boot/gyixoppcxc,file,914,True
2518,proc,4,True
2520,proc,4,True
2522,proc,4,True
2524,proc,4,True
2526,proc,4,True
/boot/txqtezgxoh,file,1099,True
2532,proc,4,True
2534,proc,4,True
2536,proc,4,True
2538,proc,4,True
2540,proc,4,True
/boot/yvcrwkjdcf,file,1093,True
2556,proc,4,True
2558,proc,4,True
2560,proc,4,True
2563,proc,4,True
2567,proc,4,True
/boot/phlhnkerzg,file,1091,True
2689,proc,4,True
2693,proc,4,True
2695,proc,4,True
2698,proc,4,True
2701,proc,4,True
/boot/qsjdjsieap,file,1094,True
2786,proc,4,True
2788,proc,4,True
2790,proc,4,True
2792,proc,4,True
2794,proc,4,True
chkconfig,proc,2,True
update-rc.d,proc,88,True
ID,other,24,False
/usr/local/share/perl/5.26.0,file,1,False
/etc/perl/strict.pmc,file,1,False
/etc/perl/strict.pm,file,1,False
/usr/local/share/perl/5.26.1/strict.pmc,file,1,False
/usr/local/share/perl/5.26.1/strict.pm,file,1,False
/usr/share/perl5/strict.pmc,file,1,False
/usr/share/perl5/strict.pm,file,1,False
/usr/share/perl/5.26/strict.pmc,file,1,False
/usr/share/perl/5.26/strict.pm,file,1,False
/etc/perl/warnings.pmc,file,1,False
/etc/perl/warnings.pm,file,1,False
/usr/local/share/perl/5.26.1/warnings.pmc,file,1,False
/usr/local/share/perl/5.26.1/warnings.pm,file,1,False
/usr/share/perl5/warnings.pmc,file,1,False
/usr/share/perl5/warnings.pm,file,1,False
/usr/share/perl/5.26/warnings.pmc,file,1,False
/usr/share/perl/5.26/warnings.pm,file,1,False
/etc/perl/File/Glob.pmc,file,1,False
/etc/perl/File/Glob.pm,file,1,False
/usr/local/share/perl/5.26.1/File/Glob.pmc,file,1,False
/usr/local/share/perl/5.26.1/File/Glob.pm,file,1,False
/usr/share/perl5/File/Glob.pmc,file,1,False
/usr/share/perl5/File/Glob.pm,file,1,False
/etc/perl/XSLoader.pmc,file,1,False
/etc/perl/XSLoader.pm,file,1,False
/usr/local/share/perl/5.26.1/XSLoader.pmc,file,1,False
/usr/local/share/perl/5.26.1/XSLoader.pm,file,1,False
/usr/share/perl5/XSLoader.pmc,file,1,False
/usr/share/perl5/XSLoader.pm,file,1,False
/usr/share/perl/5.26/XSLoader.pmc,file,1,False
/usr/share/perl/5.26/XSLoader.pm,file,1,False
/sbin/insserv,file,1,False
/sbin/openrc,file,1,False
"""/etc/rc4.d/S90wgajizmkhr""",file,1,False
"""/etc/rc3.d/S90wgajizmkhr""",file,1,False
"""/etc/rc2.d/S90wgajizmkhr""",file,1,False
"""/etc/rc1.d/S90wgajizmkhr""",file,1,False
"""/etc/rc5.d/S90wgajizmkhr""",file,1,False
/run/systemd/system,file,1,False
Pipe 3 : read end from Pipe 4,other,1,False
Pipe 4 : write end to Pipe 3,other,1,False
systemctl,proc,94,False
/prober,file,1,False
.,file,1,False
/bin/sed,file,1,False
sed,proc,49,False
NO_PID,proc,1,False
/sys/fs/selinux,file,2,False
/selinux,file,2,False
/etc/selinux/config,file,2,False
/etc/crontab,file,2,True
Permission:0700,other,1,True
Permission:022,other,1,True
/etc/sedx6RCnp,file,20,True
"""/var/run/sftp.pid""",file,300,False
/var/run/sftp.pid,file,4,True
"""/boot/wgajizmkhr""",file,299,False
103.25.9.228:53,net,52,True
8.8.8.8:53,net,51,True
0.0.0.0:8005,net,48,True
66.102.253.30:8005,net,12,True
103.240.141.50:8005,net,12,True
103.25.9.245:8005,net,12,True
0.0.0.0:80,net,2,True
1538,proc,327,False
1535,proc,327,False
1532,proc,327,False
/proc/1514/exe,file,1739,False
1537,proc,327,False
/proc/vz,file,1,False
" ""/proc/1/root""",file,1,False
" ""/""",file,1,False
" ""/run/systemd/system/""",file,1,False
1578,proc,327,False
1577,proc,327,False
1575,proc,327,False
1576,proc,327,False
1574,proc,327,False
1592,proc,327,False
1590,proc,327,False
1589,proc,327,False
1591,proc,327,False
1611,proc,327,False
1610,proc,327,False
1609,proc,327,False
1607,proc,327,False
1608,proc,327,False
1626,proc,327,False
1625,proc,327,False
1623,proc,327,False
1624,proc,327,False
1622,proc,327,False
1631,proc,327,False
1641,proc,327,False
1638,proc,327,False
1640,proc,327,False
1639,proc,327,False
1652,proc,327,False
1657,proc,327,False
1660,proc,327,False
1658,proc,327,False
1659,proc,327,False
1675,proc,324,False
1674,proc,327,False
1673,proc,327,False
1672,proc,327,False
1671,proc,327,False
1690,proc,327,False
1689,proc,327,False
1687,proc,327,False
1686,proc,324,False
1688,proc,327,False
1703,proc,327,False
1704,proc,327,False
1706,proc,327,False
1705,proc,327,False
1702,proc,327,False
1740,proc,327,False
1739,proc,327,False
1738,proc,327,False
1737,proc,327,False
1736,proc,327,False
1803,proc,327,False
1802,proc,327,False
1801,proc,327,False
1800,proc,327,False
1799,proc,327,False
1843,proc,327,False
1842,proc,327,False
1840,proc,327,False
1839,proc,327,False
1841,proc,327,False
1858,proc,327,False
1852,proc,327,False
1856,proc,327,False
1853,proc,327,False
1857,proc,327,False
1873,proc,327,False
1868,proc,327,False
1872,proc,327,False
1871,proc,327,False
1870,proc,327,False
1888,proc,327,False
1887,proc,327,False
1886,proc,327,False
1884,proc,327,False
1885,proc,327,False
1903,proc,327,False
1902,proc,327,False
1901,proc,327,False
1899,proc,327,False
1900,proc,327,False
1918,proc,327,False
1917,proc,327,False
1916,proc,327,False
1915,proc,327,False
1914,proc,327,False
1925,proc,327,False
1933,proc,327,False
1932,proc,327,False
1931,proc,327,False
1930,proc,327,False
1948,proc,327,False
1947,proc,327,False
1946,proc,327,False
1944,proc,327,False
1945,proc,327,False
1963,proc,327,False
1962,proc,327,False
1961,proc,327,False
1959,proc,327,False
1960,proc,327,False
1978,proc,327,False
1974,proc,327,False
1977,proc,327,False
1976,proc,327,False
1975,proc,327,False
2038,proc,327,False
2037,proc,327,False
2036,proc,327,False
2035,proc,327,False
2043,proc,327,False
2046,proc,327,False
2052,proc,327,False
2051,proc,327,False
2053,proc,324,False
2064,proc,327,False
2065,proc,327,False
2068,proc,327,False
2067,proc,327,False
2066,proc,327,False
2082,proc,327,False
2083,proc,327,False
2081,proc,327,False
2080,proc,327,False
2079,proc,327,False
2100,proc,324,False
2099,proc,327,False
2098,proc,327,False
2097,proc,327,False
2096,proc,327,False
2115,proc,327,False
2114,proc,327,False
2113,proc,324,False
2112,proc,327,False
2111,proc,327,False
2122,proc,327,False
2130,proc,327,False
2129,proc,327,False
2128,proc,327,False
2127,proc,327,False
2141,proc,327,False
2144,proc,327,False
2145,proc,327,False
2143,proc,327,False
2142,proc,327,False
2160,proc,327,False
2155,proc,327,False
2153,proc,327,False
2159,proc,327,False
2158,proc,327,False
2173,proc,327,False
2165,proc,327,False
2175,proc,327,False
2172,proc,327,False
2174,proc,327,False
2182,proc,327,False
2186,proc,327,False
2187,proc,327,False
2185,proc,327,False
2190,proc,327,False
2205,proc,327,False
2197,proc,327,False
2201,proc,327,False
2200,proc,327,False
2204,proc,327,False
2216,proc,327,False
2217,proc,327,False
2220,proc,327,False
2219,proc,327,False
2218,proc,327,False
2234,proc,327,False
2232,proc,327,False
2233,proc,327,False
2231,proc,327,False
2241,proc,327,False
2246,proc,327,False
2249,proc,327,False
2248,proc,327,False
2247,proc,327,False
2264,proc,327,False
2259,proc,327,False
2261,proc,327,False
2263,proc,327,False
2262,proc,327,False
2279,proc,327,False
2278,proc,327,False
2277,proc,327,False
2275,proc,327,False
2276,proc,327,False
2294,proc,327,False
2293,proc,327,False
2291,proc,327,False
2290,proc,327,False
2292,proc,327,False
2305,proc,327,False
2306,proc,327,False
2309,proc,327,False
2308,proc,327,False
2307,proc,327,False
2318,proc,327,False
2324,proc,327,False
2321,proc,327,False
2323,proc,327,False
2322,proc,327,False
2339,proc,327,False
2333,proc,327,False
2337,proc,327,False
2338,proc,327,False
2336,proc,327,False
2354,proc,327,False
2353,proc,327,False
2351,proc,327,False
2350,proc,327,False
2352,proc,327,False
2369,proc,327,False
2368,proc,327,False
2367,proc,327,False
2366,proc,327,False
2365,proc,327,False
2377,proc,327,False
2384,proc,327,False
2383,proc,327,False
2382,proc,327,False
2381,proc,327,False
2399,proc,327,False
2395,proc,327,False
2398,proc,327,False
2396,proc,327,False
2397,proc,327,False
2412,proc,327,False
2410,proc,327,False
2411,proc,327,False
2427,proc,327,False
2422,proc,327,False
2424,proc,327,False
2426,proc,327,False
2425,proc,327,False
2442,proc,324,False
2441,proc,327,False
2440,proc,327,False
2439,proc,327,False
2438,proc,327,False
2457,proc,327,False
2456,proc,327,False
2454,proc,327,False
2453,proc,327,False
2455,proc,327,False
2472,proc,327,False
2471,proc,327,False
2470,proc,324,False
2468,proc,324,False
2469,proc,324,False
2477,proc,327,False
2482,proc,327,False
2487,proc,327,False
2486,proc,327,False
2485,proc,327,False
2490,proc,327,False
2502,proc,327,False
2501,proc,327,False
2499,proc,327,False
2500,proc,327,False
2513,proc,327,False
2516,proc,327,False
2517,proc,327,False
2515,proc,327,False
2514,proc,327,False
2528,proc,327,False
2530,proc,327,False
2531,proc,327,False
2529,proc,327,False
2546,proc,327,False
2545,proc,327,False
2544,proc,327,False
2542,proc,327,False
2543,proc,327,False
2565,proc,327,False
2569,proc,327,False
2562,proc,327,False
2566,proc,327,False
2570,proc,327,False
2696,proc,327,False
2728,proc,327,False
2720,proc,327,False
2718,proc,327,False
2719,proc,327,False
2799,proc,316,False
2800,proc,316,False
2798,proc,316,False
2796,proc,316,False
2797,proc,316,False
