node_name,type,appearance,importance
malware,file,321,True
uname,file,2,False
Memory Address,mem,34497,True
8192*1024 bytes,other,282,False
/proc/self/exe,file,284,False
1506,proc,628,True
status:0,other,883,True
"""/usr""",file,61,False
"""/usr/bin""",file,61,False
"""/bin""",file,61,False
"""/tmp""",file,61,False
"""/var""",file,1,False
"""/var/run""",file,1,False
Timestamp,other,2823,False
Unknown,file,9681,True
/usr/bin/muwjycfhui,proc,168,True
1507,proc,4,True
Sleep Duration,other,2045,False
1509,proc,20763,False
Shared Memory:2,other,1,False
/etc/init.d/muwjycfhui,file,13,True
/etc/cron.hourly/gcc4.sh,file,3,True
/etc/rc1.d/S90muwjycfhui,file,2,True
/etc/rc2.d/S90muwjycfhui,file,2,True
/etc/rc3.d/S90muwjycfhui,file,2,True
/etc/rc4.d/S90muwjycfhui,file,2,True
/etc/rc5.d/S90muwjycfhui,file,2,True
/etc/rc.d/rc1.d/S90muwjycfhui,file,2,True
/etc/rc.d/rc2.d/S90muwjycfhui,file,2,True
/etc/rc.d/rc3.d/S90muwjycfhui,file,2,True
/etc/rc.d/rc4.d/S90muwjycfhui,file,2,True
/etc/rc.d/rc5.d/S90muwjycfhui,file,2,True
1510,proc,4,True
1512,proc,4,True
sh,proc,24,True
/proc/stat,file,2,True
1516,proc,894,True
1517,proc,368,True
1518,proc,2,True
/usr/bin/pqmtminuds,file,999,True
1519,proc,4,True
1521,proc,4,True
1523,proc,4,True
1527,proc,4,True
1529,proc,4,True
/bin/pqmtminuds,file,1,False
/tmp/pqmtminuds,file,1,False
/usr/bin/zxrsufnqce,file,1003,True
1561,proc,4,True
1563,proc,4,True
1565,proc,4,True
1567,proc,4,True
1569,proc,4,True
/bin/zxrsufnqce,file,1,False
/tmp/zxrsufnqce,file,1,False
/usr/bin/fdmnvgczlo,file,1003,True
1576,proc,4,True
1578,proc,4,True
1580,proc,4,True
1582,proc,4,True
1584,proc,4,True
/bin/fdmnvgczlo,file,1,False
/tmp/fdmnvgczlo,file,1,False
/usr/bin/kkzxyoaefo,file,1003,True
1595,proc,4,True
1597,proc,4,True
1599,proc,4,True
1601,proc,4,True
1603,proc,4,True
/bin/kkzxyoaefo,file,1,False
/tmp/kkzxyoaefo,file,1,False
/usr/bin/ylmslblcyz,file,1003,True
1610,proc,4,True
1612,proc,4,True
1614,proc,4,True
1616,proc,4,True
1618,proc,4,True
/bin/ylmslblcyz,file,1,False
/tmp/ylmslblcyz,file,1,False
/usr/bin/jczuoztvlh,file,1003,True
1625,proc,4,True
1627,proc,4,True
1629,proc,4,True
1631,proc,4,True
1633,proc,4,True
/bin/jczuoztvlh,file,1,False
/tmp/jczuoztvlh,file,1,False
/usr/bin/odxzaejbek,file,673,True
1646,proc,4,True
1648,proc,4,True
1650,proc,4,True
1652,proc,4,True
1654,proc,4,True
/bin/odxzaejbek,file,1,False
/tmp/odxzaejbek,file,1,False
/usr/bin/xydqmjjpny,file,995,True
1659,proc,4,True
1661,proc,4,True
1663,proc,4,True
1665,proc,4,True
1667,proc,4,True
/bin/xydqmjjpny,file,1,False
/tmp/xydqmjjpny,file,1,False
/usr/bin/vvfodxowng,file,834,True
1674,proc,4,True
1676,proc,4,True
1678,proc,4,True
1681,proc,4,True
1683,proc,4,True
/bin/vvfodxowng,file,1,False
/tmp/vvfodxowng,file,1,False
/usr/bin/owptvajxit,file,997,True
1689,proc,4,True
1691,proc,4,True
1693,proc,4,True
1696,proc,4,True
1699,proc,4,True
/bin/owptvajxit,file,1,False
/tmp/owptvajxit,file,1,False
/usr/bin/tfvgmojjag,file,1003,True
1723,proc,4,True
1725,proc,4,True
1727,proc,4,True
1729,proc,4,True
1731,proc,4,True
/bin/tfvgmojjag,file,1,False
/tmp/tfvgmojjag,file,1,False
/usr/bin/eweoclhuqd,file,1003,True
1786,proc,4,True
1788,proc,4,True
1790,proc,4,True
1792,proc,4,True
1794,proc,4,True
/bin/eweoclhuqd,file,1,False
/tmp/eweoclhuqd,file,1,False
/usr/bin/pcbbsutcxb,file,1003,True
1826,proc,4,True
1828,proc,4,True
1830,proc,4,True
1832,proc,4,True
1834,proc,4,True
/bin/pcbbsutcxb,file,1,False
/tmp/pcbbsutcxb,file,1,False
/usr/bin/zajlpjvshr,file,1003,True
1841,proc,4,True
1843,proc,4,True
1845,proc,4,True
1847,proc,4,True
1849,proc,4,True
/bin/zajlpjvshr,file,1,False
/tmp/zajlpjvshr,file,1,False
/usr/bin/snkbzhjgpy,file,1003,True
1856,proc,4,True
1858,proc,4,True
1860,proc,4,True
1862,proc,4,True
1864,proc,4,True
/bin/snkbzhjgpy,file,1,False
/tmp/snkbzhjgpy,file,1,False
/usr/bin/duvjkczdmp,file,997,True
1871,proc,4,True
1873,proc,4,True
1875,proc,4,True
1877,proc,4,True
1880,proc,4,True
/bin/duvjkczdmp,file,1,False
/tmp/duvjkczdmp,file,1,False
/usr/bin/sqchpvyyxf,file,673,True
1889,proc,4,True
1891,proc,4,True
1893,proc,4,True
1895,proc,4,True
1897,proc,4,True
/bin/sqchpvyyxf,file,1,False
/tmp/sqchpvyyxf,file,1,False
/usr/bin/iifutgqzpn,file,995,True
1902,proc,4,True
1904,proc,4,True
1907,proc,4,True
1909,proc,4,True
1911,proc,4,True
/bin/iifutgqzpn,file,1,False
/tmp/iifutgqzpn,file,1,False
/usr/bin/nyxhuzdmqp,file,997,True
1917,proc,4,True
1919,proc,4,True
1921,proc,4,True
1923,proc,4,True
1926,proc,4,True
/bin/nyxhuzdmqp,file,1,False
/tmp/nyxhuzdmqp,file,1,False
/usr/bin/zcoytvjxru,file,673,True
1932,proc,4,True
1934,proc,4,True
1936,proc,4,True
1938,proc,4,True
1940,proc,4,True
/bin/zcoytvjxru,file,1,False
/tmp/zcoytvjxru,file,1,False
/usr/bin/rpuhffruyb,file,838,True
1945,proc,4,True
1947,proc,4,True
1949,proc,4,True
1951,proc,4,True
1953,proc,4,True
/bin/rpuhffruyb,file,1,False
/tmp/rpuhffruyb,file,1,False
/usr/bin/ewjlutambj,file,997,True
1959,proc,4,True
1961,proc,4,True
1963,proc,4,True
1965,proc,4,True
1967,proc,4,True
/bin/ewjlutambj,file,1,False
/tmp/ewjlutambj,file,1,False
/usr/bin/vvwijhsnek,file,834,True
1974,proc,4,True
1976,proc,4,True
1978,proc,4,True
1980,proc,4,True
1983,proc,4,True
/bin/vvwijhsnek,file,1,False
/tmp/vvwijhsnek,file,1,False
/usr/bin/gictpsdomm,file,1003,True
1988,proc,4,True
1990,proc,4,True
1992,proc,4,True
1994,proc,4,True
1996,proc,4,True
/bin/gictpsdomm,file,1,False
/tmp/gictpsdomm,file,1,False
/usr/bin/abytxddscp,file,836,True
2003,proc,4,True
2005,proc,4,True
2007,proc,4,True
2009,proc,4,True
2011,proc,4,True
/bin/abytxddscp,file,1,False
/tmp/abytxddscp,file,1,False
/usr/bin/dqstfppgcv,file,997,True
2017,proc,4,True
2019,proc,4,True
2021,proc,4,True
2024,proc,4,True
2027,proc,4,True
/bin/dqstfppgcv,file,1,False
/tmp/dqstfppgcv,file,1,False
/usr/bin/alttwuxomk,file,995,True
2032,proc,4,True
2034,proc,4,True
2037,proc,4,True
2039,proc,4,True
2041,proc,4,True
/bin/alttwuxomk,file,1,False
/tmp/alttwuxomk,file,1,False
/usr/bin/zawzmtckxj,file,995,True
2047,proc,4,True
2049,proc,4,True
2051,proc,4,True
2055,proc,4,True
2057,proc,4,True
/bin/zawzmtckxj,file,1,False
/tmp/zawzmtckxj,file,1,False
/usr/bin/lptoqmazha,file,995,True
2071,proc,4,True
2073,proc,4,True
2075,proc,4,True
2077,proc,4,True
2081,proc,4,True
/bin/lptoqmazha,file,1,False
/tmp/lptoqmazha,file,1,False
/usr/bin/vnkeesdjyu,file,1003,True
2086,proc,4,True
2088,proc,4,True
2090,proc,4,True
2092,proc,4,True
2094,proc,4,True
/bin/vnkeesdjyu,file,1,False
/tmp/vnkeesdjyu,file,1,False
/usr/bin/arftzyncrh,file,1003,True
2101,proc,4,True
2103,proc,4,True
2105,proc,4,True
2107,proc,4,True
2109,proc,4,True
/bin/arftzyncrh,file,1,False
/tmp/arftzyncrh,file,1,False
/usr/bin/jvhnfhgvfi,file,1003,True
2116,proc,4,True
2118,proc,4,True
2120,proc,4,True
2122,proc,4,True
2124,proc,4,True
/bin/jvhnfhgvfi,file,1,False
/tmp/jvhnfhgvfi,file,1,False
/usr/bin/dlrfsjkxhu,file,1003,True
2131,proc,4,True
2133,proc,4,True
2135,proc,4,True
2137,proc,4,True
2139,proc,4,True
/bin/dlrfsjkxhu,file,1,False
/tmp/dlrfsjkxhu,file,1,False
/usr/bin/vybjqqtuug,file,343,True
2146,proc,4,True
2148,proc,4,True
2150,proc,4,True
2152,proc,4,True
2154,proc,4,True
/bin/vybjqqtuug,file,1,False
/tmp/vybjqqtuug,file,1,False
/usr/bin/fyofiufsxa,file,834,True
2157,proc,4,True
2159,proc,4,True
2161,proc,4,True
2163,proc,4,True
2165,proc,4,True
/bin/fyofiufsxa,file,1,False
/tmp/fyofiufsxa,file,1,False
/usr/bin/ysatkbdicf,file,1003,True
2171,proc,4,True
2173,proc,4,True
2175,proc,4,True
2177,proc,4,True
2179,proc,4,True
/bin/ysatkbdicf,file,1,False
/tmp/ysatkbdicf,file,1,False
/usr/bin/dbiozugvyi,file,1003,True
2186,proc,4,True
2188,proc,4,True
2190,proc,4,True
2192,proc,4,True
2194,proc,4,True
/bin/dbiozugvyi,file,1,False
/tmp/dbiozugvyi,file,1,False
/usr/bin/ziszbpycag,file,1003,True
2201,proc,4,True
2203,proc,4,True
2205,proc,4,True
2207,proc,4,True
2209,proc,4,True
/bin/ziszbpycag,file,1,False
/tmp/ziszbpycag,file,1,False
/usr/bin/rpptlyogbk,file,671,True
2216,proc,4,True
2218,proc,4,True
2220,proc,4,True
2222,proc,4,True
2224,proc,4,True
/bin/rpptlyogbk,file,1,False
/tmp/rpptlyogbk,file,1,False
/usr/bin/amdohquoer,file,997,True
2229,proc,4,True
2231,proc,4,True
2233,proc,4,True
2235,proc,4,True
2238,proc,4,True
/bin/amdohquoer,file,1,False
/tmp/amdohquoer,file,1,False
/usr/bin/jemtelcfko,file,997,True
2244,proc,4,True
2246,proc,4,True
2248,proc,4,True
2251,proc,4,True
2253,proc,4,True
/bin/jemtelcfko,file,1,False
/tmp/jemtelcfko,file,1,False
/usr/bin/iybhypcdif,file,673,True
2259,proc,4,True
2261,proc,4,True
2263,proc,4,True
2265,proc,4,True
2267,proc,4,True
/bin/iybhypcdif,file,1,False
/tmp/iybhypcdif,file,1,False
/usr/bin/wicyfnjdvd,file,995,True
2272,proc,4,True
2275,proc,4,True
2277,proc,4,True
2279,proc,4,True
2281,proc,4,True
/bin/wicyfnjdvd,file,1,False
/tmp/wicyfnjdvd,file,1,False
/usr/bin/xxqoidmtkc,file,997,True
2287,proc,4,True
2289,proc,4,True
2291,proc,4,True
2293,proc,4,True
2296,proc,4,True
/bin/xxqoidmtkc,file,1,False
/tmp/xxqoidmtkc,file,1,False
/usr/bin/kwnwelcczn,file,1003,True
2302,proc,4,True
2304,proc,4,True
2306,proc,4,True
2308,proc,4,True
2310,proc,4,True
/bin/kwnwelcczn,file,1,False
/tmp/kwnwelcczn,file,1,False
/usr/bin/wpgzjjbbbf,file,671,True
2317,proc,4,True
2319,proc,4,True
2321,proc,4,True
2323,proc,4,True
2325,proc,4,True
/bin/wpgzjjbbbf,file,1,False
/tmp/wpgzjjbbbf,file,1,False
/usr/bin/srlcxhsmym,file,995,True
2330,proc,4,True
2332,proc,4,True
2335,proc,4,True
2337,proc,4,True
2339,proc,4,True
/bin/srlcxhsmym,file,1,False
/tmp/srlcxhsmym,file,1,False
/usr/bin/asmffechvp,file,1003,True
2345,proc,4,True
2347,proc,4,True
2349,proc,4,True
2351,proc,4,True
2353,proc,4,True
/bin/asmffechvp,file,1,False
/tmp/asmffechvp,file,1,False
/usr/bin/nmcckbezjw,file,1003,True
2360,proc,4,True
2362,proc,4,True
2364,proc,4,True
2366,proc,4,True
2368,proc,4,True
/bin/nmcckbezjw,file,1,False
/tmp/nmcckbezjw,file,1,False
/usr/bin/kcvvfrpowl,file,1003,True
2375,proc,4,True
2377,proc,4,True
2379,proc,4,True
2381,proc,4,True
2383,proc,4,True
/bin/kcvvfrpowl,file,1,False
/tmp/kcvvfrpowl,file,1,False
/usr/bin/llgfejfyvd,file,1003,True
2399,proc,4,True
2401,proc,4,True
2403,proc,4,True
2405,proc,4,True
2407,proc,4,True
/bin/llgfejfyvd,file,1,False
/tmp/llgfejfyvd,file,1,False
/usr/bin/khsyxaeblg,file,1003,True
2414,proc,4,True
2416,proc,4,True
2418,proc,4,True
2420,proc,4,True
2422,proc,4,True
/bin/khsyxaeblg,file,1,False
/tmp/khsyxaeblg,file,1,False
/usr/bin/sgsyomjwtl,file,997,True
2429,proc,4,True
2431,proc,4,True
2433,proc,4,True
2435,proc,4,True
2437,proc,4,True
/bin/sgsyomjwtl,file,1,False
/tmp/sgsyomjwtl,file,1,False
/usr/bin/mtieuopqwv,file,838,True
2444,proc,4,True
2446,proc,4,True
2448,proc,4,True
2450,proc,4,True
2452,proc,4,True
/bin/mtieuopqwv,file,1,False
/tmp/mtieuopqwv,file,1,False
/usr/bin/cveteyptos,file,997,True
2458,proc,4,True
2460,proc,4,True
2462,proc,4,True
2464,proc,4,True
2466,proc,4,True
/bin/cveteyptos,file,1,False
/tmp/cveteyptos,file,1,False
/usr/bin/szgpdnprbq,file,834,True
2473,proc,4,True
2475,proc,4,True
2477,proc,4,True
2479,proc,4,True
2482,proc,4,True
/bin/szgpdnprbq,file,1,False
/tmp/szgpdnprbq,file,1,False
/usr/bin/ilcqufvgzr,file,997,True
2487,proc,4,True
2489,proc,4,True
2491,proc,4,True
2495,proc,4,True
2498,proc,4,True
/bin/ilcqufvgzr,file,1,False
/tmp/ilcqufvgzr,file,1,False
/usr/bin/wzjxshnjon,file,995,True
2502,proc,4,True
2505,proc,4,True
2507,proc,4,True
2510,proc,4,True
2512,proc,4,True
/bin/wzjxshnjon,file,1,False
/tmp/wzjxshnjon,file,1,False
/usr/bin/rnywrinyly,file,1003,True
2667,proc,4,True
2669,proc,4,True
2671,proc,4,True
2673,proc,4,True
2675,proc,4,True
/bin/rnywrinyly,file,1,False
/tmp/rnywrinyly,file,1,False
/usr/bin/rcjkvqagqe,file,998,True
2715,proc,4,True
2717,proc,4,True
2719,proc,4,True
2721,proc,4,True
2723,proc,4,True
/bin/rcjkvqagqe,file,1,False
/tmp/rcjkvqagqe,file,1,False
chkconfig,proc,2,True
update-rc.d,proc,88,True
ID,other,24,False
/usr/local/share/perl/5.26.0,file,1,False
/etc/perl/strict.pmc,file,1,False
/etc/perl/strict.pm,file,1,False
/usr/local/share/perl/5.26.1/strict.pmc,file,1,False
/usr/local/share/perl/5.26.1/strict.pm,file,1,False
/usr/share/perl5/strict.pmc,file,1,False
/usr/share/perl5/strict.pm,file,1,False
/usr/share/perl/5.26/strict.pmc,file,1,False
/usr/share/perl/5.26/strict.pm,file,1,False
/etc/perl/warnings.pmc,file,1,False
/etc/perl/warnings.pm,file,1,False
/usr/local/share/perl/5.26.1/warnings.pmc,file,1,False
/usr/local/share/perl/5.26.1/warnings.pm,file,1,False
/usr/share/perl5/warnings.pmc,file,1,False
/usr/share/perl5/warnings.pm,file,1,False
/usr/share/perl/5.26/warnings.pmc,file,1,False
/usr/share/perl/5.26/warnings.pm,file,1,False
/etc/perl/File/Glob.pmc,file,1,False
/etc/perl/File/Glob.pm,file,1,False
/usr/local/share/perl/5.26.1/File/Glob.pmc,file,1,False
/usr/local/share/perl/5.26.1/File/Glob.pm,file,1,False
/usr/share/perl5/File/Glob.pmc,file,1,False
/usr/share/perl5/File/Glob.pm,file,1,False
/etc/perl/XSLoader.pmc,file,1,False
/etc/perl/XSLoader.pm,file,1,False
/usr/local/share/perl/5.26.1/XSLoader.pmc,file,1,False
/usr/local/share/perl/5.26.1/XSLoader.pm,file,1,False
/usr/share/perl5/XSLoader.pmc,file,1,False
/usr/share/perl5/XSLoader.pm,file,1,False
/usr/share/perl/5.26/XSLoader.pmc,file,1,False
/usr/share/perl/5.26/XSLoader.pm,file,1,False
/sbin/insserv,file,1,False
/sbin/openrc,file,1,False
"""/etc/rc4.d/S90muwjycfhui""",file,1,False
"""/etc/rc3.d/S90muwjycfhui""",file,1,False
"""/etc/rc2.d/S90muwjycfhui""",file,1,False
"""/etc/rc1.d/S90muwjycfhui""",file,1,False
"""/etc/rc5.d/S90muwjycfhui""",file,1,False
/run/systemd/system,file,1,False
Pipe 3 : read end from Pipe 4,other,1,False
Pipe 4 : write end to Pipe 3,other,1,False
systemctl,proc,94,False
/prober,file,1,False
.,file,1,False
/bin/sed,file,1,False
sed,proc,49,False
NO_PID,proc,1,False
/sys/fs/selinux,file,2,False
/selinux,file,2,False
/etc/selinux/config,file,2,False
/etc/crontab,file,2,True
Permission:0700,other,1,True
Permission:022,other,1,True
/etc/sed99Hyy3,file,20,True
"""/var/run/gcc4.pid""",file,298,False
/var/run/gcc4.pid,file,4,True
"""/usr/bin/muwjycfhui""",file,297,False
183.60.202.2:2444,net,29,True
103.25.9.228:53,net,54,True
8.8.8.8:53,net,53,True
0.0.0.0:2444,net,52,True
1526,proc,293,False
1525,proc,293,False
1533,proc,293,False
/proc/1509/exe,file,1634,False
1531,proc,293,False
1532,proc,293,False
/proc/vz,file,1,False
" ""/proc/1/root""",file,1,False
" ""/""",file,1,False
" ""/run/systemd/system/""",file,1,False
1575,proc,293,False
1573,proc,293,False
1572,proc,293,False
1571,proc,293,False
1574,proc,293,False
1590,proc,293,False
1589,proc,293,False
1588,proc,293,False
1586,proc,293,False
1587,proc,293,False
1609,proc,293,False
1608,proc,293,False
1607,proc,293,False
1605,proc,293,False
1606,proc,293,False
1624,proc,293,False
1623,proc,293,False
1620,proc,293,False
1622,proc,293,False
1621,proc,293,False
1639,proc,293,False
1638,proc,293,False
1637,proc,293,False
1636,proc,293,False
1635,proc,293,False
1657,proc,293,False
1658,proc,293,False
1656,proc,293,False
1669,proc,293,False
1673,proc,293,False
1672,proc,293,False
1670,proc,293,False
1671,proc,293,False
1680,proc,293,False
1687,proc,293,False
1685,proc,293,False
1686,proc,293,False
1695,proc,293,False
1698,proc,293,False
1701,proc,293,False
1703,proc,293,False
1702,proc,293,False
1737,proc,293,False
1736,proc,293,False
1735,proc,293,False
1733,proc,293,False
1734,proc,293,False
1800,proc,293,False
1798,proc,293,False
1797,proc,293,False
1796,proc,293,False
1799,proc,293,False
1840,proc,293,False
1839,proc,293,False
1838,proc,293,False
1836,proc,293,False
1837,proc,293,False
1855,proc,290,False
1854,proc,293,False
1853,proc,293,False
1851,proc,293,False
1852,proc,293,False
1870,proc,293,False
1869,proc,293,False
1868,proc,293,False
1867,proc,293,False
1866,proc,293,False
1885,proc,293,False
1879,proc,293,False
1884,proc,293,False
1883,proc,293,False
1882,proc,293,False
1901,proc,290,False
1899,proc,293,False
1900,proc,293,False
1906,proc,293,False
1916,proc,290,False
1913,proc,290,False
1915,proc,290,False
1914,proc,290,False
1925,proc,290,False
1930,proc,293,False
1931,proc,293,False
1928,proc,293,False
1929,proc,293,False
1942,proc,293,False
1944,proc,293,False
1943,proc,293,False
1958,proc,293,False
1957,proc,293,False
1955,proc,293,False
1956,proc,293,False
1973,proc,293,False
1969,proc,293,False
1971,proc,293,False
1972,proc,293,False
1970,proc,293,False
1982,proc,293,False
1986,proc,293,False
1987,proc,293,False
1985,proc,293,False
2002,proc,293,False
2001,proc,293,False
2000,proc,293,False
1998,proc,293,False
1999,proc,293,False
2015,proc,293,False
2013,proc,293,False
2014,proc,293,False
2016,proc,293,False
2031,proc,293,False
2023,proc,293,False
2030,proc,293,False
2026,proc,293,False
2029,proc,293,False
2036,proc,293,False
2046,proc,293,False
2045,proc,293,False
2044,proc,293,False
2043,proc,293,False
2052,proc,293,False
2061,proc,293,False
2054,proc,293,False
2059,proc,293,False
2060,proc,293,False
2078,proc,293,False
2080,proc,293,False
2085,proc,293,False
2083,proc,293,False
2084,proc,293,False
2100,proc,293,False
2099,proc,293,False
2098,proc,293,False
2097,proc,293,False
2096,proc,293,False
2115,proc,293,False
2114,proc,293,False
2113,proc,293,False
2112,proc,293,False
2111,proc,293,False
2130,proc,293,False
2129,proc,293,False
2128,proc,293,False
2126,proc,293,False
2127,proc,293,False
2145,proc,293,False
2144,proc,293,False
2143,proc,293,False
2141,proc,293,False
2142,proc,293,False
2156,proc,290,False
2170,proc,293,False
2168,proc,293,False
2167,proc,293,False
2169,proc,293,False
2185,proc,293,False
2184,proc,293,False
2181,proc,293,False
2183,proc,293,False
2182,proc,293,False
2200,proc,293,False
2199,proc,293,False
2198,proc,293,False
2197,proc,293,False
2196,proc,293,False
2215,proc,293,False
2214,proc,293,False
2213,proc,293,False
2211,proc,293,False
2212,proc,293,False
2226,proc,293,False
2227,proc,293,False
2228,proc,293,False
2243,proc,293,False
2237,proc,293,False
2242,proc,293,False
2241,proc,293,False
2240,proc,293,False
2250,proc,293,False
2255,proc,293,False
2258,proc,293,False
2257,proc,293,False
2256,proc,293,False
2271,proc,293,False
2269,proc,293,False
2270,proc,293,False
2274,proc,293,False
2283,proc,293,False
2286,proc,293,False
2284,proc,293,False
2285,proc,293,False
2295,proc,290,False
2301,proc,290,False
2300,proc,290,False
2299,proc,293,False
2298,proc,290,False
2316,proc,293,False
2315,proc,293,False
2314,proc,290,False
2313,proc,293,False
2312,proc,293,False
2329,proc,293,False
2327,proc,293,False
2328,proc,293,False
2334,proc,293,False
2344,proc,293,False
2343,proc,293,False
2342,proc,293,False
2341,proc,293,False
2359,proc,293,False
2358,proc,293,False
2357,proc,293,False
2355,proc,293,False
2356,proc,293,False
2374,proc,293,False
2373,proc,293,False
2372,proc,293,False
2371,proc,293,False
2370,proc,293,False
2389,proc,293,False
2388,proc,293,False
2387,proc,293,False
2385,proc,293,False
2386,proc,293,False
2413,proc,293,False
2411,proc,293,False
2412,proc,293,False
2410,proc,293,False
2409,proc,293,False
2428,proc,293,False
2426,proc,293,False
2427,proc,293,False
2424,proc,293,False
2425,proc,293,False
2439,proc,293,False
2441,proc,293,False
2442,proc,293,False
2443,proc,293,False
2440,proc,293,False
2454,proc,293,False
2457,proc,293,False
2456,proc,293,False
2455,proc,293,False
2472,proc,293,False
2467,proc,293,False
2471,proc,293,False
2470,proc,293,False
2469,proc,293,False
2481,proc,293,False
2485,proc,293,False
2486,proc,293,False
2484,proc,293,False
2497,proc,293,False
2493,proc,293,False
2494,proc,293,False
2501,proc,293,False
2500,proc,293,False
2504,proc,293,False
2515,proc,293,False
2509,proc,293,False
2514,proc,293,False
2516,proc,293,False
2681,proc,293,False
2680,proc,293,False
2679,proc,293,False
2678,proc,293,False
2677,proc,293,False
2729,proc,280,False
2728,proc,280,False
2727,proc,280,False
2726,proc,280,False
2725,proc,280,False
