node_name,type,appearance,importance
malware,file,321,True
uname,file,2,False
Memory Address,mem,36109,True
8192*1024 bytes,other,295,False
/proc/self/exe,file,297,False
1512,proc,628,True
status:0,other,896,True
"""/usr""",file,61,False
"""/usr/bin""",file,61,False
"""/bin""",file,61,False
"""/tmp""",file,61,False
"""/var""",file,1,False
"""/var/run""",file,1,False
Timestamp,other,2921,False
Unknown,file,9694,True
/usr/bin/jbcocmyinu,proc,168,True
1513,proc,4,True
Sleep Duration,other,2135,False
1515,proc,20712,False
Shared Memory:2,other,1,False
/etc/init.d/jbcocmyinu,file,13,True
/etc/cron.hourly/gcc4.sh,file,3,True
/etc/rc1.d/S90jbcocmyinu,file,2,True
/etc/rc2.d/S90jbcocmyinu,file,2,True
/etc/rc3.d/S90jbcocmyinu,file,2,True
/etc/rc4.d/S90jbcocmyinu,file,2,True
/etc/rc5.d/S90jbcocmyinu,file,2,True
/etc/rc.d/rc1.d/S90jbcocmyinu,file,2,True
/etc/rc.d/rc2.d/S90jbcocmyinu,file,2,True
/etc/rc.d/rc3.d/S90jbcocmyinu,file,2,True
/etc/rc.d/rc4.d/S90jbcocmyinu,file,2,True
/etc/rc.d/rc5.d/S90jbcocmyinu,file,2,True
1516,proc,4,True
1518,proc,4,True
sh,proc,24,True
/proc/stat,file,2,True
1522,proc,897,True
1523,proc,368,True
1524,proc,2,True
/usr/bin/vssugmktmv,file,1003,True
1525,proc,4,True
1527,proc,4,True
1529,proc,4,True
1531,proc,4,True
1533,proc,4,True
/bin/vssugmktmv,file,1,False
/tmp/vssugmktmv,file,1,False
/usr/bin/nxqgxznimf,file,1003,True
1567,proc,4,True
1569,proc,4,True
1571,proc,4,True
1573,proc,4,True
1575,proc,4,True
/bin/nxqgxznimf,file,1,False
/tmp/nxqgxznimf,file,1,False
/usr/bin/grmgksxpke,file,1003,True
1582,proc,4,True
1584,proc,4,True
1586,proc,4,True
1588,proc,4,True
1590,proc,4,True
/bin/grmgksxpke,file,1,False
/tmp/grmgksxpke,file,1,False
/usr/bin/munqfnylrb,file,1003,True
1601,proc,4,True
1603,proc,4,True
1605,proc,4,True
1607,proc,4,True
1609,proc,4,True
/bin/munqfnylrb,file,1,False
/tmp/munqfnylrb,file,1,False
/usr/bin/ocjssabhcy,file,1003,True
1616,proc,4,True
1618,proc,4,True
1620,proc,4,True
1622,proc,4,True
1624,proc,4,True
/bin/ocjssabhcy,file,1,False
/tmp/ocjssabhcy,file,1,False
/usr/bin/kpolxubucc,file,1003,True
1631,proc,4,True
1633,proc,4,True
1635,proc,4,True
1637,proc,4,True
1639,proc,4,True
/bin/kpolxubucc,file,1,False
/tmp/kpolxubucc,file,1,False
/usr/bin/espwtrvnfr,file,1001,True
1653,proc,4,True
1655,proc,4,True
1657,proc,4,True
1659,proc,4,True
1661,proc,4,True
/bin/espwtrvnfr,file,1,False
/tmp/espwtrvnfr,file,1,False
/usr/bin/cnexfmcujj,file,1003,True
1668,proc,4,True
1670,proc,4,True
1672,proc,4,True
1674,proc,4,True
1676,proc,4,True
/bin/cnexfmcujj,file,1,False
/tmp/cnexfmcujj,file,1,False
/usr/bin/evggfvmsaz,file,1003,True
1683,proc,4,True
1685,proc,4,True
1687,proc,4,True
1689,proc,4,True
1691,proc,4,True
/bin/evggfvmsaz,file,1,False
/tmp/evggfvmsaz,file,1,False
/usr/bin/efviybtwbl,file,1003,True
1699,proc,4,True
1701,proc,4,True
1703,proc,4,True
1705,proc,4,True
1707,proc,4,True
/bin/efviybtwbl,file,1,False
/tmp/efviybtwbl,file,1,False
/usr/bin/ezbfoqlgft,file,1003,True
1733,proc,4,True
1735,proc,4,True
1737,proc,4,True
1739,proc,4,True
1741,proc,4,True
/bin/ezbfoqlgft,file,1,False
/tmp/ezbfoqlgft,file,1,False
/usr/bin/doglfkfhwc,file,1003,True
1796,proc,4,True
1798,proc,4,True
1800,proc,4,True
1802,proc,4,True
1804,proc,4,True
/bin/doglfkfhwc,file,1,False
/tmp/doglfkfhwc,file,1,False
/usr/bin/gmeewnpsxh,file,1003,True
1836,proc,4,True
1838,proc,4,True
1840,proc,4,True
1842,proc,4,True
1844,proc,4,True
/bin/gmeewnpsxh,file,1,False
/tmp/gmeewnpsxh,file,1,False
/usr/bin/mrxlvaiojo,file,997,True
1851,proc,4,True
1853,proc,4,True
1855,proc,4,True
1857,proc,4,True
1859,proc,4,True
/bin/mrxlvaiojo,file,1,False
/tmp/mrxlvaiojo,file,1,False
/usr/bin/qrfifgnhrw,file,1003,True
1866,proc,4,True
1868,proc,4,True
1870,proc,4,True
1872,proc,4,True
1874,proc,4,True
/bin/qrfifgnhrw,file,1,False
/tmp/qrfifgnhrw,file,1,False
/usr/bin/bzxmmwmupw,file,1003,True
1881,proc,4,True
1883,proc,4,True
1885,proc,4,True
1887,proc,4,True
1889,proc,4,True
/bin/bzxmmwmupw,file,1,False
/tmp/bzxmmwmupw,file,1,False
/usr/bin/hklproiqse,file,997,True
1896,proc,4,True
1898,proc,4,True
1900,proc,4,True
1902,proc,4,True
1904,proc,4,True
/bin/hklproiqse,file,1,False
/tmp/hklproiqse,file,1,False
/usr/bin/jnuvvayadh,file,838,True
1911,proc,4,True
1913,proc,4,True
1915,proc,4,True
1917,proc,4,True
1919,proc,4,True
/bin/jnuvvayadh,file,1,False
/tmp/jnuvvayadh,file,1,False
/usr/bin/xxkioqnwhv,file,1003,True
1925,proc,4,True
1927,proc,4,True
1929,proc,4,True
1931,proc,4,True
1933,proc,4,True
/bin/xxkioqnwhv,file,1,False
/tmp/xxkioqnwhv,file,1,False
/usr/bin/pjghosimvy,file,995,True
1940,proc,4,True
1942,proc,4,True
1944,proc,4,True
1947,proc,4,True
1949,proc,4,True
/bin/pjghosimvy,file,1,False
/tmp/pjghosimvy,file,1,False
/usr/bin/jvgdheberq,file,669,True
1955,proc,4,True
1957,proc,4,True
1959,proc,4,True
1961,proc,4,True
1963,proc,4,True
/bin/jvgdheberq,file,1,False
/tmp/jvgdheberq,file,1,False
/usr/bin/xjfxlbohlj,file,838,True
1968,proc,4,True
1970,proc,4,True
1972,proc,4,True
1974,proc,4,True
1976,proc,4,True
/bin/xjfxlbohlj,file,1,False
/tmp/xjfxlbohlj,file,1,False
/usr/bin/cqxuwcpwsq,file,997,True
1982,proc,4,True
1984,proc,4,True
1986,proc,4,True
1988,proc,4,True
1990,proc,4,True
/bin/cqxuwcpwsq,file,1,False
/tmp/cqxuwcpwsq,file,1,False
/usr/bin/kqreyamdmc,file,997,True
1997,proc,4,True
1999,proc,4,True
2001,proc,4,True
2004,proc,4,True
2006,proc,4,True
/bin/kqreyamdmc,file,1,False
/tmp/kqreyamdmc,file,1,False
/usr/bin/owhqfonnde,file,999,True
2012,proc,4,True
2014,proc,4,True
2017,proc,4,True
2019,proc,4,True
2021,proc,4,True
/bin/owhqfonnde,file,1,False
/tmp/owhqfonnde,file,1,False
/usr/bin/bsobbrdogo,file,997,True
2027,proc,4,True
2029,proc,4,True
2031,proc,4,True
2033,proc,4,True
2036,proc,4,True
/bin/bsobbrdogo,file,1,False
/tmp/bsobbrdogo,file,1,False
/usr/bin/mvtkqughvm,file,1003,True
2042,proc,4,True
2044,proc,4,True
2046,proc,4,True
2048,proc,4,True
2050,proc,4,True
/bin/mvtkqughvm,file,1,False
/tmp/mvtkqughvm,file,1,False
/usr/bin/vawoluzqde,file,997,True
2057,proc,4,True
2059,proc,4,True
2061,proc,4,True
2063,proc,4,True
2065,proc,4,True
/bin/vawoluzqde,file,1,False
/tmp/vawoluzqde,file,1,False
/usr/bin/xrcdlyatgt,file,671,True
2072,proc,4,True
2074,proc,4,True
2076,proc,4,True
2078,proc,4,True
2080,proc,4,True
/bin/xrcdlyatgt,file,1,False
/tmp/xrcdlyatgt,file,1,False
/usr/bin/gormepxpfc,file,997,True
2085,proc,4,True
2087,proc,4,True
2089,proc,4,True
2091,proc,4,True
2094,proc,4,True
/bin/gormepxpfc,file,1,False
/tmp/gormepxpfc,file,1,False
/usr/bin/cjuekoehkd,file,997,True
2100,proc,4,True
2102,proc,4,True
2104,proc,4,True
2106,proc,4,True
2108,proc,4,True
/bin/cjuekoehkd,file,1,False
/tmp/cjuekoehkd,file,1,False
/usr/bin/sphzqhwgys,file,997,True
2115,proc,4,True
2117,proc,4,True
2119,proc,4,True
2122,proc,4,True
2124,proc,4,True
/bin/sphzqhwgys,file,1,False
/tmp/sphzqhwgys,file,1,False
/usr/bin/elextvpugf,file,997,True
2130,proc,4,True
2132,proc,4,True
2136,proc,4,True
2138,proc,4,True
2140,proc,4,True
/bin/elextvpugf,file,1,False
/tmp/elextvpugf,file,1,False
/usr/bin/nerhccbtef,file,1003,True
2145,proc,4,True
2147,proc,4,True
2149,proc,4,True
2151,proc,4,True
2153,proc,4,True
/bin/nerhccbtef,file,1,False
/tmp/nerhccbtef,file,1,False
/usr/bin/kftsbxiusr,file,997,True
2169,proc,4,True
2171,proc,4,True
2173,proc,4,True
2175,proc,4,True
2178,proc,4,True
/bin/kftsbxiusr,file,1,False
/tmp/kftsbxiusr,file,1,False
/usr/bin/jmsmtvejqh,file,1003,True
2184,proc,4,True
2186,proc,4,True
2188,proc,4,True
2190,proc,4,True
2192,proc,4,True
/bin/jmsmtvejqh,file,1,False
/tmp/jmsmtvejqh,file,1,False
/usr/bin/zsknthujfp,file,836,True
2199,proc,4,True
2201,proc,4,True
2203,proc,4,True
2205,proc,4,True
2207,proc,4,True
/bin/zsknthujfp,file,1,False
/tmp/zsknthujfp,file,1,False
/usr/bin/sxedhstsoq,file,999,True
2213,proc,4,True
2215,proc,4,True
2217,proc,4,True
2219,proc,4,True
2221,proc,4,True
/bin/sxedhstsoq,file,1,False
/tmp/sxedhstsoq,file,1,False
/usr/bin/zsagjbugte,file,836,True
2228,proc,4,True
2230,proc,4,True
2232,proc,4,True
2235,proc,4,True
2237,proc,4,True
/bin/zsagjbugte,file,1,False
/tmp/zsagjbugte,file,1,False
/usr/bin/aaznxxxuss,file,997,True
2242,proc,4,True
2244,proc,4,True
2247,proc,4,True
2249,proc,4,True
2251,proc,4,True
/bin/aaznxxxuss,file,1,False
/tmp/aaznxxxuss,file,1,False
/usr/bin/vnbhptpqva,file,1003,True
2257,proc,4,True
2259,proc,4,True
2261,proc,4,True
2263,proc,4,True
2265,proc,4,True
/bin/vnbhptpqva,file,1,False
/tmp/vnbhptpqva,file,1,False
/usr/bin/xqtdrhntyn,file,997,True
2272,proc,4,True
2274,proc,4,True
2276,proc,4,True
2278,proc,4,True
2280,proc,4,True
/bin/xqtdrhntyn,file,1,False
/tmp/xqtdrhntyn,file,1,False
/usr/bin/ocezhwraxu,file,995,True
2287,proc,4,True
2289,proc,4,True
2292,proc,4,True
2294,proc,4,True
2296,proc,4,True
/bin/ocezhwraxu,file,1,False
/tmp/ocezhwraxu,file,1,False
/usr/bin/itcininmgz,file,1003,True
2302,proc,4,True
2304,proc,4,True
2306,proc,4,True
2308,proc,4,True
2310,proc,4,True
/bin/itcininmgz,file,1,False
/tmp/itcininmgz,file,1,False
/usr/bin/ignrhavbyr,file,997,True
2317,proc,4,True
2319,proc,4,True
2321,proc,4,True
2323,proc,4,True
2325,proc,4,True
/bin/ignrhavbyr,file,1,False
/tmp/ignrhavbyr,file,1,False
/usr/bin/gequtqynzz,file,997,True
2332,proc,4,True
2334,proc,4,True
2336,proc,4,True
2338,proc,4,True
2340,proc,4,True
/bin/gequtqynzz,file,1,False
/tmp/gequtqynzz,file,1,False
/usr/bin/uliegpsnrl,file,995,True
2356,proc,4,True
2358,proc,4,True
2361,proc,4,True
2363,proc,4,True
2365,proc,4,True
/bin/uliegpsnrl,file,1,False
/tmp/uliegpsnrl,file,1,False
/usr/bin/juknrecazh,file,997,True
2371,proc,4,True
2373,proc,4,True
2375,proc,4,True
2378,proc,4,True
2380,proc,4,True
/bin/juknrecazh,file,1,False
/tmp/juknrecazh,file,1,False
/usr/bin/rvqaxubczb,file,995,True
2386,proc,4,True
2388,proc,4,True
2390,proc,4,True
2392,proc,4,True
2395,proc,4,True
/bin/rvqaxubczb,file,1,False
/tmp/rvqaxubczb,file,1,False
/usr/bin/syqcdgtysl,file,1001,True
2401,proc,4,True
2403,proc,4,True
2405,proc,4,True
2407,proc,4,True
2409,proc,4,True
/bin/syqcdgtysl,file,1,False
/tmp/syqcdgtysl,file,1,False
/usr/bin/fgjmgmszxx,file,995,True
2416,proc,4,True
2418,proc,4,True
2420,proc,4,True
2422,proc,4,True
2426,proc,4,True
/bin/fgjmgmszxx,file,1,False
/tmp/fgjmgmszxx,file,1,False
/usr/bin/maghnpbmzr,file,997,True
2431,proc,4,True
2433,proc,4,True
2435,proc,4,True
2437,proc,4,True
2439,proc,4,True
/bin/maghnpbmzr,file,1,False
/tmp/maghnpbmzr,file,1,False
/usr/bin/hioatxmgfc,file,999,True
2446,proc,4,True
2448,proc,4,True
2450,proc,4,True
2453,proc,4,True
2456,proc,4,True
/bin/hioatxmgfc,file,1,False
/tmp/hioatxmgfc,file,1,False
/usr/bin/utxmezwykx,file,997,True
2461,proc,4,True
2463,proc,4,True
2465,proc,4,True
2468,proc,4,True
2470,proc,4,True
/bin/utxmezwykx,file,1,False
/tmp/utxmezwykx,file,1,False
/usr/bin/ofvugpyhfm,file,838,True
2476,proc,4,True
2478,proc,4,True
2480,proc,4,True
2482,proc,4,True
2484,proc,4,True
/bin/ofvugpyhfm,file,1,False
/tmp/ofvugpyhfm,file,1,False
/usr/bin/rjrwmrxbdp,file,834,True
2490,proc,4,True
2492,proc,4,True
2494,proc,4,True
2497,proc,4,True
2500,proc,4,True
/bin/rjrwmrxbdp,file,1,False
/tmp/rjrwmrxbdp,file,1,False
/usr/bin/fxvrbcimur,file,997,True
2504,proc,4,True
2506,proc,4,True
2508,proc,4,True
2510,proc,4,True
2513,proc,4,True
/bin/fxvrbcimur,file,1,False
/tmp/fxvrbcimur,file,1,False
/usr/bin/oajpgtxfxa,file,997,True
2519,proc,4,True
2521,proc,4,True
2523,proc,4,True
2526,proc,4,True
2529,proc,4,True
/bin/oajpgtxfxa,file,1,False
/tmp/oajpgtxfxa,file,1,False
/usr/bin/rtttdewfkd,file,1003,True
2560,proc,4,True
2562,proc,4,True
2564,proc,4,True
2566,proc,4,True
2568,proc,4,True
/bin/rtttdewfkd,file,1,False
/tmp/rtttdewfkd,file,1,False
/usr/bin/qudpchaknx,file,998,True
2732,proc,4,True
2734,proc,4,True
2736,proc,4,True
2738,proc,4,True
2740,proc,4,True
/bin/qudpchaknx,file,1,False
/tmp/qudpchaknx,file,1,False
chkconfig,proc,2,True
update-rc.d,proc,88,True
ID,other,24,False
/usr/local/share/perl/5.26.0,file,1,False
/etc/perl/strict.pmc,file,1,False
/etc/perl/strict.pm,file,1,False
/usr/local/share/perl/5.26.1/strict.pmc,file,1,False
/usr/local/share/perl/5.26.1/strict.pm,file,1,False
/usr/share/perl5/strict.pmc,file,1,False
/usr/share/perl5/strict.pm,file,1,False
/usr/share/perl/5.26/strict.pmc,file,1,False
/usr/share/perl/5.26/strict.pm,file,1,False
/etc/perl/warnings.pmc,file,1,False
/etc/perl/warnings.pm,file,1,False
/usr/local/share/perl/5.26.1/warnings.pmc,file,1,False
/usr/local/share/perl/5.26.1/warnings.pm,file,1,False
/usr/share/perl5/warnings.pmc,file,1,False
/usr/share/perl5/warnings.pm,file,1,False
/usr/share/perl/5.26/warnings.pmc,file,1,False
/usr/share/perl/5.26/warnings.pm,file,1,False
/etc/perl/File/Glob.pmc,file,1,False
/etc/perl/File/Glob.pm,file,1,False
/usr/local/share/perl/5.26.1/File/Glob.pmc,file,1,False
/usr/local/share/perl/5.26.1/File/Glob.pm,file,1,False
/usr/share/perl5/File/Glob.pmc,file,1,False
/usr/share/perl5/File/Glob.pm,file,1,False
/etc/perl/XSLoader.pmc,file,1,False
/etc/perl/XSLoader.pm,file,1,False
/usr/local/share/perl/5.26.1/XSLoader.pmc,file,1,False
/usr/local/share/perl/5.26.1/XSLoader.pm,file,1,False
/usr/share/perl5/XSLoader.pmc,file,1,False
/usr/share/perl5/XSLoader.pm,file,1,False
/usr/share/perl/5.26/XSLoader.pmc,file,1,False
/usr/share/perl/5.26/XSLoader.pm,file,1,False
/sbin/insserv,file,1,False
/sbin/openrc,file,1,False
"""/etc/rc4.d/S90jbcocmyinu""",file,1,False
"""/etc/rc3.d/S90jbcocmyinu""",file,1,False
"""/etc/rc2.d/S90jbcocmyinu""",file,1,False
"""/etc/rc1.d/S90jbcocmyinu""",file,1,False
"""/etc/rc5.d/S90jbcocmyinu""",file,1,False
/run/systemd/system,file,1,False
Pipe 3 : read end from Pipe 4,other,1,False
Pipe 4 : write end to Pipe 3,other,1,False
systemctl,proc,94,False
/prober,file,1,False
.,file,1,False
/bin/sed,file,1,False
sed,proc,49,False
NO_PID,proc,1,False
/sys/fs/selinux,file,2,False
/selinux,file,2,False
/etc/selinux/config,file,2,False
/etc/crontab,file,2,True
Permission:0700,other,1,True
Permission:022,other,1,True
/etc/sedOo2UhI,file,20,True
"""/var/run/gcc4.pid""",file,299,False
/var/run/gcc4.pid,file,4,True
"""/usr/bin/jbcocmyinu""",file,298,False
183.60.202.2:2444,net,29,True
103.25.9.228:53,net,54,True
8.8.8.8:53,net,53,True
0.0.0.0:2444,net,52,True
1540,proc,293,False
1539,proc,293,False
1537,proc,293,False
1536,proc,293,False
1535,proc,293,False
/proc/1515/exe,file,1723,False
/proc/vz,file,1,False
" ""/proc/1/root""",file,1,False
" ""/""",file,1,False
" ""/run/systemd/system/""",file,1,False
1581,proc,293,False
1580,proc,290,False
1579,proc,293,False
1578,proc,293,False
1577,proc,293,False
1596,proc,293,False
1595,proc,293,False
1594,proc,293,False
1592,proc,290,False
1593,proc,290,False
1615,proc,293,False
1614,proc,293,False
1612,proc,293,False
1613,proc,293,False
1611,proc,293,False
1630,proc,293,False
1629,proc,293,False
1628,proc,293,False
1627,proc,293,False
1626,proc,293,False
1645,proc,293,False
1643,proc,293,False
1644,proc,293,False
1642,proc,293,False
1641,proc,293,False
1667,proc,293,False
1666,proc,293,False
1664,proc,293,False
1663,proc,293,False
1665,proc,293,False
1682,proc,293,False
1681,proc,293,False
1680,proc,293,False
1679,proc,293,False
1678,proc,293,False
1697,proc,293,False
1696,proc,293,False
1695,proc,293,False
1693,proc,293,False
1694,proc,293,False
1713,proc,293,False
1709,proc,293,False
1712,proc,293,False
1710,proc,293,False
1711,proc,293,False
1747,proc,293,False
1746,proc,293,False
1744,proc,293,False
1743,proc,293,False
1745,proc,293,False
1810,proc,293,False
1809,proc,293,False
1808,proc,293,False
1807,proc,293,False
1806,proc,293,False
1850,proc,293,False
1849,proc,293,False
1848,proc,293,False
1847,proc,293,False
1846,proc,293,False
1862,proc,293,False
1865,proc,293,False
1861,proc,293,False
1864,proc,293,False
1863,proc,293,False
1880,proc,293,False
1879,proc,293,False
1878,proc,293,False
1877,proc,293,False
1876,proc,293,False
1895,proc,293,False
1894,proc,293,False
1893,proc,293,False
1892,proc,293,False
1891,proc,293,False
1908,proc,293,False
1910,proc,293,False
1909,proc,293,False
1907,proc,293,False
1906,proc,293,False
1924,proc,293,False
1923,proc,293,False
1921,proc,293,False
1922,proc,293,False
1939,proc,293,False
1938,proc,293,False
1937,proc,293,False
1935,proc,293,False
1936,proc,293,False
1946,proc,293,False
1954,proc,293,False
1953,proc,293,False
1951,proc,293,False
1952,proc,293,False
1965,proc,293,False
1966,proc,293,False
1967,proc,293,False
1980,proc,293,False
1981,proc,293,False
1978,proc,293,False
1979,proc,293,False
1992,proc,293,False
1994,proc,293,False
1996,proc,293,False
1993,proc,293,False
1995,proc,293,False
2002,proc,293,False
2011,proc,293,False
2008,proc,293,False
2009,proc,293,False
2010,proc,293,False
2026,proc,293,False
2016,proc,293,False
2025,proc,293,False
2024,proc,293,False
2023,proc,293,False
2041,proc,290,False
2035,proc,293,False
2040,proc,290,False
2039,proc,293,False
2038,proc,293,False
2056,proc,293,False
2055,proc,293,False
2054,proc,293,False
2052,proc,293,False
2053,proc,293,False
2071,proc,293,False
2067,proc,293,False
2070,proc,293,False
2069,proc,293,False
2068,proc,293,False
2083,proc,293,False
2082,proc,293,False
2084,proc,293,False
2093,proc,293,False
2096,proc,293,False
2099,proc,293,False
2098,proc,293,False
2097,proc,293,False
2109,proc,293,False
2111,proc,293,False
2114,proc,293,False
2113,proc,293,False
2112,proc,293,False
2121,proc,293,False
2128,proc,293,False
2129,proc,293,False
2127,proc,293,False
2126,proc,293,False
2135,proc,293,False
2134,proc,293,False
2142,proc,293,False
2144,proc,293,False
2143,proc,293,False
2158,proc,293,False
2159,proc,293,False
2157,proc,293,False
2155,proc,293,False
2156,proc,293,False
2177,proc,293,False
2183,proc,293,False
2182,proc,293,False
2181,proc,293,False
2180,proc,293,False
2198,proc,293,False
2197,proc,293,False
2195,proc,293,False
2194,proc,293,False
2196,proc,293,False
2212,proc,293,False
2208,proc,293,False
2211,proc,293,False
2210,proc,293,False
2227,proc,293,False
2222,proc,293,False
2226,proc,293,False
2225,proc,293,False
2224,proc,293,False
2241,proc,293,False
2234,proc,293,False
2240,proc,293,False
2239,proc,293,False
2246,proc,293,False
2256,proc,293,False
2255,proc,293,False
2253,proc,293,False
2254,proc,293,False
2271,proc,293,False
2270,proc,293,False
2269,proc,293,False
2268,proc,293,False
2267,proc,293,False
2282,proc,293,False
2283,proc,293,False
2286,proc,293,False
2285,proc,293,False
2284,proc,293,False
2291,proc,293,False
2298,proc,293,False
2299,proc,293,False
2301,proc,293,False
2300,proc,293,False
2315,proc,293,False
2316,proc,293,False
2314,proc,293,False
2313,proc,293,False
2312,proc,293,False
2327,proc,293,False
2328,proc,293,False
2329,proc,293,False
2331,proc,293,False
2330,proc,293,False
2342,proc,293,False
2344,proc,293,False
2345,proc,293,False
2346,proc,293,False
2343,proc,293,False
2370,proc,293,False
2360,proc,293,False
2367,proc,293,False
2369,proc,293,False
2368,proc,293,False
2377,proc,290,False
2382,proc,290,False
2385,proc,293,False
2383,proc,293,False
2384,proc,293,False
2394,proc,293,False
2400,proc,293,False
2399,proc,293,False
2398,proc,293,False
2397,proc,293,False
2415,proc,293,False
2414,proc,293,False
2412,proc,293,False
2411,proc,293,False
2413,proc,293,False
2425,proc,293,False
2430,proc,293,False
2424,proc,293,False
2428,proc,293,False
2429,proc,293,False
2445,proc,293,False
2440,proc,293,False
2444,proc,293,False
2443,proc,293,False
2442,proc,293,False
2460,proc,293,False
2452,proc,293,False
2455,proc,293,False
2459,proc,293,False
2458,proc,293,False
2467,proc,293,False
2472,proc,293,False
2475,proc,293,False
2473,proc,293,False
2474,proc,293,False
2489,proc,293,False
2487,proc,293,False
2488,proc,293,False
2486,proc,293,False
2499,proc,293,False
2496,proc,293,False
2503,proc,293,False
2502,proc,293,False
2511,proc,293,False
2515,proc,293,False
2518,proc,293,False
2517,proc,293,False
2516,proc,293,False
2533,proc,293,False
2528,proc,293,False
2525,proc,293,False
2532,proc,293,False
2531,proc,293,False
2613,proc,293,False
2612,proc,293,False
2610,proc,293,False
2611,proc,293,False
2584,proc,293,False
2745,proc,283,False
2744,proc,283,False
2746,proc,283,False
2742,proc,283,False
2743,proc,283,False
