node_name,type,appearance,importance
malware,file,321,True
uname,file,2,False
Memory Address,mem,36233,True
8192*1024 bytes,other,296,False
/proc/self/exe,file,298,False
1526,proc,628,True
status:0,other,897,True
"""/usr""",file,61,False
"""/usr/bin""",file,61,False
"""/bin""",file,61,False
"""/tmp""",file,61,False
"""/var""",file,1,False
"""/var/run""",file,1,False
Timestamp,other,2905,False
Unknown,file,9663,True
/usr/bin/osrlqkuacq,proc,168,True
1527,proc,4,True
Sleep Duration,other,2137,False
1529,proc,20634,False
Shared Memory:2,other,1,False
/etc/init.d/osrlqkuacq,file,13,True
/etc/cron.hourly/gcc4.sh,file,3,True
/etc/rc1.d/S90osrlqkuacq,file,2,True
/etc/rc2.d/S90osrlqkuacq,file,2,True
/etc/rc3.d/S90osrlqkuacq,file,2,True
/etc/rc4.d/S90osrlqkuacq,file,2,True
/etc/rc5.d/S90osrlqkuacq,file,2,True
/etc/rc.d/rc1.d/S90osrlqkuacq,file,2,True
/etc/rc.d/rc2.d/S90osrlqkuacq,file,2,True
/etc/rc.d/rc3.d/S90osrlqkuacq,file,2,True
/etc/rc.d/rc4.d/S90osrlqkuacq,file,2,True
/etc/rc.d/rc5.d/S90osrlqkuacq,file,2,True
1530,proc,4,True
1532,proc,4,True
sh,proc,24,True
/proc/stat,file,2,True
1536,proc,897,True
1537,proc,331,True
1538,proc,2,True
/usr/bin/mydtkbwfhe,file,1003,True
1539,proc,4,True
1541,proc,4,True
1543,proc,4,True
1545,proc,4,True
1547,proc,4,True
/bin/mydtkbwfhe,file,1,False
/tmp/mydtkbwfhe,file,1,False
/usr/bin/ffxswciazh,file,997,True
1582,proc,4,True
1584,proc,4,True
1586,proc,4,True
1588,proc,4,True
1591,proc,4,True
/bin/ffxswciazh,file,1,False
/tmp/ffxswciazh,file,1,False
/usr/bin/trecssimyc,file,1003,True
1597,proc,4,True
1599,proc,4,True
1601,proc,4,True
1603,proc,4,True
1605,proc,4,True
/bin/trecssimyc,file,1,False
/tmp/trecssimyc,file,1,False
/usr/bin/jjijlwwuep,file,838,True
1616,proc,4,True
1618,proc,4,True
1620,proc,4,True
1622,proc,4,True
1624,proc,4,True
/bin/jjijlwwuep,file,1,False
/tmp/jjijlwwuep,file,1,False
/usr/bin/ltjzejqzba,file,1003,True
1639,proc,4,True
1641,proc,4,True
1643,proc,4,True
1645,proc,4,True
1647,proc,4,True
/bin/ltjzejqzba,file,1,False
/tmp/ltjzejqzba,file,1,False
/usr/bin/qasrzooxiy,file,997,True
1654,proc,4,True
1656,proc,4,True
1658,proc,4,True
1660,proc,4,True
1662,proc,4,True
/bin/qasrzooxiy,file,1,False
/tmp/qasrzooxiy,file,1,False
/usr/bin/mdvespjjut,file,997,True
1676,proc,4,True
1678,proc,4,True
1680,proc,4,True
1682,proc,4,True
1684,proc,4,True
/bin/mdvespjjut,file,1,False
/tmp/mdvespjjut,file,1,False
/usr/bin/nkwfyjhkmb,file,997,True
1691,proc,4,True
1693,proc,4,True
1695,proc,4,True
1698,proc,4,True
1701,proc,4,True
/bin/nkwfyjhkmb,file,1,False
/tmp/nkwfyjhkmb,file,1,False
/usr/bin/aazdsfnjlr,file,838,True
1706,proc,4,True
1708,proc,4,True
1710,proc,4,True
1712,proc,4,True
1714,proc,4,True
/bin/aazdsfnjlr,file,1,False
/tmp/aazdsfnjlr,file,1,False
/usr/bin/qilwfyayqa,file,997,True
1721,proc,4,True
1723,proc,4,True
1725,proc,4,True
1727,proc,4,True
1729,proc,4,True
/bin/qilwfyayqa,file,1,False
/tmp/qilwfyayqa,file,1,False
/usr/bin/rfrhfghoyq,file,1003,True
1755,proc,4,True
1757,proc,4,True
1759,proc,4,True
1761,proc,4,True
1763,proc,4,True
/bin/rfrhfghoyq,file,1,False
/tmp/rfrhfghoyq,file,1,False
/usr/bin/ggvdvjyqmu,file,1003,True
1818,proc,4,True
1820,proc,4,True
1822,proc,4,True
1824,proc,4,True
1826,proc,4,True
/bin/ggvdvjyqmu,file,1,False
/tmp/ggvdvjyqmu,file,1,False
/usr/bin/nuprkzqaoc,file,997,True
1858,proc,4,True
1860,proc,4,True
1862,proc,4,True
1864,proc,4,True
1866,proc,4,True
/bin/nuprkzqaoc,file,1,False
/tmp/nuprkzqaoc,file,1,False
/usr/bin/ntpsylliix,file,999,True
1873,proc,4,True
1875,proc,4,True
1877,proc,4,True
1879,proc,4,True
1881,proc,4,True
/bin/ntpsylliix,file,1,False
/tmp/ntpsylliix,file,1,False
/usr/bin/lrybfdqnwn,file,1003,True
1888,proc,4,True
1890,proc,4,True
1892,proc,4,True
1894,proc,4,True
1896,proc,4,True
/bin/lrybfdqnwn,file,1,False
/tmp/lrybfdqnwn,file,1,False
/usr/bin/auzqbluert,file,997,True
1903,proc,4,True
1905,proc,4,True
1907,proc,4,True
1910,proc,4,True
1913,proc,4,True
/bin/auzqbluert,file,1,False
/tmp/auzqbluert,file,1,False
/usr/bin/fjnlmhvqpe,file,834,True
1918,proc,4,True
1920,proc,4,True
1922,proc,4,True
1924,proc,4,True
1926,proc,4,True
/bin/fjnlmhvqpe,file,1,False
/tmp/fjnlmhvqpe,file,1,False
/usr/bin/gdvowysdod,file,997,True
1932,proc,4,True
1934,proc,4,True
1936,proc,4,True
1939,proc,4,True
1941,proc,4,True
/bin/gdvowysdod,file,1,False
/tmp/gdvowysdod,file,1,False
/usr/bin/qauiqlnrwj,file,1001,True
1964,proc,4,True
1966,proc,4,True
1968,proc,4,True
1970,proc,4,True
1972,proc,4,True
/bin/qauiqlnrwj,file,1,False
/tmp/qauiqlnrwj,file,1,False
/usr/bin/jltpctgxxz,file,997,True
1979,proc,4,True
1981,proc,4,True
1983,proc,4,True
1986,proc,4,True
1989,proc,4,True
/bin/jltpctgxxz,file,1,False
/tmp/jltpctgxxz,file,1,False
/usr/bin/kbwparkmrm,file,997,True
1994,proc,4,True
1996,proc,4,True
1998,proc,4,True
2000,proc,4,True
2003,proc,4,True
/bin/kbwparkmrm,file,1,False
/tmp/kbwparkmrm,file,1,False
/usr/bin/jgtdfkzokb,file,997,True
2009,proc,4,True
2011,proc,4,True
2013,proc,4,True
2015,proc,4,True
2018,proc,4,True
/bin/jgtdfkzokb,file,1,False
/tmp/jgtdfkzokb,file,1,False
/usr/bin/aaggbnrsgv,file,997,True
2024,proc,4,True
2026,proc,4,True
2028,proc,4,True
2030,proc,4,True
2033,proc,4,True
/bin/aaggbnrsgv,file,1,False
/tmp/aaggbnrsgv,file,1,False
/usr/bin/ywohjdmiga,file,997,True
2039,proc,4,True
2041,proc,4,True
2043,proc,4,True
2046,proc,4,True
2049,proc,4,True
/bin/ywohjdmiga,file,1,False
/tmp/ywohjdmiga,file,1,False
/usr/bin/lpnggcclex,file,995,True
2054,proc,4,True
2056,proc,4,True
2058,proc,4,True
2060,proc,4,True
2062,proc,4,True
/bin/lpnggcclex,file,1,False
/tmp/lpnggcclex,file,1,False
/usr/bin/eesvbgwrar,file,997,True
2069,proc,4,True
2071,proc,4,True
2073,proc,4,True
2075,proc,4,True
2078,proc,4,True
/bin/eesvbgwrar,file,1,False
/tmp/eesvbgwrar,file,1,False
/usr/bin/muyzxxweqa,file,995,True
2084,proc,4,True
2086,proc,4,True
2089,proc,4,True
2091,proc,4,True
2093,proc,4,True
/bin/muyzxxweqa,file,1,False
/tmp/muyzxxweqa,file,1,False
/usr/bin/ndxaangeln,file,995,True
2099,proc,4,True
2101,proc,4,True
2104,proc,4,True
2106,proc,4,True
2108,proc,4,True
/bin/ndxaangeln,file,1,False
/tmp/ndxaangeln,file,1,False
/usr/bin/gaxnjebjzn,file,995,True
2114,proc,4,True
2117,proc,4,True
2120,proc,4,True
2122,proc,4,True
2124,proc,4,True
/bin/gaxnjebjzn,file,1,False
/tmp/gaxnjebjzn,file,1,False
/usr/bin/upccpfypsv,file,997,True
2129,proc,4,True
2131,proc,4,True
2133,proc,4,True
2135,proc,4,True
2138,proc,4,True
/bin/upccpfypsv,file,1,False
/tmp/upccpfypsv,file,1,False
/usr/bin/cbriopjafl,file,995,True
2144,proc,4,True
2146,proc,4,True
2149,proc,4,True
2151,proc,4,True
2153,proc,4,True
/bin/cbriopjafl,file,1,False
/tmp/cbriopjafl,file,1,False
/usr/bin/fwgzpencus,file,1003,True
2159,proc,4,True
2161,proc,4,True
2163,proc,4,True
2165,proc,4,True
2167,proc,4,True
/bin/fwgzpencus,file,1,False
/tmp/fwgzpencus,file,1,False
/usr/bin/qepnxqspzt,file,838,True
2174,proc,4,True
2176,proc,4,True
2178,proc,4,True
2180,proc,4,True
2182,proc,4,True
/bin/qepnxqspzt,file,1,False
/tmp/qepnxqspzt,file,1,False
/usr/bin/pkdkexlyjl,file,995,True
2188,proc,4,True
2190,proc,4,True
2192,proc,4,True
2194,proc,4,True
2197,proc,4,True
/bin/pkdkexlyjl,file,1,False
/tmp/pkdkexlyjl,file,1,False
/usr/bin/jrdherpsjy,file,1003,True
2203,proc,4,True
2205,proc,4,True
2207,proc,4,True
2209,proc,4,True
2211,proc,4,True
/bin/jrdherpsjy,file,1,False
/tmp/jrdherpsjy,file,1,False
/usr/bin/nnrvojppcz,file,1003,True
2218,proc,4,True
2220,proc,4,True
2222,proc,4,True
2224,proc,4,True
2226,proc,4,True
/bin/nnrvojppcz,file,1,False
/tmp/nnrvojppcz,file,1,False
/usr/bin/aylrpwrokp,file,999,True
2233,proc,4,True
2235,proc,4,True
2237,proc,4,True
2240,proc,4,True
2242,proc,4,True
/bin/aylrpwrokp,file,1,False
/tmp/aylrpwrokp,file,1,False
/usr/bin/cguriwmizy,file,508,True
2248,proc,4,True
2250,proc,4,True
2252,proc,4,True
2254,proc,4,True
2256,proc,4,True
/bin/cguriwmizy,file,1,False
/tmp/cguriwmizy,file,1,False
/usr/bin/ublpqeuxvn,file,1003,True
2260,proc,4,True
2262,proc,4,True
2264,proc,4,True
2266,proc,4,True
2268,proc,4,True
/bin/ublpqeuxvn,file,1,False
/tmp/ublpqeuxvn,file,1,False
/usr/bin/tqemrmrgsw,file,997,True
2284,proc,4,True
2286,proc,4,True
2288,proc,4,True
2291,proc,4,True
2293,proc,4,True
/bin/tqemrmrgsw,file,1,False
/tmp/tqemrmrgsw,file,1,False
/usr/bin/mskhwndovk,file,1003,True
2299,proc,4,True
2301,proc,4,True
2303,proc,4,True
2305,proc,4,True
2307,proc,4,True
/bin/mskhwndovk,file,1,False
/tmp/mskhwndovk,file,1,False
/usr/bin/xctvhtkkbi,file,995,True
2314,proc,4,True
2316,proc,4,True
2318,proc,4,True
2320,proc,4,True
2323,proc,4,True
/bin/xctvhtkkbi,file,1,False
/tmp/xctvhtkkbi,file,1,False
/usr/bin/kqviqkiffp,file,838,True
2329,proc,4,True
2331,proc,4,True
2333,proc,4,True
2335,proc,4,True
2337,proc,4,True
/bin/kqviqkiffp,file,1,False
/tmp/kqviqkiffp,file,1,False
/usr/bin/xtoxaccphq,file,997,True
2343,proc,4,True
2345,proc,4,True
2347,proc,4,True
2349,proc,4,True
2351,proc,4,True
/bin/xtoxaccphq,file,1,False
/tmp/xtoxaccphq,file,1,False
/usr/bin/jlkzrjyvvf,file,995,True
2358,proc,4,True
2360,proc,4,True
2362,proc,4,True
2365,proc,4,True
2368,proc,4,True
/bin/jlkzrjyvvf,file,1,False
/tmp/jlkzrjyvvf,file,1,False
/usr/bin/rohtabvrtn,file,997,True
2382,proc,4,True
2384,proc,4,True
2386,proc,4,True
2388,proc,4,True
2391,proc,4,True
/bin/rohtabvrtn,file,1,False
/tmp/rohtabvrtn,file,1,False
/usr/bin/sthegzypub,file,997,True
2397,proc,4,True
2399,proc,4,True
2401,proc,4,True
2403,proc,4,True
2405,proc,4,True
/bin/sthegzypub,file,1,False
/tmp/sthegzypub,file,1,False
/usr/bin/whfdqknqwl,file,997,True
2412,proc,4,True
2414,proc,4,True
2416,proc,4,True
2418,proc,4,True
2420,proc,4,True
/bin/whfdqknqwl,file,1,False
/tmp/whfdqknqwl,file,1,False
/usr/bin/kkptidoiay,file,1001,True
2427,proc,4,True
2429,proc,4,True
2431,proc,4,True
2433,proc,4,True
2435,proc,4,True
/bin/kkptidoiay,file,1,False
/tmp/kkptidoiay,file,1,False
/usr/bin/bcxpjrzfpo,file,1003,True
2442,proc,4,True
2444,proc,4,True
2446,proc,4,True
2448,proc,4,True
2450,proc,4,True
/bin/bcxpjrzfpo,file,1,False
/tmp/bcxpjrzfpo,file,1,False
/usr/bin/xaslqexuqa,file,1003,True
2457,proc,4,True
2459,proc,4,True
2461,proc,4,True
2463,proc,4,True
2465,proc,4,True
/bin/xaslqexuqa,file,1,False
/tmp/xaslqexuqa,file,1,False
/usr/bin/imtoxwkvpg,file,995,True
2472,proc,4,True
2474,proc,4,True
2476,proc,4,True
2478,proc,4,True
2481,proc,4,True
/bin/imtoxwkvpg,file,1,False
/tmp/imtoxwkvpg,file,1,False
/usr/bin/hpmbeiacrk,file,1001,True
2487,proc,4,True
2489,proc,4,True
2491,proc,4,True
2493,proc,4,True
2495,proc,4,True
/bin/hpmbeiacrk,file,1,False
/tmp/hpmbeiacrk,file,1,False
/usr/bin/aipnileimk,file,834,True
2502,proc,4,True
2504,proc,4,True
2506,proc,4,True
2508,proc,4,True
2511,proc,4,True
/bin/aipnileimk,file,1,False
/tmp/aipnileimk,file,1,False
/usr/bin/dyjazbtnaz,file,997,True
2516,proc,4,True
2518,proc,4,True
2520,proc,4,True
2523,proc,4,True
2525,proc,4,True
/bin/dyjazbtnaz,file,1,False
/tmp/dyjazbtnaz,file,1,False
/usr/bin/lyvtgzpyst,file,997,True
2531,proc,4,True
2533,proc,4,True
2535,proc,4,True
2537,proc,4,True
2540,proc,4,True
/bin/lyvtgzpyst,file,1,False
/tmp/lyvtgzpyst,file,1,False
/usr/bin/casuoqtmmw,file,995,True
2546,proc,4,True
2548,proc,4,True
2550,proc,4,True
2552,proc,4,True
2555,proc,4,True
/bin/casuoqtmmw,file,1,False
/tmp/casuoqtmmw,file,1,False
/usr/bin/bknthemzyu,file,995,True
2561,proc,4,True
2563,proc,4,True
2566,proc,4,True
2570,proc,4,True
2572,proc,4,True
/bin/bknthemzyu,file,1,False
/tmp/bknthemzyu,file,1,False
/usr/bin/avnxupoysx,file,1003,True
2697,proc,4,True
2699,proc,4,True
2701,proc,4,True
2704,proc,4,True
2706,proc,4,True
/bin/avnxupoysx,file,1,False
/tmp/avnxupoysx,file,1,False
/usr/bin/pwfmgsztyd,file,998,True
2773,proc,4,True
2775,proc,4,True
2777,proc,4,True
2779,proc,4,True
2781,proc,4,True
/bin/pwfmgsztyd,file,1,False
/tmp/pwfmgsztyd,file,1,False
chkconfig,proc,2,True
update-rc.d,proc,88,True
ID,other,24,False
/usr/local/share/perl/5.26.0,file,1,False
/etc/perl/strict.pmc,file,1,False
/etc/perl/strict.pm,file,1,False
/usr/local/share/perl/5.26.1/strict.pmc,file,1,False
/usr/local/share/perl/5.26.1/strict.pm,file,1,False
/usr/share/perl5/strict.pmc,file,1,False
/usr/share/perl5/strict.pm,file,1,False
/usr/share/perl/5.26/strict.pmc,file,1,False
/usr/share/perl/5.26/strict.pm,file,1,False
/etc/perl/warnings.pmc,file,1,False
/etc/perl/warnings.pm,file,1,False
/usr/local/share/perl/5.26.1/warnings.pmc,file,1,False
/usr/local/share/perl/5.26.1/warnings.pm,file,1,False
/usr/share/perl5/warnings.pmc,file,1,False
/usr/share/perl5/warnings.pm,file,1,False
/usr/share/perl/5.26/warnings.pmc,file,1,False
/usr/share/perl/5.26/warnings.pm,file,1,False
/etc/perl/File/Glob.pmc,file,1,False
/etc/perl/File/Glob.pm,file,1,False
/usr/local/share/perl/5.26.1/File/Glob.pmc,file,1,False
/usr/local/share/perl/5.26.1/File/Glob.pm,file,1,False
/usr/share/perl5/File/Glob.pmc,file,1,False
/usr/share/perl5/File/Glob.pm,file,1,False
/etc/perl/XSLoader.pmc,file,1,False
/etc/perl/XSLoader.pm,file,1,False
/usr/local/share/perl/5.26.1/XSLoader.pmc,file,1,False
/usr/local/share/perl/5.26.1/XSLoader.pm,file,1,False
/usr/share/perl5/XSLoader.pmc,file,1,False
/usr/share/perl5/XSLoader.pm,file,1,False
/usr/share/perl/5.26/XSLoader.pmc,file,1,False
/usr/share/perl/5.26/XSLoader.pm,file,1,False
/sbin/insserv,file,1,False
/sbin/openrc,file,1,False
"""/etc/rc4.d/S90osrlqkuacq""",file,1,False
"""/etc/rc3.d/S90osrlqkuacq""",file,1,False
"""/etc/rc2.d/S90osrlqkuacq""",file,1,False
"""/etc/rc1.d/S90osrlqkuacq""",file,1,False
"""/etc/rc5.d/S90osrlqkuacq""",file,1,False
/run/systemd/system,file,1,False
Pipe 3 : read end from Pipe 4,other,1,False
Pipe 4 : write end to Pipe 3,other,1,False
systemctl,proc,94,False
/prober,file,1,False
.,file,1,False
/bin/sed,file,1,False
sed,proc,49,False
NO_PID,proc,1,False
/sys/fs/selinux,file,2,False
/selinux,file,2,False
/etc/selinux/config,file,2,False
/etc/crontab,file,2,True
Permission:0700,other,1,True
Permission:022,other,1,True
/etc/sedXT216U,file,20,True
"""/var/run/gcc4.pid""",file,299,False
/var/run/gcc4.pid,file,4,True
"""/usr/bin/osrlqkuacq""",file,298,False
0.0.0.0:53,net,60,True
8.8.8.8:53,net,59,True
0.0.0.0:8080,net,20,True
0.0.0.0:60000,net,38,True
1554,proc,293,False
1553,proc,293,False
1551,proc,293,False
1549,proc,293,False
1550,proc,293,False
/proc/1529/exe,file,1725,False
/proc/vz,file,1,False
" ""/proc/1/root""",file,1,False
" ""/""",file,1,False
" ""/run/systemd/system/""",file,1,False
1596,proc,293,False
1590,proc,293,False
1595,proc,293,False
1594,proc,293,False
1593,proc,293,False
1611,proc,293,False
1610,proc,293,False
1609,proc,293,False
1607,proc,293,False
1608,proc,293,False
1629,proc,293,False
1627,proc,293,False
1626,proc,293,False
1628,proc,293,False
1653,proc,293,False
1652,proc,293,False
1651,proc,293,False
1649,proc,293,False
1650,proc,293,False
1668,proc,293,False
1663,proc,293,False
1665,proc,293,False
1667,proc,293,False
1666,proc,293,False
1686,proc,293,False
1687,proc,293,False
1690,proc,293,False
1689,proc,293,False
1688,proc,293,False
1705,proc,293,False
1697,proc,293,False
1700,proc,293,False
1703,proc,293,False
1704,proc,293,False
1719,proc,293,False
1718,proc,293,False
1717,proc,293,False
1716,proc,293,False
1730,proc,293,False
1735,proc,293,False
1734,proc,293,False
1733,proc,293,False
1732,proc,293,False
1769,proc,293,False
1768,proc,293,False
1767,proc,293,False
1766,proc,293,False
1765,proc,293,False
1832,proc,290,False
1831,proc,293,False
1830,proc,293,False
1828,proc,293,False
1829,proc,293,False
1872,proc,293,False
1867,proc,293,False
1871,proc,293,False
1870,proc,293,False
1869,proc,293,False
1887,proc,293,False
1883,proc,293,False
1884,proc,293,False
1886,proc,293,False
1885,proc,293,False
1902,proc,293,False
1901,proc,293,False
1900,proc,293,False
1899,proc,293,False
1898,proc,293,False
1917,proc,293,False
1911,proc,293,False
1909,proc,293,False
1915,proc,293,False
1916,proc,293,False
1931,proc,293,False
1928,proc,293,False
1930,proc,293,False
1929,proc,293,False
1938,proc,293,False
1952,proc,293,False
1963,proc,290,False
1962,proc,293,False
1961,proc,290,False
1978,proc,293,False
1977,proc,293,False
1974,proc,290,False
1975,proc,290,False
1976,proc,290,False
1993,proc,293,False
1988,proc,293,False
1985,proc,290,False
1992,proc,293,False
1991,proc,293,False
2008,proc,293,False
2002,proc,293,False
2005,proc,293,False
2007,proc,293,False
2006,proc,293,False
2023,proc,293,False
2017,proc,293,False
2022,proc,293,False
2021,proc,293,False
2020,proc,293,False
2038,proc,293,False
2032,proc,293,False
2037,proc,293,False
2036,proc,293,False
2035,proc,293,False
2051,proc,293,False
2045,proc,293,False
2052,proc,293,False
2048,proc,293,False
2053,proc,293,False
2065,proc,293,False
2068,proc,293,False
2067,proc,293,False
2066,proc,293,False
2064,proc,293,False
2077,proc,293,False
2080,proc,293,False
2083,proc,293,False
2082,proc,293,False
2081,proc,293,False
2088,proc,293,False
2095,proc,293,False
2098,proc,293,False
2097,proc,293,False
2096,proc,293,False
2103,proc,293,False
2113,proc,293,False
2111,proc,293,False
2110,proc,293,False
2112,proc,293,False
2116,proc,293,False
2119,proc,293,False
2127,proc,293,False
2128,proc,293,False
2126,proc,293,False
2137,proc,293,False
2140,proc,293,False
2143,proc,293,False
2142,proc,293,False
2141,proc,293,False
2148,proc,293,False
2158,proc,293,False
2155,proc,293,False
2157,proc,293,False
2156,proc,293,False
2173,proc,293,False
2172,proc,293,False
2171,proc,293,False
2170,proc,293,False
2169,proc,293,False
2187,proc,293,False
2186,proc,293,False
2184,proc,293,False
2185,proc,293,False
2196,proc,293,False
2202,proc,293,False
2199,proc,293,False
2201,proc,293,False
2200,proc,293,False
2217,proc,293,False
2216,proc,293,False
2215,proc,293,False
2214,proc,293,False
2213,proc,293,False
2232,proc,293,False
2230,proc,293,False
2228,proc,293,False
2231,proc,293,False
2229,proc,293,False
2247,proc,293,False
2244,proc,293,False
2239,proc,293,False
2246,proc,293,False
2245,proc,293,False
2258,proc,293,False
2259,proc,293,False
2274,proc,293,False
2273,proc,293,False
2272,proc,293,False
2270,proc,293,False
2271,proc,293,False
2298,proc,290,False
2295,proc,293,False
2290,proc,293,False
2297,proc,293,False
2296,proc,293,False
2313,proc,290,False
2312,proc,290,False
2311,proc,293,False
2309,proc,293,False
2310,proc,293,False
2322,proc,293,False
2327,proc,293,False
2325,proc,290,False
2328,proc,293,False
2326,proc,293,False
2342,proc,293,False
2341,proc,293,False
2340,proc,293,False
2339,proc,293,False
2357,proc,293,False
2353,proc,293,False
2356,proc,293,False
2355,proc,293,False
2354,proc,293,False
2364,proc,293,False
2370,proc,293,False
2372,proc,293,False
2367,proc,293,False
2371,proc,293,False
2396,proc,293,False
2390,proc,293,False
2393,proc,293,False
2394,proc,293,False
2395,proc,293,False
2411,proc,293,False
2406,proc,293,False
2410,proc,293,False
2409,proc,293,False
2408,proc,293,False
2422,proc,293,False
2423,proc,293,False
2426,proc,293,False
2425,proc,293,False
2424,proc,293,False
2441,proc,293,False
2440,proc,293,False
2437,proc,293,False
2439,proc,293,False
2438,proc,293,False
2456,proc,293,False
2454,proc,293,False
2453,proc,293,False
2455,proc,293,False
2452,proc,293,False
2471,proc,293,False
2470,proc,293,False
2469,proc,293,False
2467,proc,293,False
2468,proc,293,False
2480,proc,293,False
2486,proc,293,False
2485,proc,293,False
2484,proc,293,False
2483,proc,293,False
2501,proc,293,False
2500,proc,293,False
2499,proc,293,False
2497,proc,293,False
2498,proc,293,False
2510,proc,293,False
2513,proc,293,False
2515,proc,293,False
2514,proc,293,False
2522,proc,293,False
2527,proc,293,False
2530,proc,293,False
2528,proc,293,False
2529,proc,293,False
2539,proc,293,False
2544,proc,293,False
2542,proc,293,False
2543,proc,293,False
2545,proc,293,False
2557,proc,293,False
2559,proc,293,False
2554,proc,293,False
2560,proc,293,False
2558,proc,293,False
2565,proc,293,False
2568,proc,293,False
2569,proc,293,False
2574,proc,293,False
2575,proc,293,False
2732,proc,293,False
2731,proc,293,False
2725,proc,293,False
2718,proc,293,False
2716,proc,293,False
2787,proc,283,False
2786,proc,283,False
2785,proc,283,False
2784,proc,283,False
2783,proc,283,False
