node_name,type,appearance,importance
malware,file,321,True
uname,file,2,False
Memory Address,mem,36853,True
8192*1024 bytes,other,301,False
/proc/self/exe,file,303,False
1518,proc,628,True
status:0,other,902,True
"""/usr""",file,61,False
"""/usr/bin""",file,61,False
"""/bin""",file,61,False
"""/tmp""",file,61,False
"""/var""",file,1,False
"""/var/run""",file,1,False
Timestamp,other,2965,False
Unknown,file,9668,True
/usr/bin/ttncxenqom,proc,168,True
1519,proc,4,True
Sleep Duration,other,2173,False
1521,proc,20679,False
Shared Memory:2,other,1,False
/etc/init.d/ttncxenqom,file,13,True
/etc/cron.hourly/gcc4.sh,file,3,True
/etc/rc1.d/S90ttncxenqom,file,2,True
/etc/rc2.d/S90ttncxenqom,file,2,True
/etc/rc3.d/S90ttncxenqom,file,2,True
/etc/rc4.d/S90ttncxenqom,file,2,True
/etc/rc5.d/S90ttncxenqom,file,2,True
/etc/rc.d/rc1.d/S90ttncxenqom,file,2,True
/etc/rc.d/rc2.d/S90ttncxenqom,file,2,True
/etc/rc.d/rc3.d/S90ttncxenqom,file,2,True
/etc/rc.d/rc4.d/S90ttncxenqom,file,2,True
/etc/rc.d/rc5.d/S90ttncxenqom,file,2,True
1522,proc,4,True
1524,proc,4,True
sh,proc,24,True
/proc/stat,file,2,True
1528,proc,900,True
1529,proc,331,True
1530,proc,2,True
/usr/bin/gwlukitwfo,file,1001,True
1531,proc,4,True
1533,proc,4,True
1535,proc,4,True
1537,proc,4,True
1541,proc,4,True
/bin/gwlukitwfo,file,1,False
/tmp/gwlukitwfo,file,1,False
/usr/bin/mbomppxesn,file,1003,True
1575,proc,4,True
1577,proc,4,True
1579,proc,4,True
1581,proc,4,True
1583,proc,4,True
/bin/mbomppxesn,file,1,False
/tmp/mbomppxesn,file,1,False
/usr/bin/xwvqtirxly,file,997,True
1590,proc,4,True
1592,proc,4,True
1594,proc,4,True
1596,proc,4,True
1598,proc,4,True
/bin/xwvqtirxly,file,1,False
/tmp/xwvqtirxly,file,1,False
/usr/bin/sccozwcvzh,file,995,True
1611,proc,4,True
1614,proc,4,True
1618,proc,4,True
1620,proc,4,True
1622,proc,4,True
/bin/sccozwcvzh,file,1,False
/tmp/sccozwcvzh,file,1,False
/usr/bin/ftekfkaosq,file,1003,True
1628,proc,4,True
1630,proc,4,True
1632,proc,4,True
1634,proc,4,True
1636,proc,4,True
/bin/ftekfkaosq,file,1,False
/tmp/ftekfkaosq,file,1,False
/usr/bin/ovxkmnpfpc,file,997,True
1643,proc,4,True
1645,proc,4,True
1647,proc,4,True
1649,proc,4,True
1652,proc,4,True
/bin/ovxkmnpfpc,file,1,False
/tmp/ovxkmnpfpc,file,1,False
/usr/bin/qipmkpulno,file,997,True
1662,proc,4,True
1664,proc,4,True
1666,proc,4,True
1668,proc,4,True
1671,proc,4,True
/bin/qipmkpulno,file,1,False
/tmp/qipmkpulno,file,1,False
/usr/bin/dolzokezsm,file,997,True
1677,proc,4,True
1679,proc,4,True
1682,proc,4,True
1684,proc,4,True
1686,proc,4,True
/bin/dolzokezsm,file,1,False
/tmp/dolzokezsm,file,1,False
/usr/bin/nqvjoiqarz,file,1001,True
1692,proc,4,True
1694,proc,4,True
1696,proc,4,True
1698,proc,4,True
1700,proc,4,True
/bin/nqvjoiqarz,file,1,False
/tmp/nqvjoiqarz,file,1,False
/usr/bin/zkzxmpsmyp,file,673,True
1708,proc,4,True
1716,proc,4,True
1720,proc,4,True
1723,proc,4,True
1725,proc,4,True
/bin/zkzxmpsmyp,file,1,False
/tmp/zkzxmpsmyp,file,1,False
/usr/bin/nbgcdvijxu,file,1003,True
1749,proc,4,True
1751,proc,4,True
1753,proc,4,True
1755,proc,4,True
1757,proc,4,True
/bin/nbgcdvijxu,file,1,False
/tmp/nbgcdvijxu,file,1,False
/usr/bin/zhsubzhice,file,1003,True
1812,proc,4,True
1814,proc,4,True
1816,proc,4,True
1818,proc,4,True
1820,proc,4,True
/bin/zhsubzhice,file,1,False
/tmp/zhsubzhice,file,1,False
/usr/bin/nrrmtqmtsm,file,1003,True
1852,proc,4,True
1854,proc,4,True
1856,proc,4,True
1858,proc,4,True
1860,proc,4,True
/bin/nrrmtqmtsm,file,1,False
/tmp/nrrmtqmtsm,file,1,False
/usr/bin/nurssakzgd,file,999,True
1867,proc,4,True
1869,proc,4,True
1871,proc,4,True
1873,proc,4,True
1876,proc,4,True
/bin/nurssakzgd,file,1,False
/tmp/nurssakzgd,file,1,False
/usr/bin/bspraokxse,file,995,True
1882,proc,4,True
1884,proc,4,True
1886,proc,4,True
1888,proc,4,True
1890,proc,4,True
/bin/bspraokxse,file,1,False
/tmp/bspraokxse,file,1,False
/usr/bin/uxlukrfgwq,file,997,True
1897,proc,4,True
1899,proc,4,True
1901,proc,4,True
1903,proc,4,True
1905,proc,4,True
/bin/uxlukrfgwq,file,1,False
/tmp/uxlukrfgwq,file,1,False
/usr/bin/exwpdsfrbp,file,997,True
1912,proc,4,True
1914,proc,4,True
1916,proc,4,True
1918,proc,4,True
1920,proc,4,True
/bin/exwpdsfrbp,file,1,False
/tmp/exwpdsfrbp,file,1,False
/usr/bin/sveozitygh,file,997,True
1927,proc,4,True
1929,proc,4,True
1931,proc,4,True
1934,proc,4,True
1936,proc,4,True
/bin/sveozitygh,file,1,False
/tmp/sveozitygh,file,1,False
/usr/bin/lozkgkrsxp,file,997,True
1942,proc,4,True
1944,proc,4,True
1946,proc,4,True
1948,proc,4,True
1951,proc,4,True
/bin/lozkgkrsxp,file,1,False
/tmp/lozkgkrsxp,file,1,False
/usr/bin/xsmkqjwpdo,file,1003,True
1957,proc,4,True
1959,proc,4,True
1961,proc,4,True
1963,proc,4,True
1965,proc,4,True
/bin/xsmkqjwpdo,file,1,False
/tmp/xsmkqjwpdo,file,1,False
/usr/bin/asxdyyejoo,file,838,True
1972,proc,4,True
1974,proc,4,True
1976,proc,4,True
1978,proc,4,True
1980,proc,4,True
/bin/asxdyyejoo,file,1,False
/tmp/asxdyyejoo,file,1,False
/usr/bin/grhfzqjlci,file,997,True
1986,proc,4,True
1988,proc,4,True
1990,proc,4,True
1993,proc,4,True
1995,proc,4,True
/bin/grhfzqjlci,file,1,False
/tmp/grhfzqjlci,file,1,False
/usr/bin/yfrburghwa,file,999,True
2001,proc,4,True
2003,proc,4,True
2005,proc,4,True
2007,proc,4,True
2010,proc,4,True
/bin/yfrburghwa,file,1,False
/tmp/yfrburghwa,file,1,False
/usr/bin/bazxrjkdck,file,997,True
2016,proc,4,True
2018,proc,4,True
2020,proc,4,True
2023,proc,4,True
2025,proc,4,True
/bin/bazxrjkdck,file,1,False
/tmp/bazxrjkdck,file,1,False
/usr/bin/zzufrtygad,file,1003,True
2031,proc,4,True
2033,proc,4,True
2035,proc,4,True
2037,proc,4,True
2039,proc,4,True
/bin/zzufrtygad,file,1,False
/tmp/zzufrtygad,file,1,False
/usr/bin/ydjrklkyza,file,995,True
2046,proc,4,True
2048,proc,4,True
2051,proc,4,True
2053,proc,4,True
2055,proc,4,True
/bin/ydjrklkyza,file,1,False
/tmp/ydjrklkyza,file,1,False
/usr/bin/qagvjfljgh,file,997,True
2061,proc,4,True
2063,proc,4,True
2065,proc,4,True
2067,proc,4,True
2069,proc,4,True
/bin/qagvjfljgh,file,1,False
/tmp/qagvjfljgh,file,1,False
/usr/bin/ijvgcqapzo,file,1003,True
2076,proc,4,True
2078,proc,4,True
2080,proc,4,True
2082,proc,4,True
2084,proc,4,True
/bin/ijvgcqapzo,file,1,False
/tmp/ijvgcqapzo,file,1,False
/usr/bin/dncosjzcnj,file,1003,True
2091,proc,4,True
2093,proc,4,True
2095,proc,4,True
2097,proc,4,True
2099,proc,4,True
/bin/dncosjzcnj,file,1,False
/tmp/dncosjzcnj,file,1,False
/usr/bin/lhzealnkvi,file,834,True
2106,proc,4,True
2108,proc,4,True
2110,proc,4,True
2112,proc,4,True
2114,proc,4,True
/bin/lhzealnkvi,file,1,False
/tmp/lhzealnkvi,file,1,False
/usr/bin/minmetskkc,file,995,True
2120,proc,4,True
2123,proc,4,True
2125,proc,4,True
2127,proc,4,True
2129,proc,4,True
/bin/minmetskkc,file,1,False
/tmp/minmetskkc,file,1,False
/usr/bin/mxajiverwc,file,995,True
2135,proc,4,True
2137,proc,4,True
2139,proc,4,True
2142,proc,4,True
2145,proc,4,True
/bin/mxajiverwc,file,1,False
/tmp/mxajiverwc,file,1,False
/usr/bin/dyvkvdqhzg,file,1003,True
2150,proc,4,True
2152,proc,4,True
2154,proc,4,True
2156,proc,4,True
2158,proc,4,True
/bin/dyvkvdqhzg,file,1,False
/tmp/dyvkvdqhzg,file,1,False
/usr/bin/mbtbzyhhca,file,999,True
2165,proc,4,True
2167,proc,4,True
2169,proc,4,True
2172,proc,4,True
2174,proc,4,True
/bin/mbtbzyhhca,file,1,False
/tmp/mbtbzyhhca,file,1,False
/usr/bin/krhaobccig,file,1003,True
2180,proc,4,True
2182,proc,4,True
2184,proc,4,True
2186,proc,4,True
2188,proc,4,True
/bin/krhaobccig,file,1,False
/tmp/krhaobccig,file,1,False
/usr/bin/lxpouzgsqf,file,1003,True
2195,proc,4,True
2197,proc,4,True
2199,proc,4,True
2201,proc,4,True
2203,proc,4,True
/bin/lxpouzgsqf,file,1,False
/tmp/lxpouzgsqf,file,1,False
/usr/bin/huykbdhxmy,file,1003,True
2210,proc,4,True
2212,proc,4,True
2214,proc,4,True
2216,proc,4,True
2218,proc,4,True
/bin/huykbdhxmy,file,1,False
/tmp/huykbdhxmy,file,1,False
/usr/bin/sxhnhpezhx,file,1003,True
2225,proc,4,True
2227,proc,4,True
2229,proc,4,True
2231,proc,4,True
2233,proc,4,True
/bin/sxhnhpezhx,file,1,False
/tmp/sxhnhpezhx,file,1,False
/usr/bin/dugsibqngj,file,1003,True
2240,proc,4,True
2242,proc,4,True
2244,proc,4,True
2246,proc,4,True
2248,proc,4,True
/bin/dugsibqngj,file,1,False
/tmp/dugsibqngj,file,1,False
/usr/bin/dwbsnudhtn,file,997,True
2255,proc,4,True
2257,proc,4,True
2259,proc,4,True
2261,proc,4,True
2264,proc,4,True
/bin/dwbsnudhtn,file,1,False
/tmp/dwbsnudhtn,file,1,False
/usr/bin/ymgedqjxym,file,997,True
2270,proc,4,True
2272,proc,4,True
2274,proc,4,True
2276,proc,4,True
2278,proc,4,True
/bin/ymgedqjxym,file,1,False
/tmp/ymgedqjxym,file,1,False
/usr/bin/cqrjhggrtx,file,1003,True
2285,proc,4,True
2287,proc,4,True
2289,proc,4,True
2291,proc,4,True
2293,proc,4,True
/bin/cqrjhggrtx,file,1,False
/tmp/cqrjhggrtx,file,1,False
/usr/bin/yklwhqzlty,file,1003,True
2300,proc,4,True
2302,proc,4,True
2304,proc,4,True
2306,proc,4,True
2308,proc,4,True
/bin/yklwhqzlty,file,1,False
/tmp/yklwhqzlty,file,1,False
/usr/bin/elgixrngoz,file,1001,True
2315,proc,4,True
2317,proc,4,True
2319,proc,4,True
2321,proc,4,True
2326,proc,4,True
/bin/elgixrngoz,file,1,False
/tmp/elgixrngoz,file,1,False
/usr/bin/fvpkbxdnyv,file,995,True
2330,proc,4,True
2332,proc,4,True
2335,proc,4,True
2338,proc,4,True
2340,proc,4,True
/bin/fvpkbxdnyv,file,1,False
/tmp/fvpkbxdnyv,file,1,False
/usr/bin/ltkqjbtcfc,file,1003,True
2354,proc,4,True
2356,proc,4,True
2358,proc,4,True
2360,proc,4,True
2362,proc,4,True
/bin/ltkqjbtcfc,file,1,False
/tmp/ltkqjbtcfc,file,1,False
/usr/bin/fwvsfmyrnq,file,1001,True
2369,proc,4,True
2371,proc,4,True
2373,proc,4,True
2375,proc,4,True
2377,proc,4,True
/bin/fwvsfmyrnq,file,1,False
/tmp/fwvsfmyrnq,file,1,False
/usr/bin/pjihmagxrx,file,1003,True
2384,proc,4,True
2386,proc,4,True
2388,proc,4,True
2390,proc,4,True
2392,proc,4,True
/bin/pjihmagxrx,file,1,False
/tmp/pjihmagxrx,file,1,False
/usr/bin/mcegyfcxnq,file,995,True
2399,proc,4,True
2401,proc,4,True
2404,proc,4,True
2406,proc,4,True
2408,proc,4,True
/bin/mcegyfcxnq,file,1,False
/tmp/mcegyfcxnq,file,1,False
/usr/bin/xxbwvwszsb,file,995,True
2414,proc,4,True
2416,proc,4,True
2418,proc,4,True
2420,proc,4,True
2422,proc,4,True
/bin/xxbwvwszsb,file,1,False
/tmp/xxbwvwszsb,file,1,False
/usr/bin/wldagwmmzl,file,995,True
2429,proc,4,True
2431,proc,4,True
2434,proc,4,True
2436,proc,4,True
2438,proc,4,True
/bin/wldagwmmzl,file,1,False
/tmp/wldagwmmzl,file,1,False
/usr/bin/tdmfieetfi,file,997,True
2444,proc,4,True
2446,proc,4,True
2448,proc,4,True
2450,proc,4,True
2452,proc,4,True
/bin/tdmfieetfi,file,1,False
/tmp/tdmfieetfi,file,1,False
/usr/bin/wgihdriubg,file,995,True
2468,proc,4,True
2471,proc,4,True
2473,proc,4,True
2475,proc,4,True
2477,proc,4,True
/bin/wgihdriubg,file,1,False
/tmp/wgihdriubg,file,1,False
/usr/bin/uyzhlugjqb,file,997,True
2483,proc,4,True
2485,proc,4,True
2487,proc,4,True
2489,proc,4,True
2491,proc,4,True
/bin/uyzhlugjqb,file,1,False
/tmp/uyzhlugjqb,file,1,False
/usr/bin/pvdurerpys,file,997,True
2498,proc,4,True
2500,proc,4,True
2502,proc,4,True
2504,proc,4,True
2506,proc,4,True
/bin/pvdurerpys,file,1,False
/tmp/pvdurerpys,file,1,False
/usr/bin/vaxbamiqhi,file,1003,True
2513,proc,4,True
2515,proc,4,True
2517,proc,4,True
2519,proc,4,True
2521,proc,4,True
/bin/vaxbamiqhi,file,1,False
/tmp/vaxbamiqhi,file,1,False
/usr/bin/uddesurhop,file,997,True
2528,proc,4,True
2530,proc,4,True
2532,proc,4,True
2534,proc,4,True
2536,proc,4,True
/bin/uddesurhop,file,1,False
/tmp/uddesurhop,file,1,False
/usr/bin/gqlhiswrxw,file,1003,True
2543,proc,4,True
2545,proc,4,True
2547,proc,4,True
2549,proc,4,True
2551,proc,4,True
/bin/gqlhiswrxw,file,1,False
/tmp/gqlhiswrxw,file,1,False
/usr/bin/ugkujyqrls,file,997,True
2558,proc,4,True
2560,proc,4,True
2562,proc,4,True
2564,proc,4,True
2567,proc,4,True
/bin/ugkujyqrls,file,1,False
/tmp/ugkujyqrls,file,1,False
/usr/bin/sszlmggxjd,file,998,True
2724,proc,4,True
2726,proc,4,True
2728,proc,4,True
2730,proc,4,True
2732,proc,4,True
/bin/sszlmggxjd,file,1,False
/tmp/sszlmggxjd,file,1,False
chkconfig,proc,2,True
update-rc.d,proc,88,True
ID,other,24,False
/usr/local/share/perl/5.26.0,file,1,False
/etc/perl/strict.pmc,file,1,False
/etc/perl/strict.pm,file,1,False
/usr/local/share/perl/5.26.1/strict.pmc,file,1,False
/usr/local/share/perl/5.26.1/strict.pm,file,1,False
/usr/share/perl5/strict.pmc,file,1,False
/usr/share/perl5/strict.pm,file,1,False
/usr/share/perl/5.26/strict.pmc,file,1,False
/usr/share/perl/5.26/strict.pm,file,1,False
/etc/perl/warnings.pmc,file,1,False
/etc/perl/warnings.pm,file,1,False
/usr/local/share/perl/5.26.1/warnings.pmc,file,1,False
/usr/local/share/perl/5.26.1/warnings.pm,file,1,False
/usr/share/perl5/warnings.pmc,file,1,False
/usr/share/perl5/warnings.pm,file,1,False
/usr/share/perl/5.26/warnings.pmc,file,1,False
/usr/share/perl/5.26/warnings.pm,file,1,False
/etc/perl/File/Glob.pmc,file,1,False
/etc/perl/File/Glob.pm,file,1,False
/usr/local/share/perl/5.26.1/File/Glob.pmc,file,1,False
/usr/local/share/perl/5.26.1/File/Glob.pm,file,1,False
/usr/share/perl5/File/Glob.pmc,file,1,False
/usr/share/perl5/File/Glob.pm,file,1,False
/etc/perl/XSLoader.pmc,file,1,False
/etc/perl/XSLoader.pm,file,1,False
/usr/local/share/perl/5.26.1/XSLoader.pmc,file,1,False
/usr/local/share/perl/5.26.1/XSLoader.pm,file,1,False
/usr/share/perl5/XSLoader.pmc,file,1,False
/usr/share/perl5/XSLoader.pm,file,1,False
/usr/share/perl/5.26/XSLoader.pmc,file,1,False
/usr/share/perl/5.26/XSLoader.pm,file,1,False
/sbin/insserv,file,1,False
/sbin/openrc,file,1,False
"""/etc/rc4.d/S90ttncxenqom""",file,1,False
"""/etc/rc3.d/S90ttncxenqom""",file,1,False
"""/etc/rc2.d/S90ttncxenqom""",file,1,False
"""/etc/rc1.d/S90ttncxenqom""",file,1,False
"""/etc/rc5.d/S90ttncxenqom""",file,1,False
/run/systemd/system,file,1,False
Pipe 3 : read end from Pipe 4,other,1,False
Pipe 4 : write end to Pipe 3,other,1,False
systemctl,proc,94,False
/prober,file,1,False
.,file,1,False
/bin/sed,file,1,False
sed,proc,49,False
NO_PID,proc,1,False
/sys/fs/selinux,file,2,False
/selinux,file,2,False
/etc/selinux/config,file,2,False
/etc/crontab,file,2,True
Permission:0700,other,1,True
Permission:022,other,1,True
/etc/sed2blm4z,file,20,True
"""/var/run/gcc4.pid""",file,300,False
/var/run/gcc4.pid,file,4,True
"""/usr/bin/ttncxenqom""",file,299,False
0.0.0.0:53,net,60,True
8.8.8.8:53,net,59,True
0.0.0.0:8080,net,20,True
0.0.0.0:60000,net,38,True
1546,proc,293,False
1539,proc,293,False
1540,proc,293,False
1544,proc,293,False
/proc/1521/exe,file,1760,False
1545,proc,293,False
/proc/vz,file,1,False
" ""/proc/1/root""",file,1,False
" ""/""",file,1,False
" ""/run/systemd/system/""",file,1,False
1589,proc,293,False
1588,proc,293,False
1587,proc,293,False
1585,proc,293,False
1586,proc,293,False
1604,proc,293,False
1600,proc,290,False
1603,proc,293,False
1602,proc,293,False
1601,proc,293,False
1613,proc,293,False
1617,proc,293,False
1627,proc,293,False
1624,proc,293,False
1625,proc,293,False
1642,proc,293,False
1640,proc,293,False
1639,proc,293,False
1638,proc,293,False
1641,proc,293,False
1657,proc,293,False
1651,proc,293,False
1656,proc,293,False
1655,proc,293,False
1654,proc,293,False
1676,proc,293,False
1670,proc,293,False
1675,proc,293,False
1673,proc,293,False
1674,proc,293,False
1688,proc,293,False
1681,proc,293,False
1689,proc,293,False
1690,proc,293,False
1691,proc,293,False
1706,proc,293,False
1705,proc,293,False
1704,proc,293,False
1702,proc,293,False
1703,proc,293,False
1729,proc,293,False
1727,proc,293,False
1728,proc,293,False
1763,proc,293,False
1762,proc,293,False
1761,proc,293,False
1759,proc,293,False
1760,proc,293,False
1826,proc,293,False
1824,proc,293,False
1823,proc,293,False
1822,proc,293,False
1825,proc,293,False
1866,proc,293,False
1865,proc,293,False
1864,proc,293,False
1862,proc,293,False
1863,proc,293,False
1881,proc,293,False
1875,proc,293,False
1878,proc,293,False
1880,proc,293,False
1879,proc,293,False
1893,proc,293,False
1894,proc,293,False
1892,proc,293,False
1896,proc,293,False
1895,proc,293,False
1906,proc,293,False
1909,proc,293,False
1911,proc,293,False
1910,proc,293,False
1908,proc,293,False
1922,proc,293,False
1926,proc,293,False
1925,proc,293,False
1924,proc,293,False
1923,proc,293,False
1941,proc,293,False
1933,proc,293,False
1940,proc,293,False
1938,proc,293,False
1939,proc,293,False
1950,proc,293,False
1955,proc,293,False
1956,proc,293,False
1954,proc,293,False
1953,proc,293,False
1971,proc,290,False
1970,proc,293,False
1969,proc,293,False
1967,proc,293,False
1968,proc,293,False
1985,proc,290,False
1984,proc,293,False
1983,proc,293,False
1982,proc,293,False
1992,proc,293,False
1997,proc,293,False
2000,proc,293,False
1998,proc,293,False
1999,proc,293,False
2015,proc,293,False
2009,proc,293,False
2012,proc,293,False
2014,proc,293,False
2013,proc,293,False
2030,proc,293,False
2022,proc,293,False
2029,proc,293,False
2027,proc,293,False
2028,proc,293,False
2045,proc,293,False
2044,proc,293,False
2043,proc,293,False
2041,proc,293,False
2042,proc,293,False
2050,proc,293,False
2060,proc,293,False
2057,proc,293,False
2059,proc,293,False
2058,proc,293,False
2070,proc,293,False
2075,proc,293,False
2074,proc,293,False
2073,proc,293,False
2072,proc,293,False
2090,proc,293,False
2089,proc,293,False
2088,proc,293,False
2087,proc,293,False
2086,proc,293,False
2105,proc,293,False
2104,proc,293,False
2103,proc,293,False
2102,proc,293,False
2101,proc,293,False
2116,proc,293,False
2117,proc,293,False
2119,proc,293,False
2118,proc,293,False
2122,proc,293,False
2134,proc,293,False
2131,proc,293,False
2133,proc,293,False
2132,proc,293,False
2141,proc,293,False
2144,proc,293,False
2149,proc,293,False
2148,proc,293,False
2147,proc,293,False
2164,proc,293,False
2163,proc,293,False
2162,proc,293,False
2161,proc,293,False
2160,proc,293,False
2179,proc,293,False
2171,proc,293,False
2178,proc,293,False
2177,proc,293,False
2176,proc,293,False
2194,proc,293,False
2192,proc,293,False
2193,proc,293,False
2190,proc,293,False
2191,proc,293,False
2209,proc,293,False
2208,proc,293,False
2207,proc,293,False
2206,proc,293,False
2205,proc,293,False
2224,proc,293,False
2223,proc,293,False
2222,proc,293,False
2220,proc,293,False
2221,proc,293,False
2239,proc,293,False
2238,proc,293,False
2236,proc,293,False
2235,proc,293,False
2237,proc,293,False
2254,proc,293,False
2253,proc,293,False
2250,proc,293,False
2252,proc,293,False
2251,proc,293,False
2263,proc,293,False
2269,proc,293,False
2268,proc,293,False
2267,proc,293,False
2266,proc,293,False
2284,proc,293,False
2280,proc,293,False
2283,proc,293,False
2282,proc,293,False
2281,proc,293,False
2299,proc,290,False
2297,proc,293,False
2298,proc,293,False
2295,proc,293,False
2296,proc,293,False
2314,proc,293,False
2313,proc,290,False
2312,proc,293,False
2310,proc,293,False
2311,proc,293,False
2329,proc,293,False
2325,proc,290,False
2324,proc,293,False
2323,proc,293,False
2328,proc,293,False
2337,proc,293,False
2334,proc,293,False
2344,proc,293,False
2342,proc,293,False
2343,proc,293,False
2368,proc,293,False
2367,proc,293,False
2366,proc,293,False
2365,proc,293,False
2364,proc,293,False
2383,proc,293,False
2382,proc,293,False
2381,proc,293,False
2379,proc,293,False
2380,proc,293,False
2398,proc,293,False
2397,proc,293,False
2395,proc,293,False
2396,proc,293,False
2394,proc,293,False
2403,proc,293,False
2413,proc,293,False
2411,proc,293,False
2412,proc,293,False
2410,proc,293,False
2424,proc,293,False
2428,proc,293,False
2427,proc,293,False
2426,proc,293,False
2425,proc,293,False
2433,proc,293,False
2443,proc,293,False
2442,proc,293,False
2441,proc,293,False
2440,proc,293,False
2454,proc,293,False
2458,proc,293,False
2455,proc,293,False
2457,proc,293,False
2456,proc,293,False
2470,proc,293,False
2482,proc,293,False
2481,proc,293,False
2480,proc,293,False
2479,proc,293,False
2497,proc,293,False
2493,proc,293,False
2494,proc,293,False
2496,proc,293,False
2495,proc,293,False
2511,proc,293,False
2507,proc,293,False
2512,proc,293,False
2510,proc,293,False
2509,proc,293,False
2527,proc,293,False
2526,proc,293,False
2525,proc,293,False
2524,proc,293,False
2523,proc,293,False
2542,proc,293,False
2538,proc,293,False
2541,proc,293,False
2540,proc,293,False
2539,proc,293,False
2557,proc,293,False
2556,proc,293,False
2555,proc,293,False
2554,proc,293,False
2553,proc,293,False
2572,proc,293,False
2566,proc,293,False
2571,proc,293,False
2570,proc,293,False
2569,proc,293,False
2738,proc,283,False
2737,proc,283,False
2736,proc,283,False
2735,proc,283,False
2734,proc,283,False
