node_name,type,appearance,importance
malware,file,353,True
uname,file,2,False
Memory Address,mem,40469,True
8192*1024 bytes,other,293,False
/proc/self/exe,file,295,False
1526,proc,689,True
status:0,other,894,True
"""/boot""",file,61,False
"""/var""",file,1,False
"""/var/run""",file,1,False
Timestamp,other,2872,False
Unknown,file,10677,True
/boot/glwwlcevzg,proc,184,True
1527,proc,4,True
Sleep Duration,other,2110,False
1529,proc,22291,False
Shared Memory:2,other,1,False
/etc/init.d/glwwlcevzg,file,13,True
/etc/cron.hourly/cron.sh,file,3,True
/proc/rs_dev,file,581,True
/etc/rc1.d/S90glwwlcevzg,file,2,True
/etc/rc2.d/S90glwwlcevzg,file,2,True
/etc/rc3.d/S90glwwlcevzg,file,2,True
/etc/rc4.d/S90glwwlcevzg,file,2,True
/etc/rc5.d/S90glwwlcevzg,file,2,True
/etc/rc.d/rc1.d/S90glwwlcevzg,file,2,True
/etc/rc.d/rc2.d/S90glwwlcevzg,file,2,True
/etc/rc.d/rc3.d/S90glwwlcevzg,file,2,True
/etc/rc.d/rc4.d/S90glwwlcevzg,file,2,True
/etc/rc.d/rc5.d/S90glwwlcevzg,file,2,True
1530,proc,4,True
1532,proc,4,True
sh,proc,24,True
/proc/stat,file,2,True
1536,proc,897,True
1537,proc,362,True
1538,proc,13,True
/boot/rjxjswqdih,file,1097,True
1540,proc,4,True
1542,proc,4,True
1544,proc,4,True
1546,proc,4,True
1551,proc,4,True
/boot/anzzkrxtdb,file,1093,True
1581,proc,4,True
1583,proc,4,True
1585,proc,4,True
1587,proc,4,True
1590,proc,4,True
/boot/mhdlvccxud,file,1099,True
1596,proc,4,True
1598,proc,4,True
1600,proc,4,True
1602,proc,4,True
1604,proc,4,True
/boot/ngeeubiawh,file,1093,True
1615,proc,4,True
1617,proc,4,True
1619,proc,4,True
1622,proc,4,True
1624,proc,4,True
/boot/khfzoaqmeq,file,1093,True
1630,proc,4,True
1632,proc,4,True
1634,proc,4,True
1637,proc,4,True
1639,proc,4,True
/boot/shsrkaqotd,file,1093,True
1645,proc,4,True
1647,proc,4,True
1649,proc,4,True
1651,proc,4,True
1653,proc,4,True
/boot/clwwlucgcu,file,1099,True
1667,proc,4,True
1669,proc,4,True
1671,proc,4,True
1673,proc,4,True
1675,proc,4,True
/boot/hcgpxutbvl,file,1099,True
1682,proc,4,True
1684,proc,4,True
1686,proc,4,True
1688,proc,4,True
1690,proc,4,True
/boot/quldfjrbvr,file,1093,True
1697,proc,4,True
1699,proc,4,True
1701,proc,4,True
1703,proc,4,True
1705,proc,4,True
/boot/dmgswaaogb,file,1091,True
1713,proc,4,True
1715,proc,4,True
1717,proc,4,True
1719,proc,4,True
1721,proc,4,True
/boot/thnkikvwoa,file,1099,True
1747,proc,4,True
1749,proc,4,True
1751,proc,4,True
1753,proc,4,True
1755,proc,4,True
/boot/urhcrucaps,file,1099,True
1810,proc,4,True
1812,proc,4,True
1814,proc,4,True
1816,proc,4,True
1818,proc,4,True
/boot/xpesmqrgjl,file,556,True
1850,proc,4,True
1852,proc,4,True
1854,proc,4,True
1856,proc,4,True
1858,proc,4,True
/boot/fjageacmzv,file,1099,True
1862,proc,4,True
1864,proc,4,True
1866,proc,4,True
1868,proc,4,True
1870,proc,4,True
/boot/xqhhrulqkd,file,1099,True
1877,proc,4,True
1879,proc,4,True
1881,proc,4,True
1883,proc,4,True
1885,proc,4,True
/boot/tzupyyvzbi,file,1099,True
1938,proc,4,True
1940,proc,4,True
1942,proc,4,True
1944,proc,4,True
1946,proc,4,True
/boot/gfwueldjhr,file,1093,True
1953,proc,4,True
1955,proc,4,True
1957,proc,4,True
1959,proc,4,True
1962,proc,4,True
/boot/nfbotptylp,file,918,True
1968,proc,4,True
1970,proc,4,True
1972,proc,4,True
1974,proc,4,True
1976,proc,4,True
/boot/vehgwmhaxb,file,1093,True
1982,proc,4,True
1984,proc,4,True
1986,proc,4,True
1988,proc,4,True
1990,proc,4,True
/boot/hxmnftetny,file,1099,True
1997,proc,4,True
1999,proc,4,True
2001,proc,4,True
2003,proc,4,True
2005,proc,4,True
/boot/jaknexrnua,file,737,True
2012,proc,4,True
2014,proc,4,True
2016,proc,4,True
2018,proc,4,True
2020,proc,4,True
/boot/eadmgdqqll,file,1093,True
2025,proc,4,True
2027,proc,4,True
2029,proc,4,True
2031,proc,4,True
2033,proc,4,True
/boot/lygqkidnym,file,1093,True
2040,proc,4,True
2042,proc,4,True
2045,proc,4,True
2047,proc,4,True
2049,proc,4,True
/boot/gmrlwfutfh,file,1093,True
2055,proc,4,True
2057,proc,4,True
2059,proc,4,True
2062,proc,4,True
2064,proc,4,True
/boot/bhwbhqbqcj,file,1093,True
2070,proc,4,True
2072,proc,4,True
2074,proc,4,True
2077,proc,4,True
2079,proc,4,True
/boot/onnlgjmmvf,file,1093,True
2085,proc,4,True
2087,proc,4,True
2089,proc,4,True
2092,proc,4,True
2094,proc,4,True
/boot/inqmdgbqpj,file,914,True
2100,proc,4,True
2102,proc,4,True
2104,proc,4,True
2106,proc,4,True
2108,proc,4,True
/boot/llcyhjqifi,file,1093,True
2114,proc,4,True
2116,proc,4,True
2118,proc,4,True
2120,proc,4,True
2122,proc,4,True
/boot/zesexvptsn,file,1091,True
2129,proc,4,True
2132,proc,4,True
2134,proc,4,True
2137,proc,4,True
2139,proc,4,True
/boot/wpmqqqhutv,file,1099,True
2144,proc,4,True
2146,proc,4,True
2148,proc,4,True
2150,proc,4,True
2152,proc,4,True
/boot/zjphtmyhym,file,914,True
2159,proc,4,True
2161,proc,4,True
2163,proc,4,True
2165,proc,4,True
2167,proc,4,True
/boot/beqminucub,file,1095,True
2173,proc,4,True
2175,proc,4,True
2177,proc,4,True
2180,proc,4,True
2183,proc,4,True
/boot/dfrzfbszjr,file,918,True
2188,proc,4,True
2190,proc,4,True
2192,proc,4,True
2194,proc,4,True
2196,proc,4,True
/boot/meacedomlu,file,735,True
2202,proc,4,True
2204,proc,4,True
2206,proc,4,True
2208,proc,4,True
2210,proc,4,True
/boot/eoadrowgro,file,1099,True
2215,proc,4,True
2217,proc,4,True
2219,proc,4,True
2221,proc,4,True
2223,proc,4,True
/boot/dmfjoovnsp,file,1099,True
2230,proc,4,True
2232,proc,4,True
2234,proc,4,True
2236,proc,4,True
2238,proc,4,True
/boot/isvlapcaov,file,1093,True
2245,proc,4,True
2247,proc,4,True
2249,proc,4,True
2251,proc,4,True
2253,proc,4,True
/boot/vvokhmxyct,file,1099,True
2260,proc,4,True
2262,proc,4,True
2264,proc,4,True
2266,proc,4,True
2268,proc,4,True
/boot/idmeqsmuvu,file,1093,True
2275,proc,4,True
2277,proc,4,True
2279,proc,4,True
2281,proc,4,True
2283,proc,4,True
/boot/tbtfndegvj,file,1091,True
2290,proc,4,True
2292,proc,4,True
2294,proc,4,True
2298,proc,4,True
2300,proc,4,True
/boot/htubwhzuam,file,1093,True
2305,proc,4,True
2307,proc,4,True
2309,proc,4,True
2312,proc,4,True
2314,proc,4,True
/boot/bxcaontbyd,file,1097,True
2320,proc,4,True
2322,proc,4,True
2324,proc,4,True
2326,proc,4,True
2331,proc,4,True
/boot/imihpbnzqx,file,1093,True
2335,proc,4,True
2337,proc,4,True
2339,proc,4,True
2341,proc,4,True
2344,proc,4,True
/boot/xigwgsmnlj,file,1093,True
2350,proc,4,True
2352,proc,4,True
2354,proc,4,True
2356,proc,4,True
2360,proc,4,True
/boot/aimxscnxph,file,1099,True
2365,proc,4,True
2367,proc,4,True
2369,proc,4,True
2371,proc,4,True
2373,proc,4,True
/boot/rvldlazbti,file,1093,True
2380,proc,4,True
2382,proc,4,True
2384,proc,4,True
2386,proc,4,True
2389,proc,4,True
/boot/liujwsfxvl,file,1095,True
2395,proc,4,True
2397,proc,4,True
2399,proc,4,True
2401,proc,4,True
2403,proc,4,True
/boot/cewvunlnrt,file,1099,True
2410,proc,4,True
2412,proc,4,True
2414,proc,4,True
2416,proc,4,True
2418,proc,4,True
/boot/wgfxuvpbmn,file,1091,True
2425,proc,4,True
2427,proc,4,True
2430,proc,4,True
2432,proc,4,True
2435,proc,4,True
/boot/jxwjfshhbn,file,1093,True
2440,proc,4,True
2442,proc,4,True
2444,proc,4,True
2446,proc,4,True
2448,proc,4,True
/boot/lpnbavgxsd,file,1093,True
2455,proc,4,True
2457,proc,4,True
2459,proc,4,True
2462,proc,4,True
2465,proc,4,True
/boot/gpdyrppoaa,file,1093,True
2487,proc,4,True
2489,proc,4,True
2491,proc,4,True
2493,proc,4,True
2496,proc,4,True
/boot/yxiwevsvmw,file,1093,True
2502,proc,4,True
2504,proc,4,True
2507,proc,4,True
2511,proc,4,True
2513,proc,4,True
/boot/cevpdbojwi,file,914,True
2517,proc,4,True
2519,proc,4,True
2521,proc,4,True
2523,proc,4,True
2526,proc,4,True
/boot/slzdmhnkjt,file,1091,True
2531,proc,4,True
2533,proc,4,True
2536,proc,4,True
2539,proc,4,True
2541,proc,4,True
/boot/uejahngahe,file,1093,True
2563,proc,4,True
2565,proc,4,True
2567,proc,4,True
2569,proc,4,True
2571,proc,4,True
/boot/woudbeqeca,file,1091,True
2587,proc,4,True
2589,proc,4,True
2592,proc,4,True
2594,proc,4,True
2596,proc,4,True
/boot/swdbotoqgx,file,1093,True
2602,proc,4,True
2604,proc,4,True
2606,proc,4,True
2609,proc,4,True
2612,proc,4,True
/boot/pggnvrrfzu,file,1099,True
2767,proc,4,True
2769,proc,4,True
2771,proc,4,True
2773,proc,4,True
2775,proc,4,True
/boot/dgnuwuzkav,file,1094,True
2815,proc,4,True
2817,proc,4,True
2819,proc,4,True
2821,proc,4,True
2823,proc,4,True
chkconfig,proc,2,True
update-rc.d,proc,88,True
ID,other,24,False
/usr/local/share/perl/5.26.0,file,1,False
/etc/perl/strict.pmc,file,1,False
/etc/perl/strict.pm,file,1,False
/usr/local/share/perl/5.26.1/strict.pmc,file,1,False
/usr/local/share/perl/5.26.1/strict.pm,file,1,False
/usr/share/perl5/strict.pmc,file,1,False
/usr/share/perl5/strict.pm,file,1,False
/usr/share/perl/5.26/strict.pmc,file,1,False
/usr/share/perl/5.26/strict.pm,file,1,False
/etc/perl/warnings.pmc,file,1,False
/etc/perl/warnings.pm,file,1,False
/usr/local/share/perl/5.26.1/warnings.pmc,file,1,False
/usr/local/share/perl/5.26.1/warnings.pm,file,1,False
/usr/share/perl5/warnings.pmc,file,1,False
/usr/share/perl5/warnings.pm,file,1,False
/usr/share/perl/5.26/warnings.pmc,file,1,False
/usr/share/perl/5.26/warnings.pm,file,1,False
/etc/perl/File/Glob.pmc,file,1,False
/etc/perl/File/Glob.pm,file,1,False
/usr/local/share/perl/5.26.1/File/Glob.pmc,file,1,False
/usr/local/share/perl/5.26.1/File/Glob.pm,file,1,False
/usr/share/perl5/File/Glob.pmc,file,1,False
/usr/share/perl5/File/Glob.pm,file,1,False
/etc/perl/XSLoader.pmc,file,1,False
/etc/perl/XSLoader.pm,file,1,False
/usr/local/share/perl/5.26.1/XSLoader.pmc,file,1,False
/usr/local/share/perl/5.26.1/XSLoader.pm,file,1,False
/usr/share/perl5/XSLoader.pmc,file,1,False
/usr/share/perl5/XSLoader.pm,file,1,False
/usr/share/perl/5.26/XSLoader.pmc,file,1,False
/usr/share/perl/5.26/XSLoader.pm,file,1,False
/sbin/insserv,file,1,False
/sbin/openrc,file,1,False
"""/etc/rc4.d/S90glwwlcevzg""",file,1,False
"""/etc/rc3.d/S90glwwlcevzg""",file,1,False
"""/etc/rc2.d/S90glwwlcevzg""",file,1,False
"""/etc/rc1.d/S90glwwlcevzg""",file,1,False
"""/etc/rc5.d/S90glwwlcevzg""",file,1,False
/run/systemd/system,file,1,False
Pipe 3 : read end from Pipe 4,other,1,False
Pipe 4 : write end to Pipe 3,other,1,False
systemctl,proc,94,False
/prober,file,1,False
.,file,1,False
/bin/sed,file,1,False
sed,proc,49,False
NO_PID,proc,1,False
/sys/fs/selinux,file,2,False
/selinux,file,2,False
/etc/selinux/config,file,2,False
/etc/crontab,file,2,True
Permission:0700,other,1,True
Permission:022,other,1,True
/etc/sedoPxAVD,file,20,True
"""/var/run/sftp.pid""",file,299,False
/var/run/sftp.pid,file,4,True
"""/boot/glwwlcevzg""",file,298,False
103.25.9.228:53,net,51,True
8.8.8.8:53,net,50,True
0.0.0.0:8005,net,48,True
66.102.253.30:8005,net,12,True
103.240.141.50:8005,net,12,True
103.25.9.245:8005,net,12,True
0.0.0.0:80,net,2,True
/proc/vz,file,1,False
" ""/proc/1/root""",file,1,False
" ""/""",file,1,False
" ""/run/systemd/system/""",file,1,False
1550,proc,327,False
1549,proc,327,False
1548,proc,327,False
1571,proc,327,False
/proc/1529/exe,file,1698,False
1572,proc,327,False
1595,proc,327,False
1589,proc,327,False
1594,proc,327,False
1593,proc,327,False
1592,proc,327,False
1610,proc,327,False
1609,proc,327,False
1608,proc,324,False
1607,proc,324,False
1606,proc,324,False
1629,proc,327,False
1621,proc,327,False
1628,proc,327,False
1627,proc,327,False
1626,proc,327,False
1644,proc,327,False
1636,proc,327,False
1643,proc,327,False
1642,proc,327,False
1641,proc,327,False
1654,proc,327,False
1658,proc,327,False
1659,proc,327,False
1657,proc,327,False
1656,proc,327,False
1681,proc,327,False
1680,proc,327,False
1679,proc,327,False
1677,proc,327,False
1678,proc,327,False
1696,proc,327,False
1695,proc,327,False
1692,proc,327,False
1693,proc,327,False
1694,proc,327,False
1706,proc,327,False
1708,proc,327,False
1711,proc,327,False
1709,proc,327,False
1710,proc,327,False
1723,proc,327,False
1727,proc,327,False
1726,proc,327,False
1725,proc,327,False
1724,proc,327,False
1761,proc,327,False
1760,proc,327,False
1759,proc,327,False
1757,proc,327,False
1758,proc,327,False
1829,proc,327,False
1825,proc,327,False
1822,proc,327,False
1821,proc,327,False
1820,proc,327,False
1861,proc,327,False
1860,proc,327,False
1876,proc,327,False
1875,proc,327,False
1874,proc,327,False
1873,proc,327,False
1872,proc,327,False
1891,proc,327,False
1890,proc,327,False
1889,proc,327,False
1888,proc,327,False
1887,proc,327,False
1952,proc,327,False
1951,proc,327,False
1950,proc,327,False
1949,proc,327,False
1948,proc,327,False
1964,proc,327,False
1967,proc,327,False
1961,proc,327,False
1966,proc,327,False
1965,proc,327,False
1981,proc,327,False
1980,proc,327,False
1979,proc,327,False
1978,proc,327,False
1995,proc,327,False
1992,proc,327,False
1993,proc,327,False
1996,proc,327,False
1994,proc,327,False
2011,proc,327,False
2010,proc,327,False
2009,proc,327,False
2008,proc,327,False
2007,proc,327,False
2023,proc,327,False
2024,proc,324,False
2022,proc,327,False
2034,proc,327,False
2036,proc,327,False
2039,proc,327,False
2038,proc,327,False
2037,proc,327,False
2044,proc,327,False
2052,proc,327,False
2051,proc,327,False
2054,proc,324,False
2053,proc,324,False
2069,proc,327,False
2065,proc,324,False
2061,proc,324,False
2068,proc,327,False
2067,proc,327,False
2076,proc,327,False
2081,proc,327,False
2084,proc,327,False
2083,proc,327,False
2082,proc,327,False
2091,proc,327,False
2096,proc,327,False
2099,proc,327,False
2097,proc,327,False
2098,proc,327,False
2110,proc,327,False
2112,proc,327,False
2113,proc,327,False
2111,proc,327,False
2124,proc,327,False
2125,proc,327,False
2128,proc,327,False
2127,proc,327,False
2126,proc,327,False
2131,proc,327,False
2136,proc,327,False
2142,proc,327,False
2143,proc,327,False
2141,proc,327,False
2158,proc,327,False
2157,proc,327,False
2156,proc,327,False
2154,proc,327,False
2155,proc,327,False
2169,proc,327,False
2170,proc,327,False
2172,proc,327,False
2171,proc,327,False
2187,proc,327,False
2179,proc,327,False
2182,proc,327,False
2186,proc,327,False
2185,proc,327,False
2201,proc,327,False
2200,proc,327,False
2198,proc,327,False
2199,proc,327,False
2212,proc,327,False
2214,proc,327,False
2213,proc,327,False
2229,proc,327,False
2228,proc,327,False
2227,proc,327,False
2226,proc,327,False
2225,proc,327,False
2244,proc,327,False
2243,proc,327,False
2242,proc,327,False
2241,proc,327,False
2240,proc,327,False
2255,proc,327,False
2259,proc,327,False
2258,proc,327,False
2257,proc,327,False
2256,proc,327,False
2274,proc,327,False
2272,proc,327,False
2273,proc,327,False
2271,proc,327,False
2270,proc,327,False
2285,proc,327,False
2288,proc,327,False
2289,proc,327,False
2287,proc,327,False
2286,proc,327,False
2297,proc,327,False
2296,proc,327,False
2304,proc,327,False
2302,proc,327,False
2303,proc,327,False
2318,proc,324,False
2311,proc,324,False
2319,proc,324,False
2317,proc,324,False
2316,proc,324,False
2334,proc,327,False
2330,proc,327,False
2329,proc,327,False
2328,proc,327,False
2333,proc,327,False
2343,proc,327,False
2346,proc,327,False
2349,proc,327,False
2348,proc,327,False
2347,proc,327,False
2364,proc,327,False
2358,proc,327,False
2362,proc,327,False
2359,proc,327,False
2363,proc,327,False
2379,proc,327,False
2378,proc,327,False
2376,proc,327,False
2375,proc,327,False
2377,proc,327,False
2394,proc,327,False
2388,proc,327,False
2393,proc,327,False
2392,proc,327,False
2391,proc,327,False
2409,proc,327,False
2404,proc,327,False
2408,proc,327,False
2407,proc,327,False
2406,proc,327,False
2424,proc,327,False
2423,proc,327,False
2422,proc,327,False
2421,proc,327,False
2420,proc,327,False
2429,proc,327,False
2433,proc,327,False
2438,proc,327,False
2439,proc,327,False
2437,proc,327,False
2450,proc,327,False
2452,proc,327,False
2454,proc,327,False
2453,proc,327,False
2451,proc,327,False
2461,proc,327,False
2469,proc,327,False
2468,proc,327,False
2464,proc,327,False
2467,proc,327,False
2497,proc,327,False
2499,proc,327,False
2495,proc,327,False
2501,proc,327,False
2500,proc,327,False
2506,proc,327,False
2510,proc,327,False
2509,proc,327,False
2516,proc,327,False
2515,proc,327,False
2525,proc,327,False
2530,proc,327,False
2529,proc,327,False
2528,proc,327,False
2535,proc,327,False
2543,proc,327,False
2538,proc,327,False
2545,proc,327,False
2544,proc,327,False
2573,proc,327,False
2574,proc,327,False
2577,proc,327,False
2576,proc,327,False
2575,proc,327,False
2597,proc,327,False
2591,proc,327,False
2601,proc,327,False
2600,proc,327,False
2599,proc,327,False
2608,proc,324,False
2614,proc,327,False
2616,proc,327,False
2611,proc,324,False
2615,proc,327,False
2781,proc,327,False
2780,proc,327,False
2777,proc,327,False
2779,proc,327,False
2778,proc,327,False
2829,proc,313,False
2828,proc,313,False
2826,proc,313,False
2825,proc,313,False
2827,proc,313,False
