node_name,type,appearance,importance
malware,proc,2,False
sh,proc,29,False
Memory Address,mem,18,True
ID,other,7,False
/prober,file,1,False
.,file,1,False
/usr/local/sbin/pidof,file,1,False
/usr/local/bin/pidof,file,1,False
/usr/sbin/pidof,file,1,False
/usr/bin/pidof,file,1,False
/sbin/pidof,file,1,False
/bin/pidof,file,1,False
pidof,proc,212,False
NO_PID,proc,1,False
status:0,other,2,True
"""/proc""",file,1,False
/proc/1/exe,file,1,False
/proc/2/exe,file,1,False
/proc/3/exe,file,1,False
/proc/4/exe,file,1,False
/proc/5/exe,file,1,False
/proc/6/exe,file,1,False
/proc/7/exe,file,1,False
/proc/8/exe,file,1,False
/proc/9/exe,file,1,False
/proc/10/exe,file,1,False
/proc/11/exe,file,1,False
/proc/12/exe,file,1,False
/proc/13/exe,file,1,False
/proc/14/exe,file,1,False
/proc/15/exe,file,1,False
/proc/16/exe,file,1,False
/proc/17/exe,file,1,False
/proc/18/exe,file,1,False
/proc/19/exe,file,1,False
/proc/20/exe,file,1,False
/proc/21/exe,file,1,False
/proc/22/exe,file,1,False
/proc/23/exe,file,1,False
/proc/24/exe,file,1,False
/proc/25/exe,file,1,False
/proc/26/exe,file,1,False
/proc/27/exe,file,1,False
/proc/28/exe,file,1,False
/proc/29/exe,file,1,False
/proc/30/exe,file,1,False
/proc/31/exe,file,1,False
/proc/32/exe,file,1,False
/proc/33/exe,file,1,False
/proc/34/exe,file,1,False
/proc/35/exe,file,1,False
/proc/36/exe,file,1,False
/proc/37/exe,file,1,False
/proc/38/exe,file,1,False
/proc/39/exe,file,1,False
/proc/40/exe,file,1,False
/proc/41/exe,file,1,False
/proc/42/exe,file,1,False
/proc/43/exe,file,1,False
/proc/45/exe,file,1,False
/proc/53/exe,file,1,False
/proc/136/exe,file,1,False
/proc/137/exe,file,1,False
/proc/138/exe,file,1,False
/proc/139/exe,file,1,False
/proc/140/exe,file,1,False
/proc/141/exe,file,1,False
/proc/142/exe,file,1,False
/proc/143/exe,file,1,False
/proc/144/exe,file,1,False
/proc/147/exe,file,1,False
/proc/148/exe,file,1,False
/proc/149/exe,file,1,False
/proc/152/exe,file,1,False
/proc/153/exe,file,1,False
/proc/154/exe,file,1,False
/proc/155/exe,file,1,False
/proc/156/exe,file,1,False
/proc/157/exe,file,1,False
/proc/158/exe,file,1,False
/proc/159/exe,file,1,False
/proc/160/exe,file,1,False
/proc/162/exe,file,1,False
/proc/172/exe,file,1,False
/proc/176/exe,file,1,False
/proc/192/exe,file,1,False
/proc/193/exe,file,1,False
/proc/249/exe,file,1,False
/proc/250/exe,file,1,False
/proc/251/exe,file,1,False
/proc/253/exe,file,1,False
/proc/254/exe,file,1,False
/proc/256/exe,file,1,False
/proc/293/exe,file,1,False
/proc/294/exe,file,1,False
/proc/295/exe,file,1,False
/proc/333/exe,file,1,False
/proc/354/exe,file,1,False
/proc/359/exe,file,1,False
/proc/381/exe,file,1,False
/proc/400/exe,file,1,False
/proc/409/exe,file,1,False
/proc/410/exe,file,1,False
/proc/446/exe,file,1,False
/proc/450/exe,file,1,False
/proc/459/exe,file,1,False
/proc/486/exe,file,1,False
/proc/498/exe,file,1,False
/proc/515/exe,file,1,False
/proc/538/exe,file,1,False
/proc/543/exe,file,1,False
/proc/550/exe,file,1,False
/proc/552/exe,file,1,False
/proc/562/exe,file,1,False
/proc/564/exe,file,1,False
/proc/640/exe,file,1,False
/proc/652/exe,file,1,False
/proc/679/exe,file,1,False
/proc/681/exe,file,1,False
/proc/714/exe,file,1,False
/proc/716/exe,file,1,False
/proc/717/exe,file,1,False
/proc/722/exe,file,1,False
/proc/724/exe,file,1,False
/proc/726/exe,file,1,False
/proc/727/exe,file,1,False
/proc/731/exe,file,1,False
/proc/733/exe,file,1,False
/proc/734/exe,file,1,False
/proc/736/exe,file,1,False
/proc/737/exe,file,1,False
/proc/738/exe,file,1,False
/proc/749/exe,file,1,False
/proc/798/exe,file,1,False
/proc/799/exe,file,1,False
/proc/800/exe,file,1,False
/proc/801/exe,file,1,False
/proc/802/exe,file,1,False
/proc/803/exe,file,1,False
/proc/808/exe,file,1,False
/proc/819/exe,file,1,False
/proc/820/exe,file,1,False
/proc/844/exe,file,1,False
/proc/857/exe,file,1,False
/proc/859/exe,file,1,False
/proc/861/exe,file,1,False
/proc/864/exe,file,1,False
/proc/883/exe,file,1,False
/proc/903/exe,file,1,False
/proc/905/exe,file,1,False
/proc/912/exe,file,1,False
/proc/921/exe,file,1,False
/proc/937/exe,file,1,False
/proc/958/exe,file,1,False
/proc/974/exe,file,1,False
/proc/983/exe,file,1,False
/proc/1002/exe,file,1,False
/proc/1006/exe,file,1,False
/proc/1027/exe,file,1,False
/proc/1029/exe,file,1,False
/proc/1064/exe,file,1,False
/proc/1068/exe,file,1,False
/proc/1080/exe,file,1,False
/proc/1088/exe,file,1,False
/proc/1094/exe,file,1,False
/proc/1150/exe,file,1,False
/proc/1210/exe,file,1,False
/proc/1211/exe,file,1,False
/proc/1244/exe,file,1,False
/proc/1271/exe,file,1,False
/proc/1280/exe,file,1,False
/proc/1281/exe,file,1,False
/proc/1282/exe,file,1,False
/proc/1283/exe,file,1,False
/proc/1291/exe,file,1,False
/proc/1298/exe,file,1,False
/proc/1303/exe,file,1,False
/proc/1305/exe,file,1,False
/proc/1309/exe,file,1,False
/proc/1310/exe,file,1,False
/proc/1323/exe,file,1,False
/proc/1324/exe,file,1,False
/proc/1329/exe,file,1,False
/proc/1332/exe,file,1,False
/proc/1334/exe,file,1,False
/proc/1349/exe,file,1,False
/proc/1350/exe,file,1,False
/proc/1354/exe,file,1,False
/proc/1358/exe,file,1,False
/proc/1359/exe,file,1,False
/proc/1361/exe,file,1,False
/proc/1365/exe,file,1,False
/proc/1367/exe,file,1,False
/proc/1369/exe,file,1,False
/proc/1372/exe,file,1,False
/proc/1379/exe,file,1,False
/proc/1385/exe,file,1,False
/proc/1386/exe,file,1,False
/proc/1393/exe,file,1,False
/proc/1396/exe,file,1,False
/proc/1398/exe,file,1,False
/proc/1404/exe,file,1,False
/proc/1409/exe,file,1,False
/proc/1410/exe,file,1,False
/proc/1416/exe,file,1,False
/proc/1435/exe,file,1,False
/proc/1447/exe,file,1,False
/proc/1450/exe,file,1,False
/proc/1486/exe,file,1,False
/proc/1508/exe,file,1,False
/proc/1510/exe,file,1,False
/proc/1511/exe,file,1,False
/proc/1512/exe,file,1,False
/proc/1514/exe,file,1,False
/proc/1515/exe,file,1,False
/proc/1516/exe,file,1,False
