step,src_node,type,deg,edge,dst_node,type,deg,importance
1,malware,proc,5,read,uname,file,1,0
2,malware,proc,5,brk,Memory Address,mem,7,1
3,malware,proc,5,brk,Memory Address,mem,7,1
4,malware,proc,5,brk,Memory Address,mem,7,1
5,malware,proc,5,brk,Memory Address,mem,7,1
6,malware,proc,5,clone,sh,proc,18,1
7,malware,proc,5,wait4,sh,proc,18,0
8,malware,proc,5,exit_group,status:0,other,3,1
9,sh,proc,18,brk,Memory Address,mem,7,1
10,sh,proc,18,mprotect,Memory Address,mem,7,1
11,sh,proc,18,mprotect,Memory Address,mem,7,1
12,sh,proc,18,mprotect,Memory Address,mem,7,1
13,sh,proc,18,mprotect,Memory Address,mem,7,1
14,sh,proc,18,munmap,Memory Address,mem,7,1
15,sh,proc,18,getpid,ID,other,2,0
16,sh,proc,18,brk,Memory Address,mem,7,1
17,sh,proc,18,brk,Memory Address,mem,7,1
18,sh,proc,18,getppid,ID,other,2,0
19,sh,proc,18,stat64,"""/""",file,1,0
20,sh,proc,18,stat64,""".""",file,1,0
21,sh,proc,18,stat64,"""/usr/local/sbin/pidof""",file,1,0
22,sh,proc,18,stat64,"""/usr/local/bin/pidof""",file,1,0
23,sh,proc,18,stat64,"""/usr/sbin/pidof""",file,1,0
24,sh,proc,18,stat64,"""/usr/bin/pidof""",file,1,0
25,sh,proc,18,stat64,"""/sbin/pidof""",file,1,0
26,sh,proc,18,stat64,"""/bin/pidof""",file,1,0
27,sh,proc,18,exec,pidof,proc,96,0
28,sh,proc,18,wait4,NO_PID,proc,1,0
29,sh,proc,18,exit_group,status:0,other,3,1
30,pidof,proc,96,brk,Memory Address,mem,7,1
31,pidof,proc,96,mprotect,Memory Address,mem,7,1
32,pidof,proc,96,mprotect,Memory Address,mem,7,1
33,pidof,proc,96,mprotect,Memory Address,mem,7,1
34,pidof,proc,96,mprotect,Memory Address,mem,7,1
35,pidof,proc,96,munmap,Memory Address,mem,7,1
36,pidof,proc,96,chdir,"""/proc""",file,1,0
37,pidof,proc,96,brk,Memory Address,mem,7,1
38,pidof,proc,96,brk,Memory Address,mem,7,1
39,pidof,proc,96,munmap,Memory Address,mem,7,1
40,pidof,proc,96,munmap,Memory Address,mem,7,1
41,pidof,proc,96,stat64,"/proc/""/proc/1/exe""",file,1,0
42,pidof,proc,96,munmap,Memory Address,mem,7,1
43,pidof,proc,96,munmap,Memory Address,mem,7,1
44,pidof,proc,96,stat64,"/proc/""/proc/2/exe""",file,1,0
45,pidof,proc,96,munmap,Memory Address,mem,7,1
46,pidof,proc,96,munmap,Memory Address,mem,7,1
47,pidof,proc,96,stat64,"/proc/""/proc/3/exe""",file,1,0
48,pidof,proc,96,munmap,Memory Address,mem,7,1
49,pidof,proc,96,munmap,Memory Address,mem,7,1
50,pidof,proc,96,stat64,"/proc/""/proc/4/exe""",file,1,0
51,pidof,proc,96,munmap,Memory Address,mem,7,1
52,pidof,proc,96,munmap,Memory Address,mem,7,1
53,pidof,proc,96,stat64,"/proc/""/proc/5/exe""",file,1,0
54,pidof,proc,96,munmap,Memory Address,mem,7,1
55,pidof,proc,96,munmap,Memory Address,mem,7,1
56,pidof,proc,96,stat64,"/proc/""/proc/6/exe""",file,1,0
57,pidof,proc,96,munmap,Memory Address,mem,7,1
58,pidof,proc,96,munmap,Memory Address,mem,7,1
59,pidof,proc,96,stat64,"/proc/""/proc/7/exe""",file,1,0
60,pidof,proc,96,munmap,Memory Address,mem,7,1
61,pidof,proc,96,munmap,Memory Address,mem,7,1
62,pidof,proc,96,stat64,"/proc/""/proc/8/exe""",file,1,0
63,pidof,proc,96,munmap,Memory Address,mem,7,1
64,pidof,proc,96,munmap,Memory Address,mem,7,1
65,pidof,proc,96,stat64,"/proc/""/proc/9/exe""",file,1,0
66,pidof,proc,96,munmap,Memory Address,mem,7,1
67,pidof,proc,96,munmap,Memory Address,mem,7,1
68,pidof,proc,96,stat64,"/proc/""/proc/10/exe""",file,1,0
69,pidof,proc,96,munmap,Memory Address,mem,7,1
70,pidof,proc,96,munmap,Memory Address,mem,7,1
71,pidof,proc,96,stat64,"/proc/""/proc/11/exe""",file,1,0
72,pidof,proc,96,munmap,Memory Address,mem,7,1
73,pidof,proc,96,munmap,Memory Address,mem,7,1
74,pidof,proc,96,stat64,"/proc/""/proc/12/exe""",file,1,0
75,pidof,proc,96,munmap,Memory Address,mem,7,1
76,pidof,proc,96,munmap,Memory Address,mem,7,1
77,pidof,proc,96,stat64,"/proc/""/proc/205/exe""",file,1,0
78,pidof,proc,96,munmap,Memory Address,mem,7,1
79,pidof,proc,96,munmap,Memory Address,mem,7,1
80,pidof,proc,96,stat64,"/proc/""/proc/208/exe""",file,1,0
81,pidof,proc,96,munmap,Memory Address,mem,7,1
82,pidof,proc,96,munmap,Memory Address,mem,7,1
83,pidof,proc,96,stat64,"/proc/""/proc/209/exe""",file,1,0
84,pidof,proc,96,munmap,Memory Address,mem,7,1
85,pidof,proc,96,munmap,Memory Address,mem,7,1
86,pidof,proc,96,stat64,"/proc/""/proc/211/exe""",file,1,0
87,pidof,proc,96,munmap,Memory Address,mem,7,1
88,pidof,proc,96,munmap,Memory Address,mem,7,1
89,pidof,proc,96,stat64,"/proc/""/proc/225/exe""",file,1,0
90,pidof,proc,96,munmap,Memory Address,mem,7,1
91,pidof,proc,96,munmap,Memory Address,mem,7,1
92,pidof,proc,96,stat64,"/proc/""/proc/322/exe""",file,1,0
93,pidof,proc,96,munmap,Memory Address,mem,7,1
94,pidof,proc,96,munmap,Memory Address,mem,7,1
95,pidof,proc,96,stat64,"/proc/""/proc/323/exe""",file,1,0
96,pidof,proc,96,munmap,Memory Address,mem,7,1
97,pidof,proc,96,munmap,Memory Address,mem,7,1
98,pidof,proc,96,stat64,"/proc/""/proc/334/exe""",file,1,0
99,pidof,proc,96,munmap,Memory Address,mem,7,1
100,pidof,proc,96,munmap,Memory Address,mem,7,1
101,pidof,proc,96,stat64,"/proc/""/proc/335/exe""",file,1,0
102,pidof,proc,96,munmap,Memory Address,mem,7,1
103,pidof,proc,96,munmap,Memory Address,mem,7,1
104,pidof,proc,96,stat64,"/proc/""/proc/336/exe""",file,1,0
105,pidof,proc,96,munmap,Memory Address,mem,7,1
106,pidof,proc,96,munmap,Memory Address,mem,7,1
107,pidof,proc,96,stat64,"/proc/""/proc/337/exe""",file,1,0
108,pidof,proc,96,munmap,Memory Address,mem,7,1
109,pidof,proc,96,munmap,Memory Address,mem,7,1
110,pidof,proc,96,stat64,"/proc/""/proc/339/exe""",file,1,0
111,pidof,proc,96,munmap,Memory Address,mem,7,1
112,pidof,proc,96,munmap,Memory Address,mem,7,1
113,pidof,proc,96,stat64,"/proc/""/proc/943/exe""",file,1,0
114,pidof,proc,96,munmap,Memory Address,mem,7,1
115,pidof,proc,96,munmap,Memory Address,mem,7,1
116,pidof,proc,96,stat64,"/proc/""/proc/945/exe""",file,1,0
117,pidof,proc,96,munmap,Memory Address,mem,7,1
118,pidof,proc,96,munmap,Memory Address,mem,7,1
119,pidof,proc,96,stat64,"/proc/""/proc/957/exe""",file,1,0
120,pidof,proc,96,munmap,Memory Address,mem,7,1
121,pidof,proc,96,munmap,Memory Address,mem,7,1
122,pidof,proc,96,stat64,"/proc/""/proc/961/exe""",file,1,0
123,pidof,proc,96,munmap,Memory Address,mem,7,1
124,pidof,proc,96,munmap,Memory Address,mem,7,1
125,pidof,proc,96,stat64,"/proc/""/proc/997/exe""",file,1,0
126,pidof,proc,96,munmap,Memory Address,mem,7,1
127,pidof,proc,96,munmap,Memory Address,mem,7,1
128,pidof,proc,96,stat64,"/proc/""/proc/1026/exe""",file,1,0
129,pidof,proc,96,munmap,Memory Address,mem,7,1
130,pidof,proc,96,munmap,Memory Address,mem,7,1
131,pidof,proc,96,stat64,"/proc/""/proc/1080/exe""",file,1,0
132,pidof,proc,96,munmap,Memory Address,mem,7,1
133,pidof,proc,96,munmap,Memory Address,mem,7,1
134,pidof,proc,96,stat64,"/proc/""/proc/1086/exe""",file,1,0
135,pidof,proc,96,munmap,Memory Address,mem,7,1
136,pidof,proc,96,munmap,Memory Address,mem,7,1
137,pidof,proc,96,stat64,"/proc/""/proc/1114/exe""",file,1,0
138,pidof,proc,96,munmap,Memory Address,mem,7,1
139,pidof,proc,96,munmap,Memory Address,mem,7,1
140,pidof,proc,96,stat64,"/proc/""/proc/1262/exe""",file,1,0
141,pidof,proc,96,munmap,Memory Address,mem,7,1
142,pidof,proc,96,munmap,Memory Address,mem,7,1
143,pidof,proc,96,stat64,"/proc/""/proc/1366/exe""",file,1,0
144,pidof,proc,96,munmap,Memory Address,mem,7,1
145,pidof,proc,96,munmap,Memory Address,mem,7,1
146,pidof,proc,96,stat64,"/proc/""/proc/1379/exe""",file,1,0
147,pidof,proc,96,munmap,Memory Address,mem,7,1
148,pidof,proc,96,munmap,Memory Address,mem,7,1
149,pidof,proc,96,stat64,"/proc/""/proc/1383/exe""",file,1,0
150,pidof,proc,96,munmap,Memory Address,mem,7,1
151,pidof,proc,96,munmap,Memory Address,mem,7,1
152,pidof,proc,96,stat64,"/proc/""/proc/1384/exe""",file,1,0
153,pidof,proc,96,munmap,Memory Address,mem,7,1
154,pidof,proc,96,munmap,Memory Address,mem,7,1
155,pidof,proc,96,stat64,"/proc/""/proc/1398/exe""",file,1,0
156,pidof,proc,96,munmap,Memory Address,mem,7,1
157,pidof,proc,96,munmap,Memory Address,mem,7,1
158,pidof,proc,96,stat64,"/proc/""/proc/1400/exe""",file,1,0
159,pidof,proc,96,munmap,Memory Address,mem,7,1
160,pidof,proc,96,munmap,Memory Address,mem,7,1
161,pidof,proc,96,stat64,"/proc/""/proc/1411/exe""",file,1,0
162,pidof,proc,96,munmap,Memory Address,mem,7,1
163,pidof,proc,96,munmap,Memory Address,mem,7,1
164,pidof,proc,96,stat64,"/proc/""/proc/1412/exe""",file,1,0
165,pidof,proc,96,munmap,Memory Address,mem,7,1
166,pidof,proc,96,munmap,Memory Address,mem,7,1
167,pidof,proc,96,stat64,"/proc/""/proc/1413/exe""",file,1,0
168,pidof,proc,96,munmap,Memory Address,mem,7,1
169,pidof,proc,96,munmap,Memory Address,mem,7,1
170,pidof,proc,96,stat64,"/proc/""/proc/1414/exe""",file,1,0
171,pidof,proc,96,munmap,Memory Address,mem,7,1
172,pidof,proc,96,munmap,Memory Address,mem,7,1
173,pidof,proc,96,stat64,"/proc/""/proc/1420/exe""",file,1,0
174,pidof,proc,96,munmap,Memory Address,mem,7,1
175,pidof,proc,96,munmap,Memory Address,mem,7,1
176,pidof,proc,96,stat64,"/proc/""/proc/1421/exe""",file,1,0
177,pidof,proc,96,munmap,Memory Address,mem,7,1
178,pidof,proc,96,munmap,Memory Address,mem,7,1
179,pidof,proc,96,stat64,"/proc/""/proc/1423/exe""",file,1,0
180,pidof,proc,96,munmap,Memory Address,mem,7,1
181,pidof,proc,96,munmap,Memory Address,mem,7,1
182,pidof,proc,96,stat64,"/proc/""/proc/1429/exe""",file,1,0
183,pidof,proc,96,munmap,Memory Address,mem,7,1
184,pidof,proc,96,munmap,Memory Address,mem,7,1
185,pidof,proc,96,stat64,"/proc/""/proc/1454/exe""",file,1,0
186,pidof,proc,96,munmap,Memory Address,mem,7,1
187,pidof,proc,96,munmap,Memory Address,mem,7,1
188,pidof,proc,96,stat64,"/proc/""/proc/1473/exe""",file,1,0
189,pidof,proc,96,munmap,Memory Address,mem,7,1
190,pidof,proc,96,munmap,Memory Address,mem,7,1
191,pidof,proc,96,stat64,"/proc/""/proc/1484/exe""",file,1,0
192,pidof,proc,96,munmap,Memory Address,mem,7,1
193,pidof,proc,96,munmap,Memory Address,mem,7,1
194,pidof,proc,96,stat64,"/proc/""/proc/1505/exe""",file,1,0
195,pidof,proc,96,munmap,Memory Address,mem,7,1
196,pidof,proc,96,munmap,Memory Address,mem,7,1
197,pidof,proc,96,stat64,"/proc/""/proc/1515/exe""",file,1,0
198,pidof,proc,96,munmap,Memory Address,mem,7,1
199,pidof,proc,96,munmap,Memory Address,mem,7,1
200,pidof,proc,96,stat64,"/proc/""/proc/1786/exe""",file,1,0
201,pidof,proc,96,munmap,Memory Address,mem,7,1
202,pidof,proc,96,munmap,Memory Address,mem,7,1
203,pidof,proc,96,stat64,"/proc/""/proc/1787/exe""",file,1,0
204,pidof,proc,96,munmap,Memory Address,mem,7,1
205,pidof,proc,96,munmap,Memory Address,mem,7,1
206,pidof,proc,96,stat64,"/proc/""/proc/1788/exe""",file,1,0
207,pidof,proc,96,munmap,Memory Address,mem,7,1
208,pidof,proc,96,munmap,Memory Address,mem,7,1
209,pidof,proc,96,stat64,"/proc/""/proc/1789/exe""",file,1,0
210,pidof,proc,96,munmap,Memory Address,mem,7,1
211,pidof,proc,96,munmap,Memory Address,mem,7,1
212,pidof,proc,96,stat64,"/proc/""/proc/1790/exe""",file,1,0
213,pidof,proc,96,munmap,Memory Address,mem,7,1
214,pidof,proc,96,munmap,Memory Address,mem,7,1
215,pidof,proc,96,stat64,"/proc/""/proc/1791/exe""",file,1,0
216,pidof,proc,96,munmap,Memory Address,mem,7,1
217,pidof,proc,96,munmap,Memory Address,mem,7,1
218,pidof,proc,96,stat64,"/proc/""/proc/1792/exe""",file,1,0
219,pidof,proc,96,munmap,Memory Address,mem,7,1
220,pidof,proc,96,munmap,Memory Address,mem,7,1
221,pidof,proc,96,stat64,"/proc/""/proc/1793/exe""",file,1,0
222,pidof,proc,96,munmap,Memory Address,mem,7,1
223,pidof,proc,96,munmap,Memory Address,mem,7,1
224,pidof,proc,96,stat64,"/proc/""/proc/1794/exe""",file,1,0
225,pidof,proc,96,munmap,Memory Address,mem,7,1
226,pidof,proc,96,munmap,Memory Address,mem,7,1
227,pidof,proc,96,stat64,"/proc/""/proc/1795/exe""",file,1,0
228,pidof,proc,96,munmap,Memory Address,mem,7,1
229,pidof,proc,96,munmap,Memory Address,mem,7,1
230,pidof,proc,96,stat64,"/proc/""/proc/1796/exe""",file,1,0
231,pidof,proc,96,munmap,Memory Address,mem,7,1
232,pidof,proc,96,munmap,Memory Address,mem,7,1
233,pidof,proc,96,stat64,"/proc/""/proc/1797/exe""",file,1,0
234,pidof,proc,96,munmap,Memory Address,mem,7,1
235,pidof,proc,96,munmap,Memory Address,mem,7,1
236,pidof,proc,96,stat64,"/proc/""/proc/1798/exe""",file,1,0
237,pidof,proc,96,munmap,Memory Address,mem,7,1
238,pidof,proc,96,munmap,Memory Address,mem,7,1
239,pidof,proc,96,stat64,"/proc/""/proc/1799/exe""",file,1,0
240,pidof,proc,96,munmap,Memory Address,mem,7,1
241,pidof,proc,96,munmap,Memory Address,mem,7,1
242,pidof,proc,96,stat64,"/proc/""/proc/1800/exe""",file,1,0
243,pidof,proc,96,munmap,Memory Address,mem,7,1
244,pidof,proc,96,munmap,Memory Address,mem,7,1
245,pidof,proc,96,stat64,"/proc/""/proc/1801/exe""",file,1,0
246,pidof,proc,96,munmap,Memory Address,mem,7,1
247,pidof,proc,96,munmap,Memory Address,mem,7,1
248,pidof,proc,96,stat64,"/proc/""/proc/1804/exe""",file,1,0
249,pidof,proc,96,munmap,Memory Address,mem,7,1
250,pidof,proc,96,munmap,Memory Address,mem,7,1
251,pidof,proc,96,stat64,"/proc/""/proc/1806/exe""",file,1,0
252,pidof,proc,96,munmap,Memory Address,mem,7,1
253,pidof,proc,96,munmap,Memory Address,mem,7,1
254,pidof,proc,96,stat64,"/proc/""/proc/1807/exe""",file,1,0
255,pidof,proc,96,munmap,Memory Address,mem,7,1
256,pidof,proc,96,munmap,Memory Address,mem,7,1
257,pidof,proc,96,stat64,"/proc/""/proc/1808/exe""",file,1,0
258,pidof,proc,96,munmap,Memory Address,mem,7,1
259,pidof,proc,96,munmap,Memory Address,mem,7,1
260,pidof,proc,96,stat64,"/proc/""/proc/1809/exe""",file,1,0
261,pidof,proc,96,munmap,Memory Address,mem,7,1
262,pidof,proc,96,munmap,Memory Address,mem,7,1
263,pidof,proc,96,stat64,"/proc/""/proc/1810/exe""",file,1,0
264,pidof,proc,96,munmap,Memory Address,mem,7,1
265,pidof,proc,96,munmap,Memory Address,mem,7,1
266,pidof,proc,96,stat64,"/proc/""/proc/1812/exe""",file,1,0
267,pidof,proc,96,munmap,Memory Address,mem,7,1
268,pidof,proc,96,munmap,Memory Address,mem,7,1
269,pidof,proc,96,stat64,"/proc/""/proc/1813/exe""",file,1,0
270,pidof,proc,96,munmap,Memory Address,mem,7,1
271,pidof,proc,96,munmap,Memory Address,mem,7,1
272,pidof,proc,96,stat64,"/proc/""/proc/1814/exe""",file,1,0
273,pidof,proc,96,munmap,Memory Address,mem,7,1
274,pidof,proc,96,munmap,Memory Address,mem,7,1
275,pidof,proc,96,stat64,"/proc/""/proc/1815/exe""",file,1,0
276,pidof,proc,96,munmap,Memory Address,mem,7,1
277,pidof,proc,96,munmap,Memory Address,mem,7,1
278,pidof,proc,96,stat64,"/proc/""/proc/1816/exe""",file,1,0
279,pidof,proc,96,munmap,Memory Address,mem,7,1
280,pidof,proc,96,munmap,Memory Address,mem,7,1
281,pidof,proc,96,stat64,"/proc/""/proc/1818/exe""",file,1,0
282,pidof,proc,96,munmap,Memory Address,mem,7,1
283,pidof,proc,96,munmap,Memory Address,mem,7,1
284,pidof,proc,96,stat64,"/proc/""/proc/1820/exe""",file,1,0
285,pidof,proc,96,munmap,Memory Address,mem,7,1
286,pidof,proc,96,munmap,Memory Address,mem,7,1
287,pidof,proc,96,stat64,"/proc/""/proc/1845/exe""",file,1,0
288,pidof,proc,96,munmap,Memory Address,mem,7,1
289,pidof,proc,96,munmap,Memory Address,mem,7,1
290,pidof,proc,96,stat64,"/proc/""/proc/1858/exe""",file,1,0
291,pidof,proc,96,munmap,Memory Address,mem,7,1
292,pidof,proc,96,munmap,Memory Address,mem,7,1
293,pidof,proc,96,stat64,"/proc/""/proc/1868/exe""",file,1,0
294,pidof,proc,96,munmap,Memory Address,mem,7,1
295,pidof,proc,96,munmap,Memory Address,mem,7,1
296,pidof,proc,96,stat64,"/proc/""/proc/1869/exe""",file,1,0
297,pidof,proc,96,munmap,Memory Address,mem,7,1
298,pidof,proc,96,munmap,Memory Address,mem,7,1
299,pidof,proc,96,stat64,"/proc/""/proc/1870/exe""",file,1,0
300,pidof,proc,96,munmap,Memory Address,mem,7,1
301,pidof,proc,96,munmap,Memory Address,mem,7,1
302,pidof,proc,96,stat64,"/proc/""/proc/1875/exe""",file,1,0
303,pidof,proc,96,munmap,Memory Address,mem,7,1
304,pidof,proc,96,munmap,Memory Address,mem,7,1
305,pidof,proc,96,stat64,"/proc/""/proc/1876/exe""",file,1,0
306,pidof,proc,96,munmap,Memory Address,mem,7,1
307,pidof,proc,96,munmap,Memory Address,mem,7,1
308,pidof,proc,96,stat64,"/proc/""/proc/1877/exe""",file,1,0
309,pidof,proc,96,exit_group,status:0,other,3,1
