node_name,type,appearance,importance
malware,proc,8,False
uname,file,1,False
Memory Address,mem,200,True
sh,proc,23,True
status:0,other,3,True
ID,other,2,False
"""/""",file,1,False
""".""",file,1,False
"""/usr/local/sbin/pidof""",file,1,False
"""/usr/local/bin/pidof""",file,1,False
"""/usr/sbin/pidof""",file,1,False
"""/usr/bin/pidof""",file,1,False
"""/sbin/pidof""",file,1,False
"""/bin/pidof""",file,1,False
pidof,proc,281,False
NO_PID,proc,1,False
"""/proc""",file,1,False
"/proc/""/proc/1/exe""",file,1,False
"/proc/""/proc/2/exe""",file,1,False
"/proc/""/proc/3/exe""",file,1,False
"/proc/""/proc/4/exe""",file,1,False
"/proc/""/proc/5/exe""",file,1,False
"/proc/""/proc/6/exe""",file,1,False
"/proc/""/proc/7/exe""",file,1,False
"/proc/""/proc/8/exe""",file,1,False
"/proc/""/proc/9/exe""",file,1,False
"/proc/""/proc/10/exe""",file,1,False
"/proc/""/proc/11/exe""",file,1,False
"/proc/""/proc/12/exe""",file,1,False
"/proc/""/proc/205/exe""",file,1,False
"/proc/""/proc/208/exe""",file,1,False
"/proc/""/proc/209/exe""",file,1,False
"/proc/""/proc/211/exe""",file,1,False
"/proc/""/proc/225/exe""",file,1,False
"/proc/""/proc/322/exe""",file,1,False
"/proc/""/proc/323/exe""",file,1,False
"/proc/""/proc/334/exe""",file,1,False
"/proc/""/proc/335/exe""",file,1,False
"/proc/""/proc/336/exe""",file,1,False
"/proc/""/proc/337/exe""",file,1,False
"/proc/""/proc/339/exe""",file,1,False
"/proc/""/proc/943/exe""",file,1,False
"/proc/""/proc/945/exe""",file,1,False
"/proc/""/proc/957/exe""",file,1,False
"/proc/""/proc/961/exe""",file,1,False
"/proc/""/proc/997/exe""",file,1,False
"/proc/""/proc/1026/exe""",file,1,False
"/proc/""/proc/1080/exe""",file,1,False
"/proc/""/proc/1086/exe""",file,1,False
"/proc/""/proc/1114/exe""",file,1,False
"/proc/""/proc/1262/exe""",file,1,False
"/proc/""/proc/1366/exe""",file,1,False
"/proc/""/proc/1379/exe""",file,1,False
"/proc/""/proc/1383/exe""",file,1,False
"/proc/""/proc/1384/exe""",file,1,False
"/proc/""/proc/1398/exe""",file,1,False
"/proc/""/proc/1400/exe""",file,1,False
"/proc/""/proc/1411/exe""",file,1,False
"/proc/""/proc/1412/exe""",file,1,False
"/proc/""/proc/1413/exe""",file,1,False
"/proc/""/proc/1414/exe""",file,1,False
"/proc/""/proc/1420/exe""",file,1,False
"/proc/""/proc/1421/exe""",file,1,False
"/proc/""/proc/1423/exe""",file,1,False
"/proc/""/proc/1429/exe""",file,1,False
"/proc/""/proc/1454/exe""",file,1,False
"/proc/""/proc/1473/exe""",file,1,False
"/proc/""/proc/1484/exe""",file,1,False
"/proc/""/proc/1505/exe""",file,1,False
"/proc/""/proc/1515/exe""",file,1,False
"/proc/""/proc/1786/exe""",file,1,False
"/proc/""/proc/1787/exe""",file,1,False
"/proc/""/proc/1788/exe""",file,1,False
"/proc/""/proc/1789/exe""",file,1,False
"/proc/""/proc/1790/exe""",file,1,False
"/proc/""/proc/1791/exe""",file,1,False
"/proc/""/proc/1792/exe""",file,1,False
"/proc/""/proc/1793/exe""",file,1,False
"/proc/""/proc/1794/exe""",file,1,False
"/proc/""/proc/1795/exe""",file,1,False
"/proc/""/proc/1796/exe""",file,1,False
"/proc/""/proc/1797/exe""",file,1,False
"/proc/""/proc/1798/exe""",file,1,False
"/proc/""/proc/1799/exe""",file,1,False
"/proc/""/proc/1800/exe""",file,1,False
"/proc/""/proc/1801/exe""",file,1,False
"/proc/""/proc/1804/exe""",file,1,False
"/proc/""/proc/1806/exe""",file,1,False
"/proc/""/proc/1807/exe""",file,1,False
"/proc/""/proc/1808/exe""",file,1,False
"/proc/""/proc/1809/exe""",file,1,False
"/proc/""/proc/1810/exe""",file,1,False
"/proc/""/proc/1812/exe""",file,1,False
"/proc/""/proc/1813/exe""",file,1,False
"/proc/""/proc/1814/exe""",file,1,False
"/proc/""/proc/1815/exe""",file,1,False
"/proc/""/proc/1816/exe""",file,1,False
"/proc/""/proc/1818/exe""",file,1,False
"/proc/""/proc/1820/exe""",file,1,False
"/proc/""/proc/1845/exe""",file,1,False
"/proc/""/proc/1858/exe""",file,1,False
"/proc/""/proc/1868/exe""",file,1,False
"/proc/""/proc/1869/exe""",file,1,False
"/proc/""/proc/1870/exe""",file,1,False
"/proc/""/proc/1875/exe""",file,1,False
"/proc/""/proc/1876/exe""",file,1,False
"/proc/""/proc/1877/exe""",file,1,False
