step,src_node,type,deg,edge,dst_node,type,deg,importance
1,malware,proc,2,vfork,sh,proc,23,0
2,malware,proc,2,wait4,sh,proc,23,0
3,sh,proc,23,brk,Memory Address,mem,8,1
4,sh,proc,23,mprotect,Memory Address,mem,8,1
5,sh,proc,23,arch_prctl,Memory Address,mem,8,1
6,sh,proc,23,mprotect,Memory Address,mem,8,1
7,sh,proc,23,mprotect,Memory Address,mem,8,1
8,sh,proc,23,mprotect,Memory Address,mem,8,1
9,sh,proc,23,munmap,Memory Address,mem,8,1
10,sh,proc,23,getuid,ID,other,6,0
11,sh,proc,23,getgid,ID,other,6,0
12,sh,proc,23,getpid,ID,other,6,0
13,sh,proc,23,geteuid,ID,other,6,0
14,sh,proc,23,brk,Memory Address,mem,8,1
15,sh,proc,23,brk,Memory Address,mem,8,1
16,sh,proc,23,getppid,ID,other,6,0
17,sh,proc,23,stat,/prober,file,1,0
18,sh,proc,23,stat,.,file,1,0
19,sh,proc,23,geteuid,ID,other,6,0
20,sh,proc,23,getegid,ID,other,6,0
21,sh,proc,23,stat,/usr/local/sbin/pidof,file,1,0
22,sh,proc,23,stat,/usr/local/bin/pidof,file,1,0
23,sh,proc,23,stat,/usr/sbin/pidof,file,1,0
24,sh,proc,23,stat,/usr/bin/pidof,file,1,0
25,sh,proc,23,stat,/sbin/pidof,file,1,0
26,sh,proc,23,stat,/bin/pidof,file,1,0
27,sh,proc,23,exec,pidof,proc,207,0
28,sh,proc,23,wait4,NO_PID,proc,1,0
29,sh,proc,23,exit_group,status:0,other,2,1
30,pidof,proc,207,brk,Memory Address,mem,8,1
31,pidof,proc,207,mprotect,Memory Address,mem,8,1
32,pidof,proc,207,arch_prctl,Memory Address,mem,8,1
33,pidof,proc,207,mprotect,Memory Address,mem,8,1
34,pidof,proc,207,mprotect,Memory Address,mem,8,1
35,pidof,proc,207,mprotect,Memory Address,mem,8,1
36,pidof,proc,207,munmap,Memory Address,mem,8,1
37,pidof,proc,207,chdir,"""/proc""",file,1,0
38,pidof,proc,207,brk,Memory Address,mem,8,1
39,pidof,proc,207,brk,Memory Address,mem,8,1
40,pidof,proc,207,stat,/proc/1/exe,file,1,0
41,pidof,proc,207,stat,/proc/2/exe,file,1,0
42,pidof,proc,207,stat,/proc/3/exe,file,1,0
43,pidof,proc,207,stat,/proc/4/exe,file,1,0
44,pidof,proc,207,stat,/proc/5/exe,file,1,0
45,pidof,proc,207,stat,/proc/6/exe,file,1,0
46,pidof,proc,207,stat,/proc/7/exe,file,1,0
47,pidof,proc,207,stat,/proc/8/exe,file,1,0
48,pidof,proc,207,stat,/proc/9/exe,file,1,0
49,pidof,proc,207,stat,/proc/10/exe,file,1,0
50,pidof,proc,207,stat,/proc/11/exe,file,1,0
51,pidof,proc,207,stat,/proc/12/exe,file,1,0
52,pidof,proc,207,stat,/proc/13/exe,file,1,0
53,pidof,proc,207,stat,/proc/14/exe,file,1,0
54,pidof,proc,207,stat,/proc/15/exe,file,1,0
55,pidof,proc,207,stat,/proc/16/exe,file,1,0
56,pidof,proc,207,stat,/proc/17/exe,file,1,0
57,pidof,proc,207,stat,/proc/18/exe,file,1,0
58,pidof,proc,207,stat,/proc/19/exe,file,1,0
59,pidof,proc,207,stat,/proc/20/exe,file,1,0
60,pidof,proc,207,stat,/proc/21/exe,file,1,0
61,pidof,proc,207,stat,/proc/22/exe,file,1,0
62,pidof,proc,207,stat,/proc/23/exe,file,1,0
63,pidof,proc,207,stat,/proc/24/exe,file,1,0
64,pidof,proc,207,stat,/proc/25/exe,file,1,0
65,pidof,proc,207,stat,/proc/26/exe,file,1,0
66,pidof,proc,207,stat,/proc/27/exe,file,1,0
67,pidof,proc,207,stat,/proc/28/exe,file,1,0
68,pidof,proc,207,stat,/proc/29/exe,file,1,0
69,pidof,proc,207,stat,/proc/30/exe,file,1,0
70,pidof,proc,207,stat,/proc/31/exe,file,1,0
71,pidof,proc,207,stat,/proc/32/exe,file,1,0
72,pidof,proc,207,stat,/proc/33/exe,file,1,0
73,pidof,proc,207,stat,/proc/34/exe,file,1,0
74,pidof,proc,207,stat,/proc/35/exe,file,1,0
75,pidof,proc,207,stat,/proc/36/exe,file,1,0
76,pidof,proc,207,stat,/proc/37/exe,file,1,0
77,pidof,proc,207,stat,/proc/38/exe,file,1,0
78,pidof,proc,207,stat,/proc/39/exe,file,1,0
79,pidof,proc,207,stat,/proc/40/exe,file,1,0
80,pidof,proc,207,stat,/proc/41/exe,file,1,0
81,pidof,proc,207,stat,/proc/42/exe,file,1,0
82,pidof,proc,207,stat,/proc/43/exe,file,1,0
83,pidof,proc,207,stat,/proc/45/exe,file,1,0
84,pidof,proc,207,stat,/proc/55/exe,file,1,0
85,pidof,proc,207,stat,/proc/81/exe,file,1,0
86,pidof,proc,207,stat,/proc/137/exe,file,1,0
87,pidof,proc,207,stat,/proc/138/exe,file,1,0
88,pidof,proc,207,stat,/proc/139/exe,file,1,0
89,pidof,proc,207,stat,/proc/140/exe,file,1,0
90,pidof,proc,207,stat,/proc/141/exe,file,1,0
91,pidof,proc,207,stat,/proc/142/exe,file,1,0
92,pidof,proc,207,stat,/proc/143/exe,file,1,0
93,pidof,proc,207,stat,/proc/144/exe,file,1,0
94,pidof,proc,207,stat,/proc/145/exe,file,1,0
95,pidof,proc,207,stat,/proc/148/exe,file,1,0
96,pidof,proc,207,stat,/proc/149/exe,file,1,0
97,pidof,proc,207,stat,/proc/150/exe,file,1,0
98,pidof,proc,207,stat,/proc/153/exe,file,1,0
99,pidof,proc,207,stat,/proc/154/exe,file,1,0
100,pidof,proc,207,stat,/proc/155/exe,file,1,0
101,pidof,proc,207,stat,/proc/156/exe,file,1,0
102,pidof,proc,207,stat,/proc/157/exe,file,1,0
103,pidof,proc,207,stat,/proc/158/exe,file,1,0
104,pidof,proc,207,stat,/proc/159/exe,file,1,0
105,pidof,proc,207,stat,/proc/160/exe,file,1,0
106,pidof,proc,207,stat,/proc/161/exe,file,1,0
107,pidof,proc,207,stat,/proc/172/exe,file,1,0
108,pidof,proc,207,stat,/proc/191/exe,file,1,0
109,pidof,proc,207,stat,/proc/192/exe,file,1,0
110,pidof,proc,207,stat,/proc/193/exe,file,1,0
111,pidof,proc,207,stat,/proc/249/exe,file,1,0
112,pidof,proc,207,stat,/proc/250/exe,file,1,0
113,pidof,proc,207,stat,/proc/251/exe,file,1,0
114,pidof,proc,207,stat,/proc/253/exe,file,1,0
115,pidof,proc,207,stat,/proc/255/exe,file,1,0
116,pidof,proc,207,stat,/proc/291/exe,file,1,0
117,pidof,proc,207,stat,/proc/292/exe,file,1,0
118,pidof,proc,207,stat,/proc/293/exe,file,1,0
119,pidof,proc,207,stat,/proc/337/exe,file,1,0
120,pidof,proc,207,stat,/proc/346/exe,file,1,0
121,pidof,proc,207,stat,/proc/351/exe,file,1,0
122,pidof,proc,207,stat,/proc/352/exe,file,1,0
123,pidof,proc,207,stat,/proc/354/exe,file,1,0
124,pidof,proc,207,stat,/proc/363/exe,file,1,0
125,pidof,proc,207,stat,/proc/376/exe,file,1,0
126,pidof,proc,207,stat,/proc/394/exe,file,1,0
127,pidof,proc,207,stat,/proc/434/exe,file,1,0
128,pidof,proc,207,stat,/proc/473/exe,file,1,0
129,pidof,proc,207,stat,/proc/489/exe,file,1,0
130,pidof,proc,207,stat,/proc/494/exe,file,1,0
131,pidof,proc,207,stat,/proc/511/exe,file,1,0
132,pidof,proc,207,stat,/proc/512/exe,file,1,0
133,pidof,proc,207,stat,/proc/513/exe,file,1,0
134,pidof,proc,207,stat,/proc/532/exe,file,1,0
135,pidof,proc,207,stat,/proc/614/exe,file,1,0
136,pidof,proc,207,stat,/proc/615/exe,file,1,0
137,pidof,proc,207,stat,/proc/623/exe,file,1,0
138,pidof,proc,207,stat,/proc/639/exe,file,1,0
139,pidof,proc,207,stat,/proc/644/exe,file,1,0
140,pidof,proc,207,stat,/proc/649/exe,file,1,0
141,pidof,proc,207,stat,/proc/650/exe,file,1,0
142,pidof,proc,207,stat,/proc/655/exe,file,1,0
143,pidof,proc,207,stat,/proc/687/exe,file,1,0
144,pidof,proc,207,stat,/proc/693/exe,file,1,0
145,pidof,proc,207,stat,/proc/694/exe,file,1,0
146,pidof,proc,207,stat,/proc/695/exe,file,1,0
147,pidof,proc,207,stat,/proc/696/exe,file,1,0
148,pidof,proc,207,stat,/proc/721/exe,file,1,0
149,pidof,proc,207,stat,/proc/725/exe,file,1,0
150,pidof,proc,207,stat,/proc/726/exe,file,1,0
151,pidof,proc,207,stat,/proc/730/exe,file,1,0
152,pidof,proc,207,stat,/proc/733/exe,file,1,0
153,pidof,proc,207,stat,/proc/736/exe,file,1,0
154,pidof,proc,207,stat,/proc/737/exe,file,1,0
155,pidof,proc,207,stat,/proc/738/exe,file,1,0
156,pidof,proc,207,stat,/proc/739/exe,file,1,0
157,pidof,proc,207,stat,/proc/744/exe,file,1,0
158,pidof,proc,207,stat,/proc/747/exe,file,1,0
159,pidof,proc,207,stat,/proc/748/exe,file,1,0
160,pidof,proc,207,stat,/proc/750/exe,file,1,0
161,pidof,proc,207,stat,/proc/783/exe,file,1,0
162,pidof,proc,207,stat,/proc/784/exe,file,1,0
163,pidof,proc,207,stat,/proc/785/exe,file,1,0
164,pidof,proc,207,stat,/proc/786/exe,file,1,0
165,pidof,proc,207,stat,/proc/788/exe,file,1,0
166,pidof,proc,207,stat,/proc/797/exe,file,1,0
167,pidof,proc,207,stat,/proc/798/exe,file,1,0
168,pidof,proc,207,stat,/proc/825/exe,file,1,0
169,pidof,proc,207,stat,/proc/829/exe,file,1,0
170,pidof,proc,207,stat,/proc/846/exe,file,1,0
171,pidof,proc,207,stat,/proc/865/exe,file,1,0
172,pidof,proc,207,stat,/proc/866/exe,file,1,0
173,pidof,proc,207,stat,/proc/868/exe,file,1,0
174,pidof,proc,207,stat,/proc/898/exe,file,1,0
175,pidof,proc,207,stat,/proc/916/exe,file,1,0
176,pidof,proc,207,stat,/proc/917/exe,file,1,0
177,pidof,proc,207,stat,/proc/929/exe,file,1,0
178,pidof,proc,207,stat,/proc/935/exe,file,1,0
179,pidof,proc,207,stat,/proc/936/exe,file,1,0
180,pidof,proc,207,stat,/proc/962/exe,file,1,0
181,pidof,proc,207,stat,/proc/983/exe,file,1,0
182,pidof,proc,207,stat,/proc/999/exe,file,1,0
183,pidof,proc,207,stat,/proc/1020/exe,file,1,0
184,pidof,proc,207,stat,/proc/1037/exe,file,1,0
185,pidof,proc,207,stat,/proc/1039/exe,file,1,0
186,pidof,proc,207,stat,/proc/1083/exe,file,1,0
187,pidof,proc,207,stat,/proc/1087/exe,file,1,0
188,pidof,proc,207,stat,/proc/1097/exe,file,1,0
189,pidof,proc,207,stat,/proc/1115/exe,file,1,0
190,pidof,proc,207,stat,/proc/1231/exe,file,1,0
191,pidof,proc,207,stat,/proc/1232/exe,file,1,0
192,pidof,proc,207,stat,/proc/1261/exe,file,1,0
193,pidof,proc,207,stat,/proc/1288/exe,file,1,0
194,pidof,proc,207,stat,/proc/1292/exe,file,1,0
195,pidof,proc,207,stat,/proc/1293/exe,file,1,0
196,pidof,proc,207,stat,/proc/1294/exe,file,1,0
197,pidof,proc,207,stat,/proc/1295/exe,file,1,0
198,pidof,proc,207,stat,/proc/1300/exe,file,1,0
199,pidof,proc,207,stat,/proc/1307/exe,file,1,0
200,pidof,proc,207,stat,/proc/1312/exe,file,1,0
201,pidof,proc,207,stat,/proc/1314/exe,file,1,0
202,pidof,proc,207,stat,/proc/1317/exe,file,1,0
203,pidof,proc,207,stat,/proc/1319/exe,file,1,0
204,pidof,proc,207,stat,/proc/1332/exe,file,1,0
205,pidof,proc,207,stat,/proc/1333/exe,file,1,0
206,pidof,proc,207,stat,/proc/1338/exe,file,1,0
207,pidof,proc,207,stat,/proc/1341/exe,file,1,0
208,pidof,proc,207,stat,/proc/1345/exe,file,1,0
209,pidof,proc,207,stat,/proc/1357/exe,file,1,0
210,pidof,proc,207,stat,/proc/1358/exe,file,1,0
211,pidof,proc,207,stat,/proc/1362/exe,file,1,0
212,pidof,proc,207,stat,/proc/1366/exe,file,1,0
213,pidof,proc,207,stat,/proc/1367/exe,file,1,0
214,pidof,proc,207,stat,/proc/1371/exe,file,1,0
215,pidof,proc,207,stat,/proc/1374/exe,file,1,0
216,pidof,proc,207,stat,/proc/1376/exe,file,1,0
217,pidof,proc,207,stat,/proc/1379/exe,file,1,0
218,pidof,proc,207,stat,/proc/1382/exe,file,1,0
219,pidof,proc,207,stat,/proc/1392/exe,file,1,0
220,pidof,proc,207,stat,/proc/1393/exe,file,1,0
221,pidof,proc,207,stat,/proc/1394/exe,file,1,0
222,pidof,proc,207,stat,/proc/1400/exe,file,1,0
223,pidof,proc,207,stat,/proc/1401/exe,file,1,0
224,pidof,proc,207,stat,/proc/1405/exe,file,1,0
225,pidof,proc,207,stat,/proc/1412/exe,file,1,0
226,pidof,proc,207,stat,/proc/1416/exe,file,1,0
227,pidof,proc,207,stat,/proc/1418/exe,file,1,0
228,pidof,proc,207,stat,/proc/1423/exe,file,1,0
229,pidof,proc,207,stat,/proc/1443/exe,file,1,0
230,pidof,proc,207,stat,/proc/1454/exe,file,1,0
231,pidof,proc,207,stat,/proc/1459/exe,file,1,0
232,pidof,proc,207,stat,/proc/1493/exe,file,1,0
233,pidof,proc,207,stat,/proc/1515/exe,file,1,0
234,pidof,proc,207,stat,/proc/1517/exe,file,1,0
235,pidof,proc,207,stat,/proc/1518/exe,file,1,0
236,pidof,proc,207,stat,/proc/1519/exe,file,1,0
237,pidof,proc,207,stat,/proc/1521/exe,file,1,0
238,pidof,proc,207,stat,/proc/1522/exe,file,1,0
239,pidof,proc,207,stat,/proc/1523/exe,file,1,0
240,pidof,proc,207,exit_group,status:0,other,2,1
