node_name,type,appearance,importance
malware,proc,2,False
sh,proc,29,False
Memory Address,mem,18,True
ID,other,7,False
/prober,file,1,False
.,file,1,False
/usr/local/sbin/pidof,file,1,False
/usr/local/bin/pidof,file,1,False
/usr/sbin/pidof,file,1,False
/usr/bin/pidof,file,1,False
/sbin/pidof,file,1,False
/bin/pidof,file,1,False
pidof,proc,212,False
NO_PID,proc,1,False
status:0,other,2,True
"""/proc""",file,1,False
/proc/1/exe,file,1,False
/proc/2/exe,file,1,False
/proc/3/exe,file,1,False
/proc/4/exe,file,1,False
/proc/5/exe,file,1,False
/proc/6/exe,file,1,False
/proc/7/exe,file,1,False
/proc/8/exe,file,1,False
/proc/9/exe,file,1,False
/proc/10/exe,file,1,False
/proc/11/exe,file,1,False
/proc/12/exe,file,1,False
/proc/13/exe,file,1,False
/proc/14/exe,file,1,False
/proc/15/exe,file,1,False
/proc/16/exe,file,1,False
/proc/17/exe,file,1,False
/proc/18/exe,file,1,False
/proc/19/exe,file,1,False
/proc/20/exe,file,1,False
/proc/21/exe,file,1,False
/proc/22/exe,file,1,False
/proc/23/exe,file,1,False
/proc/24/exe,file,1,False
/proc/25/exe,file,1,False
/proc/26/exe,file,1,False
/proc/27/exe,file,1,False
/proc/28/exe,file,1,False
/proc/29/exe,file,1,False
/proc/30/exe,file,1,False
/proc/31/exe,file,1,False
/proc/32/exe,file,1,False
/proc/33/exe,file,1,False
/proc/34/exe,file,1,False
/proc/35/exe,file,1,False
/proc/36/exe,file,1,False
/proc/37/exe,file,1,False
/proc/38/exe,file,1,False
/proc/39/exe,file,1,False
/proc/40/exe,file,1,False
/proc/41/exe,file,1,False
/proc/42/exe,file,1,False
/proc/43/exe,file,1,False
/proc/45/exe,file,1,False
/proc/55/exe,file,1,False
/proc/81/exe,file,1,False
/proc/137/exe,file,1,False
/proc/138/exe,file,1,False
/proc/139/exe,file,1,False
/proc/140/exe,file,1,False
/proc/141/exe,file,1,False
/proc/142/exe,file,1,False
/proc/143/exe,file,1,False
/proc/144/exe,file,1,False
/proc/145/exe,file,1,False
/proc/148/exe,file,1,False
/proc/149/exe,file,1,False
/proc/150/exe,file,1,False
/proc/153/exe,file,1,False
/proc/154/exe,file,1,False
/proc/155/exe,file,1,False
/proc/156/exe,file,1,False
/proc/157/exe,file,1,False
/proc/158/exe,file,1,False
/proc/159/exe,file,1,False
/proc/160/exe,file,1,False
/proc/161/exe,file,1,False
/proc/172/exe,file,1,False
/proc/191/exe,file,1,False
/proc/192/exe,file,1,False
/proc/193/exe,file,1,False
/proc/249/exe,file,1,False
/proc/250/exe,file,1,False
/proc/251/exe,file,1,False
/proc/253/exe,file,1,False
/proc/255/exe,file,1,False
/proc/291/exe,file,1,False
/proc/292/exe,file,1,False
/proc/293/exe,file,1,False
/proc/337/exe,file,1,False
/proc/346/exe,file,1,False
/proc/351/exe,file,1,False
/proc/352/exe,file,1,False
/proc/354/exe,file,1,False
/proc/363/exe,file,1,False
/proc/376/exe,file,1,False
/proc/394/exe,file,1,False
/proc/434/exe,file,1,False
/proc/473/exe,file,1,False
/proc/489/exe,file,1,False
/proc/494/exe,file,1,False
/proc/511/exe,file,1,False
/proc/512/exe,file,1,False
/proc/513/exe,file,1,False
/proc/532/exe,file,1,False
/proc/614/exe,file,1,False
/proc/615/exe,file,1,False
/proc/623/exe,file,1,False
/proc/639/exe,file,1,False
/proc/644/exe,file,1,False
/proc/649/exe,file,1,False
/proc/650/exe,file,1,False
/proc/655/exe,file,1,False
/proc/687/exe,file,1,False
/proc/693/exe,file,1,False
/proc/694/exe,file,1,False
/proc/695/exe,file,1,False
/proc/696/exe,file,1,False
/proc/721/exe,file,1,False
/proc/725/exe,file,1,False
/proc/726/exe,file,1,False
/proc/730/exe,file,1,False
/proc/733/exe,file,1,False
/proc/736/exe,file,1,False
/proc/737/exe,file,1,False
/proc/738/exe,file,1,False
/proc/739/exe,file,1,False
/proc/744/exe,file,1,False
/proc/747/exe,file,1,False
/proc/748/exe,file,1,False
/proc/750/exe,file,1,False
/proc/783/exe,file,1,False
/proc/784/exe,file,1,False
/proc/785/exe,file,1,False
/proc/786/exe,file,1,False
/proc/788/exe,file,1,False
/proc/797/exe,file,1,False
/proc/798/exe,file,1,False
/proc/825/exe,file,1,False
/proc/829/exe,file,1,False
/proc/846/exe,file,1,False
/proc/865/exe,file,1,False
/proc/866/exe,file,1,False
/proc/868/exe,file,1,False
/proc/898/exe,file,1,False
/proc/916/exe,file,1,False
/proc/917/exe,file,1,False
/proc/929/exe,file,1,False
/proc/935/exe,file,1,False
/proc/936/exe,file,1,False
/proc/962/exe,file,1,False
/proc/983/exe,file,1,False
/proc/999/exe,file,1,False
/proc/1020/exe,file,1,False
/proc/1037/exe,file,1,False
/proc/1039/exe,file,1,False
/proc/1083/exe,file,1,False
/proc/1087/exe,file,1,False
/proc/1097/exe,file,1,False
/proc/1115/exe,file,1,False
/proc/1231/exe,file,1,False
/proc/1232/exe,file,1,False
/proc/1261/exe,file,1,False
/proc/1288/exe,file,1,False
/proc/1292/exe,file,1,False
/proc/1293/exe,file,1,False
/proc/1294/exe,file,1,False
/proc/1295/exe,file,1,False
/proc/1300/exe,file,1,False
/proc/1307/exe,file,1,False
/proc/1312/exe,file,1,False
/proc/1314/exe,file,1,False
/proc/1317/exe,file,1,False
/proc/1319/exe,file,1,False
/proc/1332/exe,file,1,False
/proc/1333/exe,file,1,False
/proc/1338/exe,file,1,False
/proc/1341/exe,file,1,False
/proc/1345/exe,file,1,False
/proc/1357/exe,file,1,False
/proc/1358/exe,file,1,False
/proc/1362/exe,file,1,False
/proc/1366/exe,file,1,False
/proc/1367/exe,file,1,False
/proc/1371/exe,file,1,False
/proc/1374/exe,file,1,False
/proc/1376/exe,file,1,False
/proc/1379/exe,file,1,False
/proc/1382/exe,file,1,False
/proc/1392/exe,file,1,False
/proc/1393/exe,file,1,False
/proc/1394/exe,file,1,False
/proc/1400/exe,file,1,False
/proc/1401/exe,file,1,False
/proc/1405/exe,file,1,False
/proc/1412/exe,file,1,False
/proc/1416/exe,file,1,False
/proc/1418/exe,file,1,False
/proc/1423/exe,file,1,False
/proc/1443/exe,file,1,False
/proc/1454/exe,file,1,False
/proc/1459/exe,file,1,False
/proc/1493/exe,file,1,False
/proc/1515/exe,file,1,False
/proc/1517/exe,file,1,False
/proc/1518/exe,file,1,False
/proc/1519/exe,file,1,False
/proc/1521/exe,file,1,False
/proc/1522/exe,file,1,False
/proc/1523/exe,file,1,False
