node_name,type,appearance,importance
malware,proc,28,False
uname,file,2,False
Memory Address,mem,491,True
8192*1024 bytes,other,7,False
/proc/self/exe,file,1,False
/prober,file,7,False
sh,proc,174,True
1526,proc,364,True
status:0,other,7,True
ID,other,45,False
.,file,6,False
/usr/local/sbin/sed,file,6,False
/usr/local/bin/sed,file,6,False
/usr/sbin/sed,file,6,False
/usr/bin/sed,file,6,False
/sbin/sed,file,6,False
/bin/sed,file,6,False
sed,proc,207,False
NO_PID,proc,6,False
/sys/fs/selinux,file,6,False
/selinux,file,6,False
/etc/selinux/config,file,6,False
/etc/rc.local,file,6,True
Permission:0700,other,3,True
Permission:022,other,3,True
/etc/sedQUGLbs,file,13,True
status:1,other,2,True
/etc/sedQhw17q,file,13,True
/etc/sedvTqQwq,file,14,True
status:2,other,4,True
/etc/rc.d/rc.local,file,1,True
/etc/init.d/boot.local,file,1,True
Unknown,file,3,True
1527,proc,6822,True
1528,proc,2,True
1529,proc,2,True
/dev/urandom,file,186,True
NIC,net,10,False
23.236.66.13:50050,net,418,True
Sleep Duration,other,336,False
/proc/net/dev,file,4500,True
Timestamp,other,189,False
/sys/devices/system/cpu/online,file,300,True
/proc/stat,file,894,True
NO_SOCKET,net,39,True
