step,src_node,type,deg,edge,dst_node,type,deg,importance
1,malware,proc,9,fcntl64,stdin,file,1,0
2,malware,proc,9,read,uname,file,2,0
3,malware,proc,9,ugetrlimit,8192*1024 bytes,other,1,0
4,malware,proc,9,getpid,ID,other,5,0
5,malware,proc,9,open,/proc/sys/kernel/version,file,2,1
6,malware,proc,9,read,/proc/sys/kernel/version,file,2,0
7,malware,proc,9,brk,Memory Address,mem,5,1
8,malware,proc,9,brk,Memory Address,mem,5,1
9,malware,proc,9,brk,Memory Address,mem,5,1
10,malware,proc,9,readlink,/proc/self/exe,file,1,0
11,malware,proc,9,fork,1522,proc,4,0
12,1522,proc,4,getpid,ID,other,5,0
13,1522,proc,4,ugetrlimit,2044*1024 bytes,other,1,0
14,1522,proc,4,fork,1523,proc,27,0
15,1523,proc,27,getpid,ID,other,5,0
16,1523,proc,27,ugetrlimit,RLIM_INFINITY bytes,other,1,0
17,1523,proc,27,umask,Permission:000,other,1,1
18,1523,proc,27,brk,Memory Address,mem,5,1
19,1523,proc,27,pipe,Pipe 0 : read end from Pipe 1,other,4,0
20,1523,proc,27,pipe,Pipe 1 : write end to Pipe 0,other,5,0
21,1523,proc,27,clone,1524,proc,7,1
22,Pipe 1 : write end to Pipe 0,other,5,write,Pipe 0 : read end from Pipe 1,other,4,1
23,1523,proc,27,write,Pipe 1 : write end to Pipe 0,other,5,1
24,Pipe 1 : write end to Pipe 0,other,5,write,Pipe 0 : read end from Pipe 1,other,4,1
25,1523,proc,27,write,Pipe 1 : write end to Pipe 0,other,5,1
26,1523,proc,27,open,/dev/urandom,file,2,1
27,1523,proc,27,read,/dev/urandom,file,2,0
28,1523,proc,27,open,/dev/urandom,file,2,1
29,1523,proc,27,read,/dev/urandom,file,2,0
30,1523,proc,27,open,/dev/urandom,file,2,1
31,1523,proc,27,read,/dev/urandom,file,2,0
32,1523,proc,27,open,/dev/urandom,file,2,1
33,1523,proc,27,read,/dev/urandom,file,2,0
34,1523,proc,27,open,/dev/urandom,file,2,1
35,1523,proc,27,read,/dev/urandom,file,2,0
36,1523,proc,27,open,/dev/urandom,file,2,1
37,1523,proc,27,read,/dev/urandom,file,2,0
38,1523,proc,27,open,/dev/urandom,file,2,1
39,1523,proc,27,read,/dev/urandom,file,2,0
40,1523,proc,27,open,/dev/urandom,file,2,1
41,1523,proc,27,read,/dev/urandom,file,2,0
42,1523,proc,27,open,/dev/urandom,file,2,1
43,1523,proc,27,read,/dev/urandom,file,2,0
44,1523,proc,27,open,/dev/urandom,file,2,1
45,1523,proc,27,read,/dev/urandom,file,2,0
46,1523,proc,27,open,/dev/urandom,file,2,1
47,1523,proc,27,read,/dev/urandom,file,2,0
48,1523,proc,27,open,/dev/urandom,file,2,1
49,1523,proc,27,read,/dev/urandom,file,2,0
50,1523,proc,27,open,/dev/urandom,file,2,1
51,1523,proc,27,read,/dev/urandom,file,2,0
52,1523,proc,27,open,/dev/urandom,file,2,1
53,1523,proc,27,read,/dev/urandom,file,2,0
54,1523,proc,27,open,/dev/urandom,file,2,1
55,1523,proc,27,read,/dev/urandom,file,2,0
56,1523,proc,27,open,/dev/urandom,file,2,1
57,1523,proc,27,read,/dev/urandom,file,2,0
58,1523,proc,27,open,/dev/urandom,file,2,1
59,1523,proc,27,read,/dev/urandom,file,2,0
60,1523,proc,27,open,/dev/urandom,file,2,1
61,1523,proc,27,read,/dev/urandom,file,2,0
62,1523,proc,27,open,/dev/urandom,file,2,1
63,1523,proc,27,read,/dev/urandom,file,2,0
64,1523,proc,27,open,/dev/urandom,file,2,1
65,1523,proc,27,read,/dev/urandom,file,2,0
66,1523,proc,27,open,/dev/urandom,file,2,1
67,1523,proc,27,read,/dev/urandom,file,2,0
68,1523,proc,27,open,/dev/urandom,file,2,1
69,1523,proc,27,read,/dev/urandom,file,2,0
70,1523,proc,27,open,/dev/urandom,file,2,1
71,1523,proc,27,read,/dev/urandom,file,2,0
72,1523,proc,27,open,/dev/urandom,file,2,1
73,1523,proc,27,read,/dev/urandom,file,2,0
74,1523,proc,27,open,/dev/urandom,file,2,1
75,1523,proc,27,read,/dev/urandom,file,2,0
76,1523,proc,27,open,/dev/urandom,file,2,1
77,1523,proc,27,read,/dev/urandom,file,2,0
78,1523,proc,27,open,/dev/urandom,file,2,1
79,1523,proc,27,read,/dev/urandom,file,2,0
80,1523,proc,27,open,/dev/urandom,file,2,1
81,1523,proc,27,read,/dev/urandom,file,2,0
82,1523,proc,27,open,/dev/urandom,file,2,1
83,1523,proc,27,read,/dev/urandom,file,2,0
84,1523,proc,27,open,/dev/urandom,file,2,1
85,1523,proc,27,read,/dev/urandom,file,2,0
86,1523,proc,27,open,/dev/urandom,file,2,1
87,1523,proc,27,read,/dev/urandom,file,2,0
88,1523,proc,27,open,/dev/urandom,file,2,1
89,1523,proc,27,read,/dev/urandom,file,2,0
90,1523,proc,27,open,/dev/urandom,file,2,1
91,1523,proc,27,read,/dev/urandom,file,2,0
92,1523,proc,27,open,/dev/urandom,file,2,1
93,1523,proc,27,read,/dev/urandom,file,2,0
94,1523,proc,27,open,/dev/urandom,file,2,1
95,1523,proc,27,read,/dev/urandom,file,2,0
96,1523,proc,27,open,/dev/urandom,file,2,1
97,1523,proc,27,read,/dev/urandom,file,2,0
98,1523,proc,27,open,/dev/urandom,file,2,1
99,1523,proc,27,read,/dev/urandom,file,2,0
100,1523,proc,27,open,/dev/urandom,file,2,1
101,1523,proc,27,read,/dev/urandom,file,2,0
102,1523,proc,27,open,/dev/urandom,file,2,1
103,1523,proc,27,read,/dev/urandom,file,2,0
104,1523,proc,27,open,/dev/urandom,file,2,1
105,1523,proc,27,read,/dev/urandom,file,2,0
106,1523,proc,27,open,/dev/urandom,file,2,1
107,1523,proc,27,read,/dev/urandom,file,2,0
108,1523,proc,27,open,/dev/urandom,file,2,1
109,1523,proc,27,read,/dev/urandom,file,2,0
110,1523,proc,27,open,/dev/urandom,file,2,1
111,1523,proc,27,read,/dev/urandom,file,2,0
112,1523,proc,27,open,/dev/urandom,file,2,1
113,1523,proc,27,read,/dev/urandom,file,2,0
114,1523,proc,27,open,/dev/urandom,file,2,1
115,1523,proc,27,read,/dev/urandom,file,2,0
116,1523,proc,27,open,/dev/urandom,file,2,1
117,1523,proc,27,read,/dev/urandom,file,2,0
118,1523,proc,27,open,/dev/urandom,file,2,1
119,1523,proc,27,read,/dev/urandom,file,2,0
120,1523,proc,27,open,/dev/urandom,file,2,1
121,1523,proc,27,read,/dev/urandom,file,2,0
122,1523,proc,27,open,/dev/urandom,file,2,1
123,1523,proc,27,read,/dev/urandom,file,2,0
124,1523,proc,27,open,/dev/urandom,file,2,1
125,1523,proc,27,read,/dev/urandom,file,2,0
126,1523,proc,27,open,/dev/urandom,file,2,1
127,1523,proc,27,read,/dev/urandom,file,2,0
128,1523,proc,27,open,/dev/urandom,file,2,1
129,1523,proc,27,read,/dev/urandom,file,2,0
130,1523,proc,27,open,/dev/urandom,file,2,1
131,1523,proc,27,read,/dev/urandom,file,2,0
132,1523,proc,27,open,/dev/urandom,file,2,1
133,1523,proc,27,read,/dev/urandom,file,2,0
134,1523,proc,27,open,/dev/urandom,file,2,1
135,1523,proc,27,read,/dev/urandom,file,2,0
136,1523,proc,27,open,/dev/urandom,file,2,1
137,1523,proc,27,read,/dev/urandom,file,2,0
138,1523,proc,27,open,/dev/urandom,file,2,1
139,1523,proc,27,read,/dev/urandom,file,2,0
140,1523,proc,27,open,/dev/urandom,file,2,1
141,1523,proc,27,read,/dev/urandom,file,2,0
142,1523,proc,27,open,/dev/urandom,file,2,1
143,1523,proc,27,read,/dev/urandom,file,2,0
144,1523,proc,27,open,/dev/urandom,file,2,1
145,1523,proc,27,read,/dev/urandom,file,2,0
146,1523,proc,27,open,/dev/urandom,file,2,1
147,1523,proc,27,read,/dev/urandom,file,2,0
148,1523,proc,27,open,/dev/urandom,file,2,1
149,1523,proc,27,read,/dev/urandom,file,2,0
150,1523,proc,27,open,/dev/urandom,file,2,1
151,1523,proc,27,read,/dev/urandom,file,2,0
152,1523,proc,27,open,/dev/urandom,file,2,1
153,1523,proc,27,read,/dev/urandom,file,2,0
154,1523,proc,27,open,/dev/urandom,file,2,1
155,1523,proc,27,read,/dev/urandom,file,2,0
156,1523,proc,27,open,/dev/urandom,file,2,1
157,1523,proc,27,read,/dev/urandom,file,2,0
158,1523,proc,27,open,/dev/urandom,file,2,1
159,1523,proc,27,read,/dev/urandom,file,2,0
160,1523,proc,27,open,/dev/urandom,file,2,1
161,1523,proc,27,read,/dev/urandom,file,2,0
162,1523,proc,27,open,/dev/urandom,file,2,1
163,1523,proc,27,read,/dev/urandom,file,2,0
164,1523,proc,27,open,/dev/urandom,file,2,1
165,1523,proc,27,read,/dev/urandom,file,2,0
166,1523,proc,27,open,/dev/urandom,file,2,1
167,1523,proc,27,read,/dev/urandom,file,2,0
168,1523,proc,27,open,/dev/urandom,file,2,1
169,1523,proc,27,read,/dev/urandom,file,2,0
170,1523,proc,27,open,/dev/urandom,file,2,1
171,1523,proc,27,read,/dev/urandom,file,2,0
172,1523,proc,27,open,/dev/urandom,file,2,1
173,1523,proc,27,read,/dev/urandom,file,2,0
174,1523,proc,27,open,/dev/urandom,file,2,1
175,1523,proc,27,read,/dev/urandom,file,2,0
176,1523,proc,27,open,/dev/urandom,file,2,1
177,1523,proc,27,read,/dev/urandom,file,2,0
178,1523,proc,27,open,/dev/urandom,file,2,1
179,1523,proc,27,read,/dev/urandom,file,2,0
180,1523,proc,27,open,/dev/urandom,file,2,1
181,1523,proc,27,read,/dev/urandom,file,2,0
182,1523,proc,27,open,/dev/urandom,file,2,1
183,1523,proc,27,read,/dev/urandom,file,2,0
184,1523,proc,27,open,/dev/urandom,file,2,1
185,1523,proc,27,read,/dev/urandom,file,2,0
186,1523,proc,27,open,/dev/urandom,file,2,1
187,1523,proc,27,read,/dev/urandom,file,2,0
188,1523,proc,27,open,/dev/urandom,file,2,1
189,1523,proc,27,read,/dev/urandom,file,2,0
190,1523,proc,27,open,/dev/urandom,file,2,1
191,1523,proc,27,read,/dev/urandom,file,2,0
192,1523,proc,27,open,/dev/urandom,file,2,1
193,1523,proc,27,read,/dev/urandom,file,2,0
194,1523,proc,27,open,/dev/urandom,file,2,1
195,1523,proc,27,read,/dev/urandom,file,2,0
196,1523,proc,27,open,/dev/urandom,file,2,1
197,1523,proc,27,read,/dev/urandom,file,2,0
198,1523,proc,27,open,/dev/urandom,file,2,1
199,1523,proc,27,read,/dev/urandom,file,2,0
200,1523,proc,27,open,/dev/urandom,file,2,1
201,1523,proc,27,read,/dev/urandom,file,2,0
202,1523,proc,27,open,/dev/urandom,file,2,1
203,1523,proc,27,read,/dev/urandom,file,2,0
204,1523,proc,27,open,/dev/urandom,file,2,1
205,1523,proc,27,read,/dev/urandom,file,2,0
206,1523,proc,27,open,/dev/urandom,file,2,1
207,1523,proc,27,read,/dev/urandom,file,2,0
208,1523,proc,27,open,/dev/urandom,file,2,1
209,1523,proc,27,read,/dev/urandom,file,2,0
210,1523,proc,27,open,/dev/urandom,file,2,1
211,1523,proc,27,read,/dev/urandom,file,2,0
212,1523,proc,27,read,NIC,net,1,0
213,1523,proc,27,read,NIC,net,1,0
214,1523,proc,27,read,NIC,net,1,0
215,1523,proc,27,read,NIC,net,1,0
216,1523,proc,27,read,NIC,net,1,0
217,1523,proc,27,read,NIC,net,1,0
218,1523,proc,27,read,NIC,net,1,0
219,1523,proc,27,read,NIC,net,1,0
220,1523,proc,27,read,NIC,net,1,0
221,1523,proc,27,read,NIC,net,1,0
222,1523,proc,27,fcntl64,Unknown,file,1,0
223,1523,proc,27,fcntl64,Unknown,file,1,0
224,1523,proc,27,connect,156.96.155.251:48080,net,6,1
225,1523,proc,27,fcntl64,156.96.155.251:48080,net,6,0
226,1523,proc,27,read,uname,file,2,0
227,1523,proc,27,open,/proc/cpuinfo,file,6,1
228,1523,proc,27,fstat64,/proc/cpuinfo,file,6,0
229,1523,proc,27,mmap,156.96.155.251:48080,net,6,1
230,1523,proc,27,read,/proc/cpuinfo,file,6,0
231,1523,proc,27,read,/proc/cpuinfo,file,6,0
232,1523,proc,27,read,/proc/cpuinfo,file,6,0
233,1523,proc,27,read,/proc/cpuinfo,file,6,0
234,1523,proc,27,read,/proc/cpuinfo,file,6,0
235,1523,proc,27,munmap,Memory Address,mem,5,1
236,1523,proc,27,read,sysinfo,file,1,0
237,1523,proc,27,send,156.96.155.251:48080,net,6,1
238,1523,proc,27,fstat64,Pipe 1 : write end to Pipe 0,other,5,0
239,1523,proc,27,mmap,156.96.155.251:48080,net,6,1
240,1523,proc,27,nanosleep,Sleep Duration,other,2,0
241,1523,proc,27,fcntl64,156.96.155.251:48080,net,6,0
242,1523,proc,27,fcntl64,156.96.155.251:48080,net,6,0
243,1523,proc,27,connect,156.96.155.251:48080,net,6,1
244,1523,proc,27,fcntl64,156.96.155.251:48080,net,6,0
245,1523,proc,27,read,uname,file,2,0
246,1523,proc,27,open,/proc/cpuinfo,file,6,1
247,1523,proc,27,fstat64,/proc/cpuinfo,file,6,0
248,1523,proc,27,mmap,156.96.155.251:48080,net,6,1
249,1523,proc,27,read,/proc/cpuinfo,file,6,0
250,1523,proc,27,read,/proc/cpuinfo,file,6,0
251,1523,proc,27,read,/proc/cpuinfo,file,6,0
252,1523,proc,27,read,/proc/cpuinfo,file,6,0
253,1523,proc,27,read,/proc/cpuinfo,file,6,0
254,1523,proc,27,munmap,Memory Address,mem,5,1
255,1523,proc,27,read,sysinfo,file,1,0
256,1523,proc,27,send,156.96.155.251:48080,net,6,1
257,1523,proc,27,nanosleep,Sleep Duration,other,2,0
258,1523,proc,27,fcntl64,156.96.155.251:48080,net,6,0
259,1523,proc,27,fcntl64,156.96.155.251:48080,net,6,0
260,1523,proc,27,connect,156.96.155.251:48080,net,6,1
261,1523,proc,27,fcntl64,156.96.155.251:48080,net,6,0
262,1523,proc,27,read,uname,file,2,0
263,1523,proc,27,open,/proc/cpuinfo,file,6,1
264,1523,proc,27,fstat64,/proc/cpuinfo,file,6,0
265,1523,proc,27,mmap,156.96.155.251:48080,net,6,1
266,1523,proc,27,read,/proc/cpuinfo,file,6,0
267,1523,proc,27,read,/proc/cpuinfo,file,6,0
268,1523,proc,27,read,/proc/cpuinfo,file,6,0
269,1523,proc,27,read,/proc/cpuinfo,file,6,0
270,1523,proc,27,read,/proc/cpuinfo,file,6,0
271,1523,proc,27,munmap,Memory Address,mem,5,1
272,1523,proc,27,read,sysinfo,file,1,0
273,1523,proc,27,send,156.96.155.251:48080,net,6,1
274,1523,proc,27,nanosleep,Sleep Duration,other,2,0
275,1523,proc,27,fcntl64,156.96.155.251:48080,net,6,0
276,1523,proc,27,fcntl64,156.96.155.251:48080,net,6,0
277,1523,proc,27,connect,156.96.155.251:48080,net,6,1
278,1523,proc,27,fcntl64,156.96.155.251:48080,net,6,0
279,1523,proc,27,read,uname,file,2,0
280,1523,proc,27,open,/proc/cpuinfo,file,6,1
281,1523,proc,27,fstat64,/proc/cpuinfo,file,6,0
282,1523,proc,27,mmap,156.96.155.251:48080,net,6,1
283,1523,proc,27,read,/proc/cpuinfo,file,6,0
284,1523,proc,27,read,/proc/cpuinfo,file,6,0
285,1523,proc,27,read,/proc/cpuinfo,file,6,0
286,1523,proc,27,read,/proc/cpuinfo,file,6,0
287,1523,proc,27,read,/proc/cpuinfo,file,6,0
288,1523,proc,27,munmap,Memory Address,mem,5,1
289,1523,proc,27,read,sysinfo,file,1,0
290,1523,proc,27,send,156.96.155.251:48080,net,6,1
291,1523,proc,27,nanosleep,Sleep Duration,other,2,0
292,1523,proc,27,fcntl64,156.96.155.251:48080,net,6,0
293,1523,proc,27,fcntl64,156.96.155.251:48080,net,6,0
294,1523,proc,27,connect,156.96.155.251:48080,net,6,1
295,1523,proc,27,fcntl64,156.96.155.251:48080,net,6,0
296,1523,proc,27,read,uname,file,2,0
297,1523,proc,27,open,/proc/cpuinfo,file,6,1
298,1523,proc,27,fstat64,/proc/cpuinfo,file,6,0
299,1523,proc,27,mmap,156.96.155.251:48080,net,6,1
300,1523,proc,27,read,/proc/cpuinfo,file,6,0
301,1523,proc,27,read,/proc/cpuinfo,file,6,0
302,1523,proc,27,read,/proc/cpuinfo,file,6,0
303,1523,proc,27,read,/proc/cpuinfo,file,6,0
304,1523,proc,27,read,/proc/cpuinfo,file,6,0
305,1523,proc,27,munmap,Memory Address,mem,5,1
306,1523,proc,27,read,sysinfo,file,1,0
307,1523,proc,27,send,156.96.155.251:48080,net,6,1
308,1523,proc,27,nanosleep,Sleep Duration,other,2,0
309,1523,proc,27,fcntl64,156.96.155.251:48080,net,6,0
310,1523,proc,27,fcntl64,156.96.155.251:48080,net,6,0
311,1523,proc,27,connect,156.96.155.251:48080,net,6,1
312,1523,proc,27,fcntl64,156.96.155.251:48080,net,6,0
313,1523,proc,27,read,uname,file,2,0
314,1523,proc,27,open,/proc/cpuinfo,file,6,1
315,1523,proc,27,fstat64,/proc/cpuinfo,file,6,0
316,1523,proc,27,mmap,156.96.155.251:48080,net,6,1
317,1523,proc,27,read,/proc/cpuinfo,file,6,0
318,1523,proc,27,read,/proc/cpuinfo,file,6,0
319,1523,proc,27,read,/proc/cpuinfo,file,6,0
320,1523,proc,27,read,/proc/cpuinfo,file,6,0
321,1523,proc,27,read,/proc/cpuinfo,file,6,0
322,1523,proc,27,munmap,Memory Address,mem,5,1
323,1523,proc,27,read,sysinfo,file,1,0
324,1523,proc,27,send,156.96.155.251:48080,net,6,1
325,1523,proc,27,nanosleep,Sleep Duration,other,2,0
326,1523,proc,27,fcntl64,156.96.155.251:48080,net,6,0
327,1523,proc,27,fcntl64,156.96.155.251:48080,net,6,0
328,1523,proc,27,connect,156.96.155.251:48080,net,6,1
329,1523,proc,27,fcntl64,156.96.155.251:48080,net,6,0
330,1523,proc,27,read,uname,file,2,0
331,1523,proc,27,open,/proc/cpuinfo,file,6,1
332,1523,proc,27,fstat64,/proc/cpuinfo,file,6,0
333,1523,proc,27,mmap,156.96.155.251:48080,net,6,1
334,1523,proc,27,read,/proc/cpuinfo,file,6,0
335,1523,proc,27,read,/proc/cpuinfo,file,6,0
336,1523,proc,27,read,/proc/cpuinfo,file,6,0
337,1523,proc,27,read,/proc/cpuinfo,file,6,0
338,1523,proc,27,read,/proc/cpuinfo,file,6,0
339,1523,proc,27,munmap,Memory Address,mem,5,1
340,1523,proc,27,read,sysinfo,file,1,0
341,1523,proc,27,send,156.96.155.251:48080,net,6,1
342,1523,proc,27,nanosleep,Sleep Duration,other,2,0
343,1523,proc,27,fcntl64,156.96.155.251:48080,net,6,0
344,1523,proc,27,fcntl64,156.96.155.251:48080,net,6,0
345,1523,proc,27,connect,156.96.155.251:48080,net,6,1
346,1523,proc,27,fcntl64,156.96.155.251:48080,net,6,0
347,1523,proc,27,read,uname,file,2,0
348,1523,proc,27,open,/proc/cpuinfo,file,6,1
349,1523,proc,27,fstat64,/proc/cpuinfo,file,6,0
350,1523,proc,27,mmap,156.96.155.251:48080,net,6,1
351,1523,proc,27,read,/proc/cpuinfo,file,6,0
352,1523,proc,27,read,/proc/cpuinfo,file,6,0
353,1523,proc,27,read,/proc/cpuinfo,file,6,0
354,1523,proc,27,read,/proc/cpuinfo,file,6,0
355,1523,proc,27,read,/proc/cpuinfo,file,6,0
356,1523,proc,27,munmap,Memory Address,mem,5,1
357,1523,proc,27,read,sysinfo,file,1,0
358,1523,proc,27,send,156.96.155.251:48080,net,6,1
359,1523,proc,27,nanosleep,Sleep Duration,other,2,0
360,1523,proc,27,fcntl64,156.96.155.251:48080,net,6,0
361,1523,proc,27,fcntl64,156.96.155.251:48080,net,6,0
362,1523,proc,27,connect,156.96.155.251:48080,net,6,1
363,1523,proc,27,fcntl64,156.96.155.251:48080,net,6,0
364,1523,proc,27,read,uname,file,2,0
365,1523,proc,27,open,/proc/cpuinfo,file,6,1
366,1523,proc,27,fstat64,/proc/cpuinfo,file,6,0
367,1523,proc,27,mmap,156.96.155.251:48080,net,6,1
368,1523,proc,27,read,/proc/cpuinfo,file,6,0
369,1523,proc,27,read,/proc/cpuinfo,file,6,0
370,1523,proc,27,read,/proc/cpuinfo,file,6,0
371,1523,proc,27,read,/proc/cpuinfo,file,6,0
372,1523,proc,27,read,/proc/cpuinfo,file,6,0
373,1523,proc,27,munmap,Memory Address,mem,5,1
374,1523,proc,27,read,sysinfo,file,1,0
375,1523,proc,27,send,156.96.155.251:48080,net,6,1
376,1523,proc,27,nanosleep,Sleep Duration,other,2,0
377,1523,proc,27,fcntl64,156.96.155.251:48080,net,6,0
378,1523,proc,27,fcntl64,156.96.155.251:48080,net,6,0
379,1523,proc,27,connect,156.96.155.251:48080,net,6,1
380,1523,proc,27,fcntl64,156.96.155.251:48080,net,6,0
381,1523,proc,27,read,uname,file,2,0
382,1523,proc,27,open,/proc/cpuinfo,file,6,1
383,1523,proc,27,fstat64,/proc/cpuinfo,file,6,0
384,1523,proc,27,mmap,156.96.155.251:48080,net,6,1
385,1523,proc,27,read,/proc/cpuinfo,file,6,0
386,1523,proc,27,read,/proc/cpuinfo,file,6,0
387,1523,proc,27,read,/proc/cpuinfo,file,6,0
388,1523,proc,27,read,/proc/cpuinfo,file,6,0
389,1523,proc,27,read,/proc/cpuinfo,file,6,0
390,1523,proc,27,munmap,Memory Address,mem,5,1
391,1523,proc,27,read,sysinfo,file,1,0
392,1523,proc,27,send,156.96.155.251:48080,net,6,1
393,1523,proc,27,nanosleep,Sleep Duration,other,2,0
394,1523,proc,27,fcntl64,156.96.155.251:48080,net,6,0
395,1523,proc,27,fcntl64,156.96.155.251:48080,net,6,0
396,1523,proc,27,connect,156.96.155.251:48080,net,6,1
397,1523,proc,27,fcntl64,156.96.155.251:48080,net,6,0
398,1523,proc,27,read,uname,file,2,0
399,1523,proc,27,open,/proc/cpuinfo,file,6,1
400,1523,proc,27,fstat64,/proc/cpuinfo,file,6,0
401,1523,proc,27,mmap,156.96.155.251:48080,net,6,1
402,1523,proc,27,read,/proc/cpuinfo,file,6,0
403,1523,proc,27,read,/proc/cpuinfo,file,6,0
404,1523,proc,27,read,/proc/cpuinfo,file,6,0
405,1523,proc,27,read,/proc/cpuinfo,file,6,0
406,1523,proc,27,read,/proc/cpuinfo,file,6,0
407,1523,proc,27,munmap,Memory Address,mem,5,1
408,1523,proc,27,read,sysinfo,file,1,0
409,1523,proc,27,send,156.96.155.251:48080,net,6,1
410,1523,proc,27,nanosleep,Sleep Duration,other,2,0
411,1523,proc,27,fcntl64,156.96.155.251:48080,net,6,0
412,1523,proc,27,fcntl64,156.96.155.251:48080,net,6,0
413,1523,proc,27,connect,156.96.155.251:48080,net,6,1
414,1523,proc,27,fcntl64,156.96.155.251:48080,net,6,0
415,1523,proc,27,read,uname,file,2,0
416,1523,proc,27,open,/proc/cpuinfo,file,6,1
417,1523,proc,27,fstat64,/proc/cpuinfo,file,6,0
418,1523,proc,27,mmap,156.96.155.251:48080,net,6,1
419,1523,proc,27,read,/proc/cpuinfo,file,6,0
420,1523,proc,27,read,/proc/cpuinfo,file,6,0
421,1523,proc,27,read,/proc/cpuinfo,file,6,0
422,1523,proc,27,read,/proc/cpuinfo,file,6,0
423,1523,proc,27,read,/proc/cpuinfo,file,6,0
424,1523,proc,27,munmap,Memory Address,mem,5,1
425,1523,proc,27,read,sysinfo,file,1,0
426,1523,proc,27,send,156.96.155.251:48080,net,6,1
427,1523,proc,27,nanosleep,Sleep Duration,other,2,0
428,1523,proc,27,fcntl64,156.96.155.251:48080,net,6,0
429,1523,proc,27,fcntl64,156.96.155.251:48080,net,6,0
430,1523,proc,27,connect,156.96.155.251:48080,net,6,1
431,1523,proc,27,fcntl64,156.96.155.251:48080,net,6,0
432,1523,proc,27,read,uname,file,2,0
433,1523,proc,27,open,/proc/cpuinfo,file,6,1
434,1523,proc,27,fstat64,/proc/cpuinfo,file,6,0
435,1523,proc,27,mmap,156.96.155.251:48080,net,6,1
436,1523,proc,27,read,/proc/cpuinfo,file,6,0
437,1523,proc,27,read,/proc/cpuinfo,file,6,0
438,1523,proc,27,read,/proc/cpuinfo,file,6,0
439,1523,proc,27,read,/proc/cpuinfo,file,6,0
440,1523,proc,27,read,/proc/cpuinfo,file,6,0
441,1523,proc,27,munmap,Memory Address,mem,5,1
442,1523,proc,27,read,sysinfo,file,1,0
443,1523,proc,27,send,156.96.155.251:48080,net,6,1
444,1523,proc,27,nanosleep,Sleep Duration,other,2,0
445,1523,proc,27,fcntl64,156.96.155.251:48080,net,6,0
446,1523,proc,27,fcntl64,156.96.155.251:48080,net,6,0
447,1523,proc,27,connect,156.96.155.251:48080,net,6,1
448,1523,proc,27,fcntl64,156.96.155.251:48080,net,6,0
449,1523,proc,27,read,uname,file,2,0
450,1523,proc,27,open,/proc/cpuinfo,file,6,1
451,1523,proc,27,fstat64,/proc/cpuinfo,file,6,0
452,1523,proc,27,mmap,156.96.155.251:48080,net,6,1
453,1523,proc,27,read,/proc/cpuinfo,file,6,0
454,1523,proc,27,read,/proc/cpuinfo,file,6,0
455,1523,proc,27,read,/proc/cpuinfo,file,6,0
456,1523,proc,27,read,/proc/cpuinfo,file,6,0
457,1523,proc,27,read,/proc/cpuinfo,file,6,0
458,1523,proc,27,munmap,Memory Address,mem,5,1
459,1523,proc,27,read,sysinfo,file,1,0
460,1523,proc,27,send,156.96.155.251:48080,net,6,1
461,1523,proc,27,nanosleep,Sleep Duration,other,2,0
462,1523,proc,27,fcntl64,156.96.155.251:48080,net,6,0
463,1523,proc,27,fcntl64,156.96.155.251:48080,net,6,0
464,1523,proc,27,connect,156.96.155.251:48080,net,6,1
465,1523,proc,27,fcntl64,156.96.155.251:48080,net,6,0
466,1523,proc,27,read,uname,file,2,0
467,1523,proc,27,open,/proc/cpuinfo,file,6,1
468,1523,proc,27,fstat64,/proc/cpuinfo,file,6,0
469,1523,proc,27,mmap,156.96.155.251:48080,net,6,1
470,1523,proc,27,read,/proc/cpuinfo,file,6,0
471,1523,proc,27,read,/proc/cpuinfo,file,6,0
472,1523,proc,27,read,/proc/cpuinfo,file,6,0
473,1523,proc,27,read,/proc/cpuinfo,file,6,0
474,1523,proc,27,read,/proc/cpuinfo,file,6,0
475,1523,proc,27,munmap,Memory Address,mem,5,1
476,1523,proc,27,read,sysinfo,file,1,0
477,1523,proc,27,send,156.96.155.251:48080,net,6,1
478,1523,proc,27,nanosleep,Sleep Duration,other,2,0
479,1523,proc,27,fcntl64,156.96.155.251:48080,net,6,0
480,1523,proc,27,fcntl64,156.96.155.251:48080,net,6,0
481,1523,proc,27,connect,156.96.155.251:48080,net,6,1
482,1523,proc,27,fcntl64,156.96.155.251:48080,net,6,0
483,1523,proc,27,read,uname,file,2,0
484,1523,proc,27,open,/proc/cpuinfo,file,6,1
485,1523,proc,27,fstat64,/proc/cpuinfo,file,6,0
486,1523,proc,27,mmap,156.96.155.251:48080,net,6,1
487,1523,proc,27,read,/proc/cpuinfo,file,6,0
488,1523,proc,27,read,/proc/cpuinfo,file,6,0
489,1523,proc,27,read,/proc/cpuinfo,file,6,0
490,1523,proc,27,read,/proc/cpuinfo,file,6,0
491,1523,proc,27,read,/proc/cpuinfo,file,6,0
492,1523,proc,27,munmap,Memory Address,mem,5,1
493,1523,proc,27,read,sysinfo,file,1,0
494,1523,proc,27,send,156.96.155.251:48080,net,6,1
495,1523,proc,27,nanosleep,Sleep Duration,other,2,0
496,1523,proc,27,fcntl64,156.96.155.251:48080,net,6,0
497,1523,proc,27,fcntl64,156.96.155.251:48080,net,6,0
498,1523,proc,27,connect,156.96.155.251:48080,net,6,1
499,1523,proc,27,fcntl64,156.96.155.251:48080,net,6,0
500,1523,proc,27,read,uname,file,2,0
501,1523,proc,27,open,/proc/cpuinfo,file,6,1
502,1523,proc,27,fstat64,/proc/cpuinfo,file,6,0
503,1523,proc,27,mmap,156.96.155.251:48080,net,6,1
504,1523,proc,27,read,/proc/cpuinfo,file,6,0
505,1523,proc,27,read,/proc/cpuinfo,file,6,0
506,1523,proc,27,read,/proc/cpuinfo,file,6,0
507,1523,proc,27,read,/proc/cpuinfo,file,6,0
508,1523,proc,27,read,/proc/cpuinfo,file,6,0
509,1523,proc,27,munmap,Memory Address,mem,5,1
510,1523,proc,27,read,sysinfo,file,1,0
511,1523,proc,27,send,156.96.155.251:48080,net,6,1
512,1523,proc,27,nanosleep,Sleep Duration,other,2,0
513,1523,proc,27,fcntl64,156.96.155.251:48080,net,6,0
514,1523,proc,27,fcntl64,156.96.155.251:48080,net,6,0
515,1523,proc,27,connect,156.96.155.251:48080,net,6,1
516,1523,proc,27,fcntl64,156.96.155.251:48080,net,6,0
517,1523,proc,27,read,uname,file,2,0
518,1523,proc,27,open,/proc/cpuinfo,file,6,1
519,1523,proc,27,fstat64,/proc/cpuinfo,file,6,0
520,1523,proc,27,mmap,156.96.155.251:48080,net,6,1
521,1523,proc,27,read,/proc/cpuinfo,file,6,0
522,1523,proc,27,read,/proc/cpuinfo,file,6,0
523,1523,proc,27,read,/proc/cpuinfo,file,6,0
524,1523,proc,27,read,/proc/cpuinfo,file,6,0
525,1523,proc,27,read,/proc/cpuinfo,file,6,0
526,1523,proc,27,munmap,Memory Address,mem,5,1
527,1523,proc,27,read,sysinfo,file,1,0
528,1523,proc,27,send,156.96.155.251:48080,net,6,1
529,1523,proc,27,nanosleep,Sleep Duration,other,2,0
530,1523,proc,27,fcntl64,156.96.155.251:48080,net,6,0
531,1523,proc,27,fcntl64,156.96.155.251:48080,net,6,0
532,1523,proc,27,connect,156.96.155.251:48080,net,6,1
533,1523,proc,27,fcntl64,156.96.155.251:48080,net,6,0
534,1523,proc,27,read,uname,file,2,0
535,1523,proc,27,open,/proc/cpuinfo,file,6,1
536,1523,proc,27,fstat64,/proc/cpuinfo,file,6,0
537,1523,proc,27,mmap,156.96.155.251:48080,net,6,1
538,1523,proc,27,read,/proc/cpuinfo,file,6,0
539,1523,proc,27,read,/proc/cpuinfo,file,6,0
540,1523,proc,27,read,/proc/cpuinfo,file,6,0
541,1523,proc,27,read,/proc/cpuinfo,file,6,0
542,1523,proc,27,read,/proc/cpuinfo,file,6,0
543,1523,proc,27,munmap,Memory Address,mem,5,1
544,1523,proc,27,read,sysinfo,file,1,0
545,1523,proc,27,send,156.96.155.251:48080,net,6,1
546,1523,proc,27,nanosleep,Sleep Duration,other,2,0
547,1523,proc,27,fcntl64,156.96.155.251:48080,net,6,0
548,1523,proc,27,fcntl64,156.96.155.251:48080,net,6,0
549,1523,proc,27,connect,156.96.155.251:48080,net,6,1
550,1523,proc,27,fcntl64,156.96.155.251:48080,net,6,0
551,1523,proc,27,read,uname,file,2,0
552,1523,proc,27,open,/proc/cpuinfo,file,6,1
553,1523,proc,27,fstat64,/proc/cpuinfo,file,6,0
554,1523,proc,27,mmap,156.96.155.251:48080,net,6,1
555,1523,proc,27,read,/proc/cpuinfo,file,6,0
556,1523,proc,27,read,/proc/cpuinfo,file,6,0
557,1523,proc,27,read,/proc/cpuinfo,file,6,0
558,1523,proc,27,read,/proc/cpuinfo,file,6,0
559,1523,proc,27,read,/proc/cpuinfo,file,6,0
560,1523,proc,27,munmap,Memory Address,mem,5,1
561,1523,proc,27,read,sysinfo,file,1,0
562,1523,proc,27,send,156.96.155.251:48080,net,6,1
563,1523,proc,27,nanosleep,Sleep Duration,other,2,0
564,1523,proc,27,fcntl64,156.96.155.251:48080,net,6,0
565,1523,proc,27,fcntl64,156.96.155.251:48080,net,6,0
566,1523,proc,27,connect,156.96.155.251:48080,net,6,1
567,1523,proc,27,fcntl64,156.96.155.251:48080,net,6,0
568,1523,proc,27,read,uname,file,2,0
569,1523,proc,27,open,/proc/cpuinfo,file,6,1
570,1523,proc,27,fstat64,/proc/cpuinfo,file,6,0
571,1523,proc,27,mmap,156.96.155.251:48080,net,6,1
572,1523,proc,27,read,/proc/cpuinfo,file,6,0
573,1523,proc,27,read,/proc/cpuinfo,file,6,0
574,1523,proc,27,read,/proc/cpuinfo,file,6,0
575,1523,proc,27,read,/proc/cpuinfo,file,6,0
576,1523,proc,27,read,/proc/cpuinfo,file,6,0
577,1523,proc,27,munmap,Memory Address,mem,5,1
578,1523,proc,27,read,sysinfo,file,1,0
579,1523,proc,27,send,156.96.155.251:48080,net,6,1
580,1523,proc,27,nanosleep,Sleep Duration,other,2,0
581,1523,proc,27,fcntl64,156.96.155.251:48080,net,6,0
582,1523,proc,27,fcntl64,156.96.155.251:48080,net,6,0
583,1523,proc,27,connect,156.96.155.251:48080,net,6,1
584,1523,proc,27,fcntl64,156.96.155.251:48080,net,6,0
585,1523,proc,27,read,uname,file,2,0
586,1523,proc,27,open,/proc/cpuinfo,file,6,1
587,1523,proc,27,fstat64,/proc/cpuinfo,file,6,0
588,1523,proc,27,mmap,156.96.155.251:48080,net,6,1
589,1523,proc,27,read,/proc/cpuinfo,file,6,0
590,1523,proc,27,read,/proc/cpuinfo,file,6,0
591,1523,proc,27,read,/proc/cpuinfo,file,6,0
592,1523,proc,27,read,/proc/cpuinfo,file,6,0
593,1523,proc,27,read,/proc/cpuinfo,file,6,0
594,1523,proc,27,munmap,Memory Address,mem,5,1
595,1523,proc,27,read,sysinfo,file,1,0
596,1523,proc,27,send,156.96.155.251:48080,net,6,1
597,1523,proc,27,nanosleep,Sleep Duration,other,2,0
598,1523,proc,27,fcntl64,156.96.155.251:48080,net,6,0
599,1523,proc,27,fcntl64,156.96.155.251:48080,net,6,0
600,1523,proc,27,connect,156.96.155.251:48080,net,6,1
601,1523,proc,27,fcntl64,156.96.155.251:48080,net,6,0
602,1523,proc,27,read,uname,file,2,0
603,1523,proc,27,open,/proc/cpuinfo,file,6,1
604,1523,proc,27,fstat64,/proc/cpuinfo,file,6,0
605,1523,proc,27,mmap,156.96.155.251:48080,net,6,1
606,1523,proc,27,read,/proc/cpuinfo,file,6,0
607,1523,proc,27,read,/proc/cpuinfo,file,6,0
608,1523,proc,27,read,/proc/cpuinfo,file,6,0
609,1523,proc,27,read,/proc/cpuinfo,file,6,0
610,1523,proc,27,read,/proc/cpuinfo,file,6,0
611,1523,proc,27,munmap,Memory Address,mem,5,1
612,1523,proc,27,read,sysinfo,file,1,0
613,1523,proc,27,send,156.96.155.251:48080,net,6,1
614,1523,proc,27,nanosleep,Sleep Duration,other,2,0
615,1523,proc,27,fcntl64,156.96.155.251:48080,net,6,0
616,1523,proc,27,fcntl64,156.96.155.251:48080,net,6,0
617,1523,proc,27,connect,156.96.155.251:48080,net,6,1
618,1523,proc,27,fcntl64,156.96.155.251:48080,net,6,0
619,1523,proc,27,read,uname,file,2,0
620,1523,proc,27,open,/proc/cpuinfo,file,6,1
621,1523,proc,27,fstat64,/proc/cpuinfo,file,6,0
622,1523,proc,27,mmap,156.96.155.251:48080,net,6,1
623,1523,proc,27,read,/proc/cpuinfo,file,6,0
624,1523,proc,27,read,/proc/cpuinfo,file,6,0
625,1523,proc,27,read,/proc/cpuinfo,file,6,0
626,1523,proc,27,read,/proc/cpuinfo,file,6,0
627,1523,proc,27,read,/proc/cpuinfo,file,6,0
628,1523,proc,27,munmap,Memory Address,mem,5,1
629,1523,proc,27,read,sysinfo,file,1,0
630,1523,proc,27,send,156.96.155.251:48080,net,6,1
631,1523,proc,27,nanosleep,Sleep Duration,other,2,0
632,1523,proc,27,fcntl64,156.96.155.251:48080,net,6,0
633,1523,proc,27,fcntl64,156.96.155.251:48080,net,6,0
634,1523,proc,27,connect,156.96.155.251:48080,net,6,1
635,1523,proc,27,fcntl64,156.96.155.251:48080,net,6,0
636,1523,proc,27,read,uname,file,2,0
637,1523,proc,27,open,/proc/cpuinfo,file,6,1
638,1523,proc,27,fstat64,/proc/cpuinfo,file,6,0
639,1523,proc,27,mmap,156.96.155.251:48080,net,6,1
640,1523,proc,27,read,/proc/cpuinfo,file,6,0
641,1523,proc,27,read,/proc/cpuinfo,file,6,0
642,1523,proc,27,read,/proc/cpuinfo,file,6,0
643,1523,proc,27,read,/proc/cpuinfo,file,6,0
644,1523,proc,27,read,/proc/cpuinfo,file,6,0
645,1523,proc,27,munmap,Memory Address,mem,5,1
646,1523,proc,27,read,sysinfo,file,1,0
647,1523,proc,27,send,156.96.155.251:48080,net,6,1
648,1523,proc,27,nanosleep,Sleep Duration,other,2,0
649,1523,proc,27,fcntl64,156.96.155.251:48080,net,6,0
650,1523,proc,27,fcntl64,156.96.155.251:48080,net,6,0
651,1523,proc,27,connect,156.96.155.251:48080,net,6,1
652,1523,proc,27,fcntl64,156.96.155.251:48080,net,6,0
653,1523,proc,27,read,uname,file,2,0
654,1523,proc,27,open,/proc/cpuinfo,file,6,1
655,1523,proc,27,fstat64,/proc/cpuinfo,file,6,0
656,1523,proc,27,mmap,156.96.155.251:48080,net,6,1
657,1523,proc,27,read,/proc/cpuinfo,file,6,0
658,1523,proc,27,read,/proc/cpuinfo,file,6,0
659,1523,proc,27,read,/proc/cpuinfo,file,6,0
660,1523,proc,27,read,/proc/cpuinfo,file,6,0
661,1523,proc,27,read,/proc/cpuinfo,file,6,0
662,1523,proc,27,munmap,Memory Address,mem,5,1
663,1523,proc,27,read,sysinfo,file,1,0
664,1523,proc,27,send,156.96.155.251:48080,net,6,1
665,1523,proc,27,nanosleep,Sleep Duration,other,2,0
666,1523,proc,27,fcntl64,156.96.155.251:48080,net,6,0
667,1523,proc,27,fcntl64,156.96.155.251:48080,net,6,0
668,1523,proc,27,connect,156.96.155.251:48080,net,6,1
669,1523,proc,27,fcntl64,156.96.155.251:48080,net,6,0
670,1523,proc,27,read,uname,file,2,0
671,1523,proc,27,open,/proc/cpuinfo,file,6,1
672,1523,proc,27,fstat64,/proc/cpuinfo,file,6,0
673,1523,proc,27,mmap,156.96.155.251:48080,net,6,1
674,1523,proc,27,read,/proc/cpuinfo,file,6,0
675,1523,proc,27,read,/proc/cpuinfo,file,6,0
676,1523,proc,27,read,/proc/cpuinfo,file,6,0
677,1523,proc,27,read,/proc/cpuinfo,file,6,0
678,1523,proc,27,read,/proc/cpuinfo,file,6,0
679,1523,proc,27,munmap,Memory Address,mem,5,1
680,1523,proc,27,read,sysinfo,file,1,0
681,1523,proc,27,send,156.96.155.251:48080,net,6,1
682,1523,proc,27,nanosleep,Sleep Duration,other,2,0
683,1523,proc,27,fcntl64,156.96.155.251:48080,net,6,0
684,1523,proc,27,fcntl64,156.96.155.251:48080,net,6,0
685,1523,proc,27,connect,156.96.155.251:48080,net,6,1
686,1523,proc,27,fcntl64,156.96.155.251:48080,net,6,0
687,1523,proc,27,read,uname,file,2,0
688,1523,proc,27,open,/proc/cpuinfo,file,6,1
689,1523,proc,27,fstat64,/proc/cpuinfo,file,6,0
690,1523,proc,27,mmap,156.96.155.251:48080,net,6,1
691,1523,proc,27,read,/proc/cpuinfo,file,6,0
692,1523,proc,27,read,/proc/cpuinfo,file,6,0
693,1523,proc,27,read,/proc/cpuinfo,file,6,0
694,1523,proc,27,read,/proc/cpuinfo,file,6,0
695,1523,proc,27,read,/proc/cpuinfo,file,6,0
696,1523,proc,27,munmap,Memory Address,mem,5,1
697,1523,proc,27,read,sysinfo,file,1,0
698,1523,proc,27,send,156.96.155.251:48080,net,6,1
699,1523,proc,27,nanosleep,Sleep Duration,other,2,0
700,1523,proc,27,fcntl64,156.96.155.251:48080,net,6,0
701,1523,proc,27,fcntl64,156.96.155.251:48080,net,6,0
702,1523,proc,27,connect,156.96.155.251:48080,net,6,1
703,1523,proc,27,fcntl64,156.96.155.251:48080,net,6,0
704,1523,proc,27,read,uname,file,2,0
705,1523,proc,27,open,/proc/cpuinfo,file,6,1
706,1523,proc,27,fstat64,/proc/cpuinfo,file,6,0
707,1523,proc,27,mmap,156.96.155.251:48080,net,6,1
708,1523,proc,27,read,/proc/cpuinfo,file,6,0
709,1523,proc,27,read,/proc/cpuinfo,file,6,0
710,1523,proc,27,read,/proc/cpuinfo,file,6,0
711,1523,proc,27,read,/proc/cpuinfo,file,6,0
712,1523,proc,27,read,/proc/cpuinfo,file,6,0
713,1523,proc,27,munmap,Memory Address,mem,5,1
714,1523,proc,27,read,sysinfo,file,1,0
715,1523,proc,27,send,156.96.155.251:48080,net,6,1
716,1523,proc,27,nanosleep,Sleep Duration,other,2,0
717,1523,proc,27,fcntl64,156.96.155.251:48080,net,6,0
718,1523,proc,27,fcntl64,156.96.155.251:48080,net,6,0
719,1523,proc,27,connect,156.96.155.251:48080,net,6,1
720,1523,proc,27,fcntl64,156.96.155.251:48080,net,6,0
721,1523,proc,27,read,uname,file,2,0
722,1523,proc,27,open,/proc/cpuinfo,file,6,1
723,1523,proc,27,fstat64,/proc/cpuinfo,file,6,0
724,1523,proc,27,mmap,156.96.155.251:48080,net,6,1
725,1523,proc,27,read,/proc/cpuinfo,file,6,0
726,1523,proc,27,read,/proc/cpuinfo,file,6,0
727,1523,proc,27,read,/proc/cpuinfo,file,6,0
728,1523,proc,27,read,/proc/cpuinfo,file,6,0
729,1523,proc,27,read,/proc/cpuinfo,file,6,0
730,1523,proc,27,munmap,Memory Address,mem,5,1
731,1523,proc,27,read,sysinfo,file,1,0
732,1523,proc,27,send,156.96.155.251:48080,net,6,1
733,1523,proc,27,nanosleep,Sleep Duration,other,2,0
734,1523,proc,27,fcntl64,156.96.155.251:48080,net,6,0
735,1523,proc,27,fcntl64,156.96.155.251:48080,net,6,0
736,1523,proc,27,connect,156.96.155.251:48080,net,6,1
737,1523,proc,27,fcntl64,156.96.155.251:48080,net,6,0
738,1523,proc,27,read,uname,file,2,0
739,1523,proc,27,open,/proc/cpuinfo,file,6,1
740,1523,proc,27,fstat64,/proc/cpuinfo,file,6,0
741,1523,proc,27,mmap,156.96.155.251:48080,net,6,1
742,1523,proc,27,read,/proc/cpuinfo,file,6,0
743,1523,proc,27,read,/proc/cpuinfo,file,6,0
744,1523,proc,27,read,/proc/cpuinfo,file,6,0
745,1523,proc,27,read,/proc/cpuinfo,file,6,0
746,1523,proc,27,read,/proc/cpuinfo,file,6,0
747,1523,proc,27,munmap,Memory Address,mem,5,1
748,1523,proc,27,read,sysinfo,file,1,0
749,1523,proc,27,send,156.96.155.251:48080,net,6,1
750,1523,proc,27,nanosleep,Sleep Duration,other,2,0
751,1523,proc,27,fcntl64,156.96.155.251:48080,net,6,0
752,1523,proc,27,fcntl64,156.96.155.251:48080,net,6,0
753,1523,proc,27,connect,156.96.155.251:48080,net,6,1
754,1523,proc,27,fcntl64,156.96.155.251:48080,net,6,0
755,1523,proc,27,read,uname,file,2,0
756,1523,proc,27,open,/proc/cpuinfo,file,6,1
757,1523,proc,27,fstat64,/proc/cpuinfo,file,6,0
758,1523,proc,27,mmap,156.96.155.251:48080,net,6,1
759,1523,proc,27,read,/proc/cpuinfo,file,6,0
760,1523,proc,27,read,/proc/cpuinfo,file,6,0
761,1523,proc,27,read,/proc/cpuinfo,file,6,0
762,1523,proc,27,read,/proc/cpuinfo,file,6,0
763,1523,proc,27,read,/proc/cpuinfo,file,6,0
764,1523,proc,27,munmap,Memory Address,mem,5,1
765,1523,proc,27,read,sysinfo,file,1,0
766,1523,proc,27,send,156.96.155.251:48080,net,6,1
767,1523,proc,27,nanosleep,Sleep Duration,other,2,0
768,1523,proc,27,fcntl64,156.96.155.251:48080,net,6,0
769,1523,proc,27,fcntl64,156.96.155.251:48080,net,6,0
770,1523,proc,27,connect,156.96.155.251:48080,net,6,1
771,1523,proc,27,fcntl64,156.96.155.251:48080,net,6,0
772,1523,proc,27,read,uname,file,2,0
773,1523,proc,27,open,/proc/cpuinfo,file,6,1
774,1523,proc,27,fstat64,/proc/cpuinfo,file,6,0
775,1523,proc,27,mmap,156.96.155.251:48080,net,6,1
776,1523,proc,27,read,/proc/cpuinfo,file,6,0
777,1523,proc,27,read,/proc/cpuinfo,file,6,0
778,1523,proc,27,read,/proc/cpuinfo,file,6,0
779,1523,proc,27,read,/proc/cpuinfo,file,6,0
780,1523,proc,27,read,/proc/cpuinfo,file,6,0
781,1523,proc,27,munmap,Memory Address,mem,5,1
782,1523,proc,27,read,sysinfo,file,1,0
783,1523,proc,27,send,156.96.155.251:48080,net,6,1
784,1523,proc,27,nanosleep,Sleep Duration,other,2,0
785,1523,proc,27,fcntl64,156.96.155.251:48080,net,6,0
786,1523,proc,27,fcntl64,156.96.155.251:48080,net,6,0
787,1523,proc,27,connect,156.96.155.251:48080,net,6,1
788,1523,proc,27,fcntl64,156.96.155.251:48080,net,6,0
789,1523,proc,27,read,uname,file,2,0
790,1523,proc,27,open,/proc/cpuinfo,file,6,1
791,1523,proc,27,fstat64,/proc/cpuinfo,file,6,0
792,1523,proc,27,mmap,156.96.155.251:48080,net,6,1
793,1523,proc,27,read,/proc/cpuinfo,file,6,0
794,1523,proc,27,read,/proc/cpuinfo,file,6,0
795,1523,proc,27,read,/proc/cpuinfo,file,6,0
796,1523,proc,27,read,/proc/cpuinfo,file,6,0
797,1523,proc,27,read,/proc/cpuinfo,file,6,0
798,1523,proc,27,munmap,Memory Address,mem,5,1
799,1523,proc,27,read,sysinfo,file,1,0
800,1523,proc,27,send,156.96.155.251:48080,net,6,1
801,1523,proc,27,nanosleep,Sleep Duration,other,2,0
802,1523,proc,27,fcntl64,156.96.155.251:48080,net,6,0
803,1523,proc,27,fcntl64,156.96.155.251:48080,net,6,0
804,1523,proc,27,connect,156.96.155.251:48080,net,6,1
805,1523,proc,27,fcntl64,156.96.155.251:48080,net,6,0
806,1523,proc,27,read,uname,file,2,0
807,1523,proc,27,open,/proc/cpuinfo,file,6,1
808,1523,proc,27,fstat64,/proc/cpuinfo,file,6,0
809,1523,proc,27,mmap,156.96.155.251:48080,net,6,1
810,1523,proc,27,read,/proc/cpuinfo,file,6,0
811,1523,proc,27,read,/proc/cpuinfo,file,6,0
812,1523,proc,27,read,/proc/cpuinfo,file,6,0
813,1523,proc,27,read,/proc/cpuinfo,file,6,0
814,1523,proc,27,read,/proc/cpuinfo,file,6,0
815,1523,proc,27,munmap,Memory Address,mem,5,1
816,1523,proc,27,read,sysinfo,file,1,0
817,1523,proc,27,send,156.96.155.251:48080,net,6,1
818,1523,proc,27,nanosleep,Sleep Duration,other,2,0
819,1523,proc,27,fcntl64,156.96.155.251:48080,net,6,0
820,1523,proc,27,fcntl64,156.96.155.251:48080,net,6,0
821,1523,proc,27,connect,156.96.155.251:48080,net,6,1
822,1523,proc,27,fcntl64,156.96.155.251:48080,net,6,0
823,1523,proc,27,read,uname,file,2,0
824,1523,proc,27,open,/proc/cpuinfo,file,6,1
825,1523,proc,27,fstat64,/proc/cpuinfo,file,6,0
826,1523,proc,27,mmap,156.96.155.251:48080,net,6,1
827,1523,proc,27,read,/proc/cpuinfo,file,6,0
828,1523,proc,27,read,/proc/cpuinfo,file,6,0
829,1523,proc,27,read,/proc/cpuinfo,file,6,0
830,1523,proc,27,read,/proc/cpuinfo,file,6,0
831,1523,proc,27,read,/proc/cpuinfo,file,6,0
832,1523,proc,27,munmap,Memory Address,mem,5,1
833,1523,proc,27,read,sysinfo,file,1,0
834,1523,proc,27,send,156.96.155.251:48080,net,6,1
835,1523,proc,27,nanosleep,Sleep Duration,other,2,0
836,1523,proc,27,fcntl64,156.96.155.251:48080,net,6,0
837,1523,proc,27,fcntl64,156.96.155.251:48080,net,6,0
838,1523,proc,27,connect,156.96.155.251:48080,net,6,1
839,1523,proc,27,fcntl64,156.96.155.251:48080,net,6,0
840,1523,proc,27,read,uname,file,2,0
841,1523,proc,27,open,/proc/cpuinfo,file,6,1
842,1523,proc,27,fstat64,/proc/cpuinfo,file,6,0
843,1523,proc,27,mmap,156.96.155.251:48080,net,6,1
844,1523,proc,27,read,/proc/cpuinfo,file,6,0
845,1523,proc,27,read,/proc/cpuinfo,file,6,0
846,1523,proc,27,read,/proc/cpuinfo,file,6,0
847,1523,proc,27,read,/proc/cpuinfo,file,6,0
848,1523,proc,27,read,/proc/cpuinfo,file,6,0
849,1523,proc,27,munmap,Memory Address,mem,5,1
850,1523,proc,27,read,sysinfo,file,1,0
851,1523,proc,27,send,156.96.155.251:48080,net,6,1
852,1523,proc,27,nanosleep,Sleep Duration,other,2,0
853,1523,proc,27,fcntl64,156.96.155.251:48080,net,6,0
854,1523,proc,27,fcntl64,156.96.155.251:48080,net,6,0
855,1523,proc,27,connect,156.96.155.251:48080,net,6,1
856,1523,proc,27,fcntl64,156.96.155.251:48080,net,6,0
857,1523,proc,27,read,uname,file,2,0
858,1523,proc,27,open,/proc/cpuinfo,file,6,1
859,1523,proc,27,fstat64,/proc/cpuinfo,file,6,0
860,1523,proc,27,mmap,156.96.155.251:48080,net,6,1
861,1523,proc,27,read,/proc/cpuinfo,file,6,0
862,1523,proc,27,read,/proc/cpuinfo,file,6,0
863,1523,proc,27,read,/proc/cpuinfo,file,6,0
864,1523,proc,27,read,/proc/cpuinfo,file,6,0
865,1523,proc,27,read,/proc/cpuinfo,file,6,0
866,1523,proc,27,munmap,Memory Address,mem,5,1
867,1523,proc,27,read,sysinfo,file,1,0
868,1523,proc,27,send,156.96.155.251:48080,net,6,1
869,Pipe 0 : read end from Pipe 1,other,4,read,Pipe 1 : write end to Pipe 0,other,5,0
870,1524,proc,7,read,Pipe 0 : read end from Pipe 1,other,4,0
871,1524,proc,7,getppid,ID,other,5,0
872,Pipe 0 : read end from Pipe 1,other,4,read,Pipe 1 : write end to Pipe 0,other,5,0
873,1524,proc,7,read,Pipe 0 : read end from Pipe 1,other,4,0
874,1524,proc,7,mmap,156.96.155.251:48080,net,6,1
875,1524,proc,7,mprotect,Memory Address,mem,5,1
876,1524,proc,7,clone,1525,proc,18,1
877,1524,proc,7,kill,1523,proc,27,0
878,1524,proc,7,getppid,ID,other,5,0
879,1524,proc,7,getppid,ID,other,5,0
880,1524,proc,7,getppid,ID,other,5,0
881,1524,proc,7,getppid,ID,other,5,0
882,1524,proc,7,getppid,ID,other,5,0
883,1524,proc,7,getppid,ID,other,5,0
884,1524,proc,7,getppid,ID,other,5,0
885,1524,proc,7,getppid,ID,other,5,0
886,1524,proc,7,getppid,ID,other,5,0
887,1524,proc,7,getppid,ID,other,5,0
888,1524,proc,7,getppid,ID,other,5,0
889,1524,proc,7,getppid,ID,other,5,0
890,1524,proc,7,getppid,ID,other,5,0
891,1524,proc,7,getppid,ID,other,5,0
892,1524,proc,7,getppid,ID,other,5,0
893,1524,proc,7,getppid,ID,other,5,0
894,1524,proc,7,getppid,ID,other,5,0
895,1524,proc,7,getppid,ID,other,5,0
896,1524,proc,7,getppid,ID,other,5,0
897,1524,proc,7,getppid,ID,other,5,0
898,1524,proc,7,getppid,ID,other,5,0
899,1524,proc,7,getppid,ID,other,5,0
900,1524,proc,7,getppid,ID,other,5,0
901,1524,proc,7,getppid,ID,other,5,0
902,1524,proc,7,getppid,ID,other,5,0
903,1524,proc,7,getppid,ID,other,5,0
904,1524,proc,7,getppid,ID,other,5,0
905,1524,proc,7,getppid,ID,other,5,0
906,1524,proc,7,getppid,ID,other,5,0
907,1524,proc,7,getppid,ID,other,5,0
908,1524,proc,7,getppid,ID,other,5,0
909,1524,proc,7,getppid,ID,other,5,0
910,1524,proc,7,getppid,ID,other,5,0
911,1524,proc,7,getppid,ID,other,5,0
912,1524,proc,7,getppid,ID,other,5,0
913,1524,proc,7,getppid,ID,other,5,0
914,1524,proc,7,getppid,ID,other,5,0
915,1524,proc,7,getppid,ID,other,5,0
916,1524,proc,7,getppid,ID,other,5,0
917,1524,proc,7,getppid,ID,other,5,0
918,1524,proc,7,getppid,ID,other,5,0
919,1524,proc,7,getppid,ID,other,5,0
920,1524,proc,7,getppid,ID,other,5,0
921,1524,proc,7,getppid,ID,other,5,0
922,1524,proc,7,getppid,ID,other,5,0
923,1524,proc,7,getppid,ID,other,5,0
924,1524,proc,7,getppid,ID,other,5,0
925,1524,proc,7,getppid,ID,other,5,0
926,1524,proc,7,getppid,ID,other,5,0
927,1524,proc,7,getppid,ID,other,5,0
928,1524,proc,7,getppid,ID,other,5,0
929,1524,proc,7,getppid,ID,other,5,0
930,1524,proc,7,getppid,ID,other,5,0
931,1524,proc,7,getppid,ID,other,5,0
932,1524,proc,7,getppid,ID,other,5,0
933,1524,proc,7,getppid,ID,other,5,0
934,1524,proc,7,getppid,ID,other,5,0
935,1524,proc,7,getppid,ID,other,5,0
936,1524,proc,7,getppid,ID,other,5,0
937,1524,proc,7,getppid,ID,other,5,0
938,1524,proc,7,getppid,ID,other,5,0
939,1524,proc,7,getppid,ID,other,5,0
940,1524,proc,7,getppid,ID,other,5,0
941,1524,proc,7,getppid,ID,other,5,0
942,1524,proc,7,getppid,ID,other,5,0
943,1524,proc,7,getppid,ID,other,5,0
944,1524,proc,7,getppid,ID,other,5,0
945,1524,proc,7,getppid,ID,other,5,0
946,1524,proc,7,getppid,ID,other,5,0
947,1524,proc,7,getppid,ID,other,5,0
948,1524,proc,7,getppid,ID,other,5,0
949,1524,proc,7,getppid,ID,other,5,0
950,1524,proc,7,getppid,ID,other,5,0
951,1524,proc,7,getppid,ID,other,5,0
952,1524,proc,7,getppid,ID,other,5,0
953,1524,proc,7,getppid,ID,other,5,0
954,1524,proc,7,getppid,ID,other,5,0
955,1524,proc,7,getppid,ID,other,5,0
956,1524,proc,7,getppid,ID,other,5,0
957,1524,proc,7,getppid,ID,other,5,0
958,1524,proc,7,getppid,ID,other,5,0
959,1524,proc,7,getppid,ID,other,5,0
960,1524,proc,7,getppid,ID,other,5,0
961,1524,proc,7,getppid,ID,other,5,0
962,1524,proc,7,getppid,ID,other,5,0
963,1524,proc,7,getppid,ID,other,5,0
964,1524,proc,7,getppid,ID,other,5,0
965,1524,proc,7,getppid,ID,other,5,0
966,1524,proc,7,getppid,ID,other,5,0
967,1524,proc,7,getppid,ID,other,5,0
968,1524,proc,7,getppid,ID,other,5,0
969,1524,proc,7,getppid,ID,other,5,0
970,1524,proc,7,getppid,ID,other,5,0
971,1524,proc,7,getppid,ID,other,5,0
972,1524,proc,7,getppid,ID,other,5,0
973,1524,proc,7,getppid,ID,other,5,0
974,1524,proc,7,getppid,ID,other,5,0
975,1524,proc,7,getppid,ID,other,5,0
976,1524,proc,7,getppid,ID,other,5,0
977,1524,proc,7,getppid,ID,other,5,0
978,1524,proc,7,getppid,ID,other,5,0
979,1524,proc,7,getppid,ID,other,5,0
980,1524,proc,7,getppid,ID,other,5,0
981,1524,proc,7,getppid,ID,other,5,0
982,1524,proc,7,getppid,ID,other,5,0
983,1524,proc,7,getppid,ID,other,5,0
984,1524,proc,7,getppid,ID,other,5,0
985,1524,proc,7,getppid,ID,other,5,0
986,1524,proc,7,getppid,ID,other,5,0
987,1524,proc,7,getppid,ID,other,5,0
988,1524,proc,7,getppid,ID,other,5,0
989,1524,proc,7,getppid,ID,other,5,0
990,1524,proc,7,getppid,ID,other,5,0
991,1524,proc,7,getppid,ID,other,5,0
992,1524,proc,7,getppid,ID,other,5,0
993,1524,proc,7,getppid,ID,other,5,0
994,1524,proc,7,getppid,ID,other,5,0
995,1524,proc,7,getppid,ID,other,5,0
996,1524,proc,7,getppid,ID,other,5,0
997,1524,proc,7,getppid,ID,other,5,0
998,1524,proc,7,getppid,ID,other,5,0
999,1524,proc,7,getppid,ID,other,5,0
1000,1524,proc,7,getppid,ID,other,5,0
1001,1524,proc,7,getppid,ID,other,5,0
1002,1524,proc,7,getppid,ID,other,5,0
1003,1524,proc,7,getppid,ID,other,5,0
1004,1524,proc,7,getppid,ID,other,5,0
1005,1524,proc,7,getppid,ID,other,5,0
1006,1524,proc,7,getppid,ID,other,5,0
1007,1524,proc,7,getppid,ID,other,5,0
1008,1524,proc,7,getppid,ID,other,5,0
1009,1524,proc,7,getppid,ID,other,5,0
1010,1524,proc,7,getppid,ID,other,5,0
1011,1524,proc,7,getppid,ID,other,5,0
1012,1524,proc,7,getppid,ID,other,5,0
1013,1524,proc,7,getppid,ID,other,5,0
1014,1524,proc,7,getppid,ID,other,5,0
1015,1524,proc,7,getppid,ID,other,5,0
1016,1524,proc,7,getppid,ID,other,5,0
1017,1524,proc,7,getppid,ID,other,5,0
1018,1524,proc,7,getppid,ID,other,5,0
1019,1524,proc,7,getppid,ID,other,5,0
1020,1524,proc,7,getppid,ID,other,5,0
1021,1524,proc,7,getppid,ID,other,5,0
1022,1524,proc,7,getppid,ID,other,5,0
1023,1524,proc,7,getppid,ID,other,5,0
1024,1524,proc,7,getppid,ID,other,5,0
1025,1524,proc,7,getppid,ID,other,5,0
1026,1524,proc,7,getppid,ID,other,5,0
1027,1525,proc,18,getpid,ID,other,5,0
1028,1525,proc,18,open,/proc/net/dev,file,3,1
1029,1525,proc,18,lseek,/proc/net/dev,file,3,0
1030,1525,proc,18,read,/proc/net/dev,file,3,0
1031,1525,proc,18,open,/proc/net/dev,file,3,1
1032,1525,proc,18,lseek,/proc/net/dev,file,3,0
1033,1525,proc,18,read,/proc/net/dev,file,3,0
1034,1525,proc,18,open,/proc/net/dev,file,3,1
1035,1525,proc,18,lseek,/proc/net/dev,file,3,0
1036,1525,proc,18,read,/proc/net/dev,file,3,0
1037,1525,proc,18,open,/proc/net/dev,file,3,1
1038,1525,proc,18,lseek,/proc/net/dev,file,3,0
1039,1525,proc,18,read,/proc/net/dev,file,3,0
1040,1525,proc,18,open,/proc/net/dev,file,3,1
1041,1525,proc,18,lseek,/proc/net/dev,file,3,0
1042,1525,proc,18,read,/proc/net/dev,file,3,0
1043,1525,proc,18,open,/proc/net/dev,file,3,1
1044,1525,proc,18,lseek,/proc/net/dev,file,3,0
1045,1525,proc,18,read,/proc/net/dev,file,3,0
1046,1525,proc,18,open,/proc/net/dev,file,3,1
1047,1525,proc,18,lseek,/proc/net/dev,file,3,0
1048,1525,proc,18,read,/proc/net/dev,file,3,0
1049,1525,proc,18,open,/proc/net/dev,file,3,1
1050,1525,proc,18,lseek,/proc/net/dev,file,3,0
1051,1525,proc,18,read,/proc/net/dev,file,3,0
1052,1525,proc,18,open,/proc/net/dev,file,3,1
1053,1525,proc,18,lseek,/proc/net/dev,file,3,0
1054,1525,proc,18,read,/proc/net/dev,file,3,0
1055,1525,proc,18,open,/proc/net/dev,file,3,1
1056,1525,proc,18,lseek,/proc/net/dev,file,3,0
1057,1525,proc,18,read,/proc/net/dev,file,3,0
1058,1525,proc,18,open,/etc/mtab,file,3,1
1059,1525,proc,18,fstat64,/etc/mtab,file,3,0
1060,1525,proc,18,mmap,156.96.155.251:48080,net,6,1
1061,1525,proc,18,read,/etc/mtab,file,3,0
1062,1525,proc,18,munmap,Memory Address,mem,5,1
1063,1525,proc,18,open,/proc/cpuinfo,file,6,1
1064,1525,proc,18,fstat64,/proc/cpuinfo,file,6,0
1065,1525,proc,18,mmap,156.96.155.251:48080,net,6,1
1066,1525,proc,18,read,/proc/cpuinfo,file,6,0
1067,1525,proc,18,read,/proc/cpuinfo,file,6,0
1068,1525,proc,18,read,/proc/cpuinfo,file,6,0
1069,1525,proc,18,read,/proc/cpuinfo,file,6,0
1070,1525,proc,18,read,/proc/cpuinfo,file,6,0
1071,1525,proc,18,munmap,Memory Address,mem,5,1
1072,1525,proc,18,nanosleep,Sleep Duration,other,2,0
1073,1525,proc,18,open,/proc/stat,file,3,1
1074,1525,proc,18,fstat64,/proc/stat,file,3,0
1075,1525,proc,18,mmap,156.96.155.251:48080,net,6,1
1076,1525,proc,18,read,/proc/stat,file,3,0
1077,1525,proc,18,munmap,Memory Address,mem,5,1
1078,1525,proc,18,nanosleep,Sleep Duration,other,2,0
1079,1525,proc,18,open,/proc/stat,file,3,1
1080,1525,proc,18,fstat64,/proc/stat,file,3,0
1081,1525,proc,18,mmap,156.96.155.251:48080,net,6,1
1082,1525,proc,18,read,/proc/stat,file,3,0
1083,1525,proc,18,munmap,Memory Address,mem,5,1
1084,1525,proc,18,kill,1523,proc,27,0
1085,1525,proc,18,nanosleep,Sleep Duration,other,2,0
1086,1525,proc,18,nanosleep,Sleep Duration,other,2,0
1087,1525,proc,18,nanosleep,Sleep Duration,other,2,0
1088,1525,proc,18,nanosleep,Sleep Duration,other,2,0
1089,1525,proc,18,nanosleep,Sleep Duration,other,2,0
1090,1525,proc,18,nanosleep,Sleep Duration,other,2,0
1091,1525,proc,18,nanosleep,Sleep Duration,other,2,0
1092,1525,proc,18,nanosleep,Sleep Duration,other,2,0
1093,1525,proc,18,nanosleep,Sleep Duration,other,2,0
1094,1525,proc,18,nanosleep,Sleep Duration,other,2,0
1095,1525,proc,18,nanosleep,Sleep Duration,other,2,0
1096,1525,proc,18,nanosleep,Sleep Duration,other,2,0
1097,1525,proc,18,nanosleep,Sleep Duration,other,2,0
1098,1525,proc,18,nanosleep,Sleep Duration,other,2,0
1099,1525,proc,18,nanosleep,Sleep Duration,other,2,0
1100,1525,proc,18,nanosleep,Sleep Duration,other,2,0
1101,1525,proc,18,nanosleep,Sleep Duration,other,2,0
1102,1525,proc,18,nanosleep,Sleep Duration,other,2,0
1103,1525,proc,18,nanosleep,Sleep Duration,other,2,0
1104,1525,proc,18,nanosleep,Sleep Duration,other,2,0
1105,1525,proc,18,nanosleep,Sleep Duration,other,2,0
1106,1525,proc,18,nanosleep,Sleep Duration,other,2,0
1107,1525,proc,18,nanosleep,Sleep Duration,other,2,0
1108,1525,proc,18,nanosleep,Sleep Duration,other,2,0
1109,1525,proc,18,nanosleep,Sleep Duration,other,2,0
1110,1525,proc,18,nanosleep,Sleep Duration,other,2,0
1111,1525,proc,18,nanosleep,Sleep Duration,other,2,0
1112,1525,proc,18,nanosleep,Sleep Duration,other,2,0
1113,1525,proc,18,nanosleep,Sleep Duration,other,2,0
1114,1525,proc,18,nanosleep,Sleep Duration,other,2,0
1115,1525,proc,18,nanosleep,Sleep Duration,other,2,0
1116,1525,proc,18,nanosleep,Sleep Duration,other,2,0
1117,1525,proc,18,nanosleep,Sleep Duration,other,2,0
1118,1525,proc,18,nanosleep,Sleep Duration,other,2,0
1119,1525,proc,18,nanosleep,Sleep Duration,other,2,0
1120,1525,proc,18,nanosleep,Sleep Duration,other,2,0
1121,1525,proc,18,nanosleep,Sleep Duration,other,2,0
1122,1525,proc,18,nanosleep,Sleep Duration,other,2,0
1123,1525,proc,18,nanosleep,Sleep Duration,other,2,0
1124,1525,proc,18,nanosleep,Sleep Duration,other,2,0
1125,1525,proc,18,nanosleep,Sleep Duration,other,2,0
1126,1525,proc,18,nanosleep,Sleep Duration,other,2,0
1127,1525,proc,18,nanosleep,Sleep Duration,other,2,0
1128,1525,proc,18,nanosleep,Sleep Duration,other,2,0
1129,1525,proc,18,nanosleep,Sleep Duration,other,2,0
1130,1525,proc,18,nanosleep,Sleep Duration,other,2,0
1131,1525,proc,18,nanosleep,Sleep Duration,other,2,0
1132,1525,proc,18,nanosleep,Sleep Duration,other,2,0
1133,1525,proc,18,nanosleep,Sleep Duration,other,2,0
1134,1525,proc,18,nanosleep,Sleep Duration,other,2,0
1135,1525,proc,18,nanosleep,Sleep Duration,other,2,0
1136,1525,proc,18,nanosleep,Sleep Duration,other,2,0
1137,1525,proc,18,nanosleep,Sleep Duration,other,2,0
1138,1525,proc,18,nanosleep,Sleep Duration,other,2,0
1139,1525,proc,18,nanosleep,Sleep Duration,other,2,0
1140,1525,proc,18,nanosleep,Sleep Duration,other,2,0
1141,1525,proc,18,nanosleep,Sleep Duration,other,2,0
1142,1525,proc,18,nanosleep,Sleep Duration,other,2,0
1143,1525,proc,18,nanosleep,Sleep Duration,other,2,0
1144,1525,proc,18,nanosleep,Sleep Duration,other,2,0
1145,1525,proc,18,nanosleep,Sleep Duration,other,2,0
1146,1525,proc,18,nanosleep,Sleep Duration,other,2,0
1147,1525,proc,18,nanosleep,Sleep Duration,other,2,0
1148,1525,proc,18,nanosleep,Sleep Duration,other,2,0
1149,1525,proc,18,nanosleep,Sleep Duration,other,2,0
1150,1525,proc,18,nanosleep,Sleep Duration,other,2,0
1151,1525,proc,18,nanosleep,Sleep Duration,other,2,0
1152,1525,proc,18,nanosleep,Sleep Duration,other,2,0
1153,1525,proc,18,nanosleep,Sleep Duration,other,2,0
1154,1525,proc,18,nanosleep,Sleep Duration,other,2,0
1155,1525,proc,18,nanosleep,Sleep Duration,other,2,0
1156,1525,proc,18,nanosleep,Sleep Duration,other,2,0
1157,1525,proc,18,nanosleep,Sleep Duration,other,2,0
1158,1525,proc,18,nanosleep,Sleep Duration,other,2,0
1159,1525,proc,18,nanosleep,Sleep Duration,other,2,0
1160,1525,proc,18,nanosleep,Sleep Duration,other,2,0
1161,1525,proc,18,nanosleep,Sleep Duration,other,2,0
1162,1525,proc,18,nanosleep,Sleep Duration,other,2,0
1163,1525,proc,18,nanosleep,Sleep Duration,other,2,0
1164,1525,proc,18,nanosleep,Sleep Duration,other,2,0
1165,1525,proc,18,nanosleep,Sleep Duration,other,2,0
1166,1525,proc,18,nanosleep,Sleep Duration,other,2,0
1167,1525,proc,18,nanosleep,Sleep Duration,other,2,0
1168,1525,proc,18,nanosleep,Sleep Duration,other,2,0
1169,1525,proc,18,nanosleep,Sleep Duration,other,2,0
1170,1525,proc,18,nanosleep,Sleep Duration,other,2,0
1171,1525,proc,18,nanosleep,Sleep Duration,other,2,0
1172,1525,proc,18,nanosleep,Sleep Duration,other,2,0
1173,1525,proc,18,nanosleep,Sleep Duration,other,2,0
1174,1525,proc,18,nanosleep,Sleep Duration,other,2,0
1175,1525,proc,18,nanosleep,Sleep Duration,other,2,0
1176,1525,proc,18,nanosleep,Sleep Duration,other,2,0
1177,1525,proc,18,nanosleep,Sleep Duration,other,2,0
1178,1525,proc,18,nanosleep,Sleep Duration,other,2,0
1179,1525,proc,18,nanosleep,Sleep Duration,other,2,0
1180,1525,proc,18,nanosleep,Sleep Duration,other,2,0
1181,1525,proc,18,nanosleep,Sleep Duration,other,2,0
1182,1525,proc,18,nanosleep,Sleep Duration,other,2,0
1183,1525,proc,18,nanosleep,Sleep Duration,other,2,0
1184,1525,proc,18,nanosleep,Sleep Duration,other,2,0
1185,1525,proc,18,nanosleep,Sleep Duration,other,2,0
1186,1525,proc,18,nanosleep,Sleep Duration,other,2,0
1187,1525,proc,18,nanosleep,Sleep Duration,other,2,0
1188,1525,proc,18,nanosleep,Sleep Duration,other,2,0
1189,1525,proc,18,nanosleep,Sleep Duration,other,2,0
1190,1525,proc,18,nanosleep,Sleep Duration,other,2,0
1191,1525,proc,18,nanosleep,Sleep Duration,other,2,0
1192,1525,proc,18,nanosleep,Sleep Duration,other,2,0
1193,1525,proc,18,nanosleep,Sleep Duration,other,2,0
1194,1525,proc,18,nanosleep,Sleep Duration,other,2,0
1195,1525,proc,18,nanosleep,Sleep Duration,other,2,0
1196,1525,proc,18,nanosleep,Sleep Duration,other,2,0
1197,1525,proc,18,nanosleep,Sleep Duration,other,2,0
1198,1525,proc,18,nanosleep,Sleep Duration,other,2,0
1199,1525,proc,18,nanosleep,Sleep Duration,other,2,0
1200,1525,proc,18,nanosleep,Sleep Duration,other,2,0
1201,1525,proc,18,nanosleep,Sleep Duration,other,2,0
1202,1525,proc,18,nanosleep,Sleep Duration,other,2,0
1203,1525,proc,18,nanosleep,Sleep Duration,other,2,0
1204,1525,proc,18,nanosleep,Sleep Duration,other,2,0
1205,1525,proc,18,nanosleep,Sleep Duration,other,2,0
1206,1525,proc,18,nanosleep,Sleep Duration,other,2,0
1207,1525,proc,18,nanosleep,Sleep Duration,other,2,0
1208,1525,proc,18,nanosleep,Sleep Duration,other,2,0
1209,1525,proc,18,nanosleep,Sleep Duration,other,2,0
1210,1525,proc,18,nanosleep,Sleep Duration,other,2,0
1211,1525,proc,18,nanosleep,Sleep Duration,other,2,0
1212,1525,proc,18,nanosleep,Sleep Duration,other,2,0
1213,1525,proc,18,nanosleep,Sleep Duration,other,2,0
1214,1525,proc,18,nanosleep,Sleep Duration,other,2,0
1215,1525,proc,18,nanosleep,Sleep Duration,other,2,0
1216,1525,proc,18,nanosleep,Sleep Duration,other,2,0
1217,1525,proc,18,nanosleep,Sleep Duration,other,2,0
1218,1525,proc,18,nanosleep,Sleep Duration,other,2,0
1219,1525,proc,18,nanosleep,Sleep Duration,other,2,0
1220,1525,proc,18,nanosleep,Sleep Duration,other,2,0
1221,1525,proc,18,nanosleep,Sleep Duration,other,2,0
1222,1525,proc,18,nanosleep,Sleep Duration,other,2,0
1223,1525,proc,18,nanosleep,Sleep Duration,other,2,0
1224,1525,proc,18,nanosleep,Sleep Duration,other,2,0
1225,1525,proc,18,nanosleep,Sleep Duration,other,2,0
1226,1525,proc,18,nanosleep,Sleep Duration,other,2,0
1227,1525,proc,18,nanosleep,Sleep Duration,other,2,0
1228,1525,proc,18,nanosleep,Sleep Duration,other,2,0
1229,1525,proc,18,nanosleep,Sleep Duration,other,2,0
1230,1525,proc,18,nanosleep,Sleep Duration,other,2,0
1231,1525,proc,18,nanosleep,Sleep Duration,other,2,0
1232,1525,proc,18,nanosleep,Sleep Duration,other,2,0
1233,1525,proc,18,nanosleep,Sleep Duration,other,2,0
1234,1525,proc,18,nanosleep,Sleep Duration,other,2,0
1235,1525,proc,18,nanosleep,Sleep Duration,other,2,0
1236,1525,proc,18,nanosleep,Sleep Duration,other,2,0
1237,1525,proc,18,nanosleep,Sleep Duration,other,2,0
1238,1525,proc,18,nanosleep,Sleep Duration,other,2,0
1239,1525,proc,18,nanosleep,Sleep Duration,other,2,0
1240,1525,proc,18,nanosleep,Sleep Duration,other,2,0
1241,1525,proc,18,nanosleep,Sleep Duration,other,2,0
1242,1525,proc,18,nanosleep,Sleep Duration,other,2,0
1243,1525,proc,18,nanosleep,Sleep Duration,other,2,0
1244,1525,proc,18,nanosleep,Sleep Duration,other,2,0
1245,1525,proc,18,nanosleep,Sleep Duration,other,2,0
1246,1525,proc,18,nanosleep,Sleep Duration,other,2,0
1247,1525,proc,18,nanosleep,Sleep Duration,other,2,0
1248,1525,proc,18,nanosleep,Sleep Duration,other,2,0
1249,1525,proc,18,nanosleep,Sleep Duration,other,2,0
1250,1525,proc,18,nanosleep,Sleep Duration,other,2,0
1251,1525,proc,18,nanosleep,Sleep Duration,other,2,0
1252,1525,proc,18,nanosleep,Sleep Duration,other,2,0
1253,1525,proc,18,nanosleep,Sleep Duration,other,2,0
1254,1525,proc,18,nanosleep,Sleep Duration,other,2,0
1255,1525,proc,18,nanosleep,Sleep Duration,other,2,0
1256,1525,proc,18,nanosleep,Sleep Duration,other,2,0
1257,1525,proc,18,nanosleep,Sleep Duration,other,2,0
1258,1525,proc,18,nanosleep,Sleep Duration,other,2,0
1259,1525,proc,18,nanosleep,Sleep Duration,other,2,0
1260,1525,proc,18,nanosleep,Sleep Duration,other,2,0
1261,1525,proc,18,nanosleep,Sleep Duration,other,2,0
1262,1525,proc,18,nanosleep,Sleep Duration,other,2,0
1263,1525,proc,18,nanosleep,Sleep Duration,other,2,0
1264,1525,proc,18,nanosleep,Sleep Duration,other,2,0
1265,1525,proc,18,nanosleep,Sleep Duration,other,2,0
1266,1525,proc,18,nanosleep,Sleep Duration,other,2,0
1267,1525,proc,18,nanosleep,Sleep Duration,other,2,0
1268,1525,proc,18,nanosleep,Sleep Duration,other,2,0
1269,1525,proc,18,nanosleep,Sleep Duration,other,2,0
1270,1525,proc,18,nanosleep,Sleep Duration,other,2,0
1271,1525,proc,18,nanosleep,Sleep Duration,other,2,0
1272,1525,proc,18,nanosleep,Sleep Duration,other,2,0
1273,1525,proc,18,nanosleep,Sleep Duration,other,2,0
1274,1525,proc,18,nanosleep,Sleep Duration,other,2,0
1275,1525,proc,18,nanosleep,Sleep Duration,other,2,0
1276,1525,proc,18,nanosleep,Sleep Duration,other,2,0
1277,1525,proc,18,nanosleep,Sleep Duration,other,2,0
1278,1525,proc,18,nanosleep,Sleep Duration,other,2,0
1279,1525,proc,18,nanosleep,Sleep Duration,other,2,0
1280,1525,proc,18,nanosleep,Sleep Duration,other,2,0
1281,1525,proc,18,nanosleep,Sleep Duration,other,2,0
1282,1525,proc,18,nanosleep,Sleep Duration,other,2,0
1283,1525,proc,18,nanosleep,Sleep Duration,other,2,0
1284,1525,proc,18,nanosleep,Sleep Duration,other,2,0
1285,1525,proc,18,nanosleep,Sleep Duration,other,2,0
1286,1525,proc,18,nanosleep,Sleep Duration,other,2,0
1287,1525,proc,18,nanosleep,Sleep Duration,other,2,0
1288,1525,proc,18,nanosleep,Sleep Duration,other,2,0
1289,1525,proc,18,nanosleep,Sleep Duration,other,2,0
1290,1525,proc,18,nanosleep,Sleep Duration,other,2,0
1291,1525,proc,18,nanosleep,Sleep Duration,other,2,0
1292,1525,proc,18,nanosleep,Sleep Duration,other,2,0
1293,1525,proc,18,nanosleep,Sleep Duration,other,2,0
1294,1525,proc,18,nanosleep,Sleep Duration,other,2,0
1295,1525,proc,18,nanosleep,Sleep Duration,other,2,0
1296,1525,proc,18,nanosleep,Sleep Duration,other,2,0
1297,1525,proc,18,nanosleep,Sleep Duration,other,2,0
1298,1525,proc,18,nanosleep,Sleep Duration,other,2,0
1299,1525,proc,18,nanosleep,Sleep Duration,other,2,0
1300,1525,proc,18,nanosleep,Sleep Duration,other,2,0
1301,1525,proc,18,nanosleep,Sleep Duration,other,2,0
1302,1525,proc,18,nanosleep,Sleep Duration,other,2,0
1303,1525,proc,18,nanosleep,Sleep Duration,other,2,0
1304,1525,proc,18,nanosleep,Sleep Duration,other,2,0
1305,1525,proc,18,nanosleep,Sleep Duration,other,2,0
1306,1525,proc,18,nanosleep,Sleep Duration,other,2,0
1307,1525,proc,18,nanosleep,Sleep Duration,other,2,0
1308,1525,proc,18,nanosleep,Sleep Duration,other,2,0
1309,1525,proc,18,nanosleep,Sleep Duration,other,2,0
1310,1525,proc,18,nanosleep,Sleep Duration,other,2,0
1311,1525,proc,18,nanosleep,Sleep Duration,other,2,0
1312,1525,proc,18,nanosleep,Sleep Duration,other,2,0
1313,1525,proc,18,nanosleep,Sleep Duration,other,2,0
1314,1525,proc,18,nanosleep,Sleep Duration,other,2,0
1315,1525,proc,18,nanosleep,Sleep Duration,other,2,0
1316,1525,proc,18,nanosleep,Sleep Duration,other,2,0
1317,1525,proc,18,nanosleep,Sleep Duration,other,2,0
1318,1525,proc,18,nanosleep,Sleep Duration,other,2,0
1319,1525,proc,18,nanosleep,Sleep Duration,other,2,0
1320,1525,proc,18,nanosleep,Sleep Duration,other,2,0
1321,1525,proc,18,nanosleep,Sleep Duration,other,2,0
1322,1525,proc,18,nanosleep,Sleep Duration,other,2,0
1323,1525,proc,18,nanosleep,Sleep Duration,other,2,0
1324,1525,proc,18,nanosleep,Sleep Duration,other,2,0
1325,1525,proc,18,nanosleep,Sleep Duration,other,2,0
1326,1525,proc,18,nanosleep,Sleep Duration,other,2,0
1327,1525,proc,18,nanosleep,Sleep Duration,other,2,0
1328,1525,proc,18,nanosleep,Sleep Duration,other,2,0
1329,1525,proc,18,nanosleep,Sleep Duration,other,2,0
1330,1525,proc,18,nanosleep,Sleep Duration,other,2,0
1331,1525,proc,18,nanosleep,Sleep Duration,other,2,0
1332,1525,proc,18,nanosleep,Sleep Duration,other,2,0
1333,1525,proc,18,nanosleep,Sleep Duration,other,2,0
1334,1525,proc,18,nanosleep,Sleep Duration,other,2,0
1335,1525,proc,18,nanosleep,Sleep Duration,other,2,0
1336,1525,proc,18,nanosleep,Sleep Duration,other,2,0
1337,1525,proc,18,nanosleep,Sleep Duration,other,2,0
1338,1525,proc,18,nanosleep,Sleep Duration,other,2,0
1339,1525,proc,18,nanosleep,Sleep Duration,other,2,0
1340,1525,proc,18,nanosleep,Sleep Duration,other,2,0
1341,1525,proc,18,nanosleep,Sleep Duration,other,2,0
1342,1525,proc,18,nanosleep,Sleep Duration,other,2,0
1343,1525,proc,18,nanosleep,Sleep Duration,other,2,0
1344,1525,proc,18,nanosleep,Sleep Duration,other,2,0
1345,1525,proc,18,nanosleep,Sleep Duration,other,2,0
1346,1525,proc,18,nanosleep,Sleep Duration,other,2,0
1347,1525,proc,18,nanosleep,Sleep Duration,other,2,0
1348,1525,proc,18,nanosleep,Sleep Duration,other,2,0
1349,1525,proc,18,nanosleep,Sleep Duration,other,2,0
1350,1525,proc,18,nanosleep,Sleep Duration,other,2,0
1351,1525,proc,18,nanosleep,Sleep Duration,other,2,0
1352,1525,proc,18,nanosleep,Sleep Duration,other,2,0
1353,1525,proc,18,nanosleep,Sleep Duration,other,2,0
1354,1525,proc,18,nanosleep,Sleep Duration,other,2,0
1355,1525,proc,18,nanosleep,Sleep Duration,other,2,0
1356,1525,proc,18,nanosleep,Sleep Duration,other,2,0
1357,1525,proc,18,nanosleep,Sleep Duration,other,2,0
1358,1525,proc,18,nanosleep,Sleep Duration,other,2,0
1359,1525,proc,18,nanosleep,Sleep Duration,other,2,0
1360,1525,proc,18,nanosleep,Sleep Duration,other,2,0
1361,1525,proc,18,nanosleep,Sleep Duration,other,2,0
1362,1525,proc,18,nanosleep,Sleep Duration,other,2,0
1363,1525,proc,18,nanosleep,Sleep Duration,other,2,0
1364,1525,proc,18,nanosleep,Sleep Duration,other,2,0
1365,1525,proc,18,nanosleep,Sleep Duration,other,2,0
1366,1525,proc,18,nanosleep,Sleep Duration,other,2,0
1367,1525,proc,18,nanosleep,Sleep Duration,other,2,0
1368,1525,proc,18,nanosleep,Sleep Duration,other,2,0
1369,1525,proc,18,nanosleep,Sleep Duration,other,2,0
1370,1525,proc,18,nanosleep,Sleep Duration,other,2,0
1371,1525,proc,18,nanosleep,Sleep Duration,other,2,0
1372,1525,proc,18,nanosleep,Sleep Duration,other,2,0
1373,1525,proc,18,nanosleep,Sleep Duration,other,2,0
1374,1525,proc,18,nanosleep,Sleep Duration,other,2,0
1375,1525,proc,18,nanosleep,Sleep Duration,other,2,0
1376,1525,proc,18,nanosleep,Sleep Duration,other,2,0
1377,1525,proc,18,nanosleep,Sleep Duration,other,2,0
1378,1525,proc,18,nanosleep,Sleep Duration,other,2,0
1379,1525,proc,18,nanosleep,Sleep Duration,other,2,0
1380,1525,proc,18,nanosleep,Sleep Duration,other,2,0
