node_name,type,appearance,importance
malware,file,34,False
uname,file,2,False
Memory Address,mem,644,True
8192*1024 bytes,other,6,False
/proc/cpuinfo,file,1,True
/proc/self/exe,file,1,False
/prober,file,8,False
sh,proc,204,True
1530,proc,3,True
status:0,other,8,True
ID,other,52,False
.,file,3,False
/usr/local/sbin/chmod,file,2,False
/usr/local/bin/chmod,file,2,False
/usr/sbin/chmod,file,2,False
/usr/bin/chmod,file,2,False
/sbin/chmod,file,2,False
/bin/chmod,file,2,False
chmod,proc,29,False
NO_PID,proc,7,False
Permission:000,other,3,True
/etc/rc.local,file,5,True
/usr/local/sbin/mv,file,1,False
/usr/local/bin/mv,file,1,False
/usr/sbin/mv,file,1,False
/usr/bin/mv,file,1,False
/sbin/mv,file,1,False
/bin/mv,file,1,False
mv,proc,32,False
status:1,other,4,True
/sys/fs/selinux,file,5,False
/selinux,file,5,False
/etc/selinux/config,file,5,False
"""/prober/5700e4b1c6498619a0e2562321363bd0.bin""",file,1,False
"""/etc""",file,1,False
"/etc/""5700e4b1c6498619a0e2562321363bd0.bin""",file,2,False
/etc/.,file,4,False
/usr/local/sbin/sed,file,4,False
/usr/local/bin/sed,file,4,False
/usr/sbin/sed,file,4,False
/usr/bin/sed,file,4,False
/sbin/sed,file,4,False
/bin/sed,file,4,False
sed,proc,141,False
Permission:0700,other,2,True
Permission:022,other,2,True
/etc/sedOMGxR5,file,14,True
/etc/sed1kOTU8,file,15,True
status:2,other,4,True
/etc/rc.d/rc.local,file,1,True
/etc/init.d/boot.local,file,1,True
1531,proc,13,True
"/etc/""/tmp""",file,1,False
/tmp/Unknown,file,450,True
1532,proc,7,True
1533,proc,2986,True
114.114.114.114:53,net,5,True
8.8.8.8:53,net,2,True
Sleep Duration,other,299,False
Unknown,net,1,False
/proc/stat,file,599,True
/proc/net/dev,file,1192,True
