node_name,type,appearance,importance
malware,proc,38,False
stdin,file,1,True
/proc/self/exe,file,3,False
Unknown,file,29,True
Memory Address,mem,579,True
uname,file,12,False
/prober,file,9,False
sh,proc,232,True
1525,proc,387,True
status:0,other,11,True
ID,other,59,False
.,file,8,False
/usr/local/sbin/sed,file,6,False
/usr/local/bin/sed,file,6,False
/usr/sbin/sed,file,6,False
/usr/bin/sed,file,6,False
/sbin/sed,file,6,False
/bin/sed,file,6,False
sed,proc,207,False
NO_PID,proc,8,False
8192*1024 bytes,other,7,False
/sys/fs/selinux,file,6,False
/selinux,file,6,False
/etc/selinux/config,file,6,False
/etc/rc.local,file,6,True
Permission:0700,other,3,True
Permission:022,other,3,True
/etc/sed9sZ8Py,file,13,True
status:1,other,2,True
/etc/sedcbT4kB,file,13,True
/etc/sedE7wFLA,file,14,True
status:2,other,4,True
/etc/rc.d/rc.local,file,1,True
/etc/init.d/boot.local,file,1,True
/usr/local/sbin/rm,file,2,False
/usr/local/bin/rm,file,2,False
/usr/sbin/rm,file,2,False
/usr/bin/rm,file,2,False
/sbin/rm,file,2,False
/bin/rm,file,2,False
rm,proc,30,False
"""/""",file,2,False
" ""nul""",file,2,False
nul,file,2,False
" ""2""",file,1,False
2,file,1,False
1526,proc,6827,True
1527,proc,233,True
/dev/urandom,file,186,True
NIC,net,10,False
/etc/resolv.conf,file,74,True
218.60.25.91:10210,net,418,True
Sleep Duration,other,349,False
/proc/net/dev,file,4500,True
Timestamp,other,202,False
/sys/devices/system/cpu/online,file,300,True
/proc/stat,file,894,True
NO_SOCKET,net,45,True
/etc/nsswitch.conf,file,4,True
/etc/host.conf,file,8,True
/etc/hosts,file,28,True
127.0.0.53:53,net,21,True
0.0.0.0:1020,net,7,True
