step,src_node,type,deg,edge,dst_node,type,deg,importance
1,malware,proc,43,mmap,Unknown,file,19,1
2,malware,proc,43,readlink,/proc/self/exe,file,1,0
3,malware,proc,43,mmap,Unknown,file,19,1
4,malware,proc,43,mprotect,Memory Address,mem,51,1
5,malware,proc,43,mmap,Unknown,file,19,1
6,malware,proc,43,mprotect,Memory Address,mem,51,1
7,malware,proc,43,mmap,Unknown,file,19,1
8,malware,proc,43,brk,Memory Address,mem,51,1
9,malware,proc,43,munmap,Memory Address,mem,51,1
10,malware,proc,43,read,uname,file,1,0
11,malware,proc,43,brk,Memory Address,mem,51,1
12,malware,proc,43,brk,Memory Address,mem,51,1
13,malware,proc,43,set_thread_area,Memory Address,mem,51,1
14,malware,proc,43,set_tid_address,Memory Address,mem,51,1
15,malware,proc,43,set_robust_list,Memory Address,mem,51,1
16,malware,proc,43,ugetrlimit,8192*1024 bytes,other,4,0
17,malware,proc,43,read,uname,file,1,0
18,malware,proc,43,readlink,/proc/self/exe,file,1,0
19,malware,proc,43,brk,Memory Address,mem,51,1
20,malware,proc,43,brk,Memory Address,mem,51,1
21,malware,proc,43,open,/sys/kernel/mm/transparent_hugepage/hpage_pmd_size,file,2,1
22,malware,proc,43,read,/sys/kernel/mm/transparent_hugepage/hpage_pmd_size,file,2,0
23,malware,proc,43,read,uname,file,1,0
24,malware,proc,43,mmap2,Unknown,file,19,1
25,malware,proc,43,mmap2,Unknown,file,19,1
26,malware,proc,43,mmap2,Unknown,file,19,1
27,malware,proc,43,mmap2,Unknown,file,19,1
28,malware,proc,43,brk,Memory Address,mem,51,1
29,malware,proc,43,mmap2,Unknown,file,19,1
30,malware,proc,43,mmap2,Unknown,file,19,1
31,malware,proc,43,mmap2,Unknown,file,19,1
32,malware,proc,43,mmap2,Unknown,file,19,1
33,malware,proc,43,mmap2,Unknown,file,19,1
34,malware,proc,43,mmap2,Unknown,file,19,1
35,malware,proc,43,mmap2,Unknown,file,19,1
36,malware,proc,43,mprotect,Memory Address,mem,51,1
37,malware,proc,43,clone,1528,proc,5,1
38,malware,proc,43,mmap2,Unknown,file,19,1
39,malware,proc,43,mprotect,Memory Address,mem,51,1
40,malware,proc,43,clone,1529,proc,17,1
41,malware,proc,43,mmap2,Unknown,file,19,1
42,malware,proc,43,mprotect,Memory Address,mem,51,1
43,malware,proc,43,clone,1531,proc,21,1
44,malware,proc,43,futex,Memory Address,mem,51,1
45,malware,proc,43,futex,Memory Address,mem,51,1
46,malware,proc,43,futex,Memory Address,mem,51,1
47,malware,proc,43,futex,Memory Address,mem,51,1
48,malware,proc,43,mmap2,Unknown,file,19,1
49,malware,proc,43,mprotect,Memory Address,mem,51,1
50,malware,proc,43,clone,1532,proc,2,1
51,malware,proc,43,fcntl64,stdin,file,1,0
52,malware,proc,43,futex,Memory Address,mem,51,1
53,malware,proc,43,mmap2,Unknown,file,19,1
54,malware,proc,43,futex,Memory Address,mem,51,1
55,malware,proc,43,read,Unknown,file,19,0
56,malware,proc,43,futex,Memory Address,mem,51,1
57,malware,proc,43,read,Unknown,file,19,0
58,malware,proc,43,read,Unknown,file,19,0
59,malware,proc,43,futex,Memory Address,mem,51,1
60,malware,proc,43,futex,Memory Address,mem,51,1
61,malware,proc,43,read,Unknown,file,19,0
62,malware,proc,43,futex,Memory Address,mem,51,1
63,malware,proc,43,futex,Memory Address,mem,51,1
64,malware,proc,43,fcntl,Unknown,file,19,1
65,malware,proc,43,fcntl,Unknown,file,19,1
66,malware,proc,43,fcntl,Unknown,file,19,1
67,malware,proc,43,fcntl,Unknown,file,19,1
68,malware,proc,43,fcntl,Unknown,file,19,1
69,malware,proc,43,fcntl,Unknown,file,19,1
70,malware,proc,43,getpid,ID,other,11,0
71,malware,proc,43,clone,/usr/bin/lsb_release,proc,129,1
72,malware,proc,43,read,Unknown,file,19,0
73,malware,proc,43,futex,Memory Address,mem,51,1
74,malware,proc,43,futex,Memory Address,mem,51,1
75,malware,proc,43,wait4,/usr/bin/lsb_release,proc,129,0
76,malware,proc,43,futex,Memory Address,mem,51,1
77,malware,proc,43,futex,Memory Address,mem,51,1
78,malware,proc,43,read,Unknown,file,19,0
79,malware,proc,43,read,Unknown,file,19,0
80,malware,proc,43,read,Unknown,file,19,0
81,malware,proc,43,futex,Memory Address,mem,51,1
82,malware,proc,43,fcntl,Unknown,file,19,1
83,malware,proc,43,fcntl,Unknown,file,19,1
84,malware,proc,43,fcntl,Unknown,file,19,1
85,malware,proc,43,fcntl,Unknown,file,19,1
86,malware,proc,43,fcntl,Unknown,file,19,1
87,malware,proc,43,fcntl,Unknown,file,19,1
88,malware,proc,43,getpid,ID,other,11,0
89,malware,proc,43,clone,/usr/bin/arch,proc,7,1
90,malware,proc,43,read,Unknown,file,19,0
91,malware,proc,43,futex,Memory Address,mem,51,1
92,malware,proc,43,wait4,/usr/bin/arch,proc,7,0
93,malware,proc,43,futex,Memory Address,mem,51,1
94,malware,proc,43,write,Unknown,file,19,1
95,malware,proc,43,futex,Memory Address,mem,51,1
96,malware,proc,43,write,Unknown,file,19,1
97,malware,proc,43,write,Unknown,file,19,1
98,malware,proc,43,futex,Memory Address,mem,51,1
99,malware,proc,43,read,Unknown,file,19,0
100,malware,proc,43,read,Unknown,file,19,0
101,malware,proc,43,futex,Memory Address,mem,51,1
102,malware,proc,43,open,/var/log/ZohoAssist/urs_crash.dmp,file,6,1
103,malware,proc,43,fcntl,Unknown,file,19,1
104,malware,proc,43,fcntl,Unknown,file,19,1
105,malware,proc,43,fcntl,Unknown,file,19,1
106,malware,proc,43,fcntl,Unknown,file,19,1
107,malware,proc,43,fcntl,Unknown,file,19,1
108,malware,proc,43,fcntl,Unknown,file,19,1
109,malware,proc,43,fcntl,Unknown,file,19,1
110,malware,proc,43,fcntl,Unknown,file,19,1
111,malware,proc,43,getpid,ID,other,11,0
112,malware,proc,43,clone,/usr/local/ZohoAssist/Service/ZohoAssistUnattended,proc,26,1
113,malware,proc,43,read,Unknown,file,19,0
114,malware,proc,43,wait4,/usr/local/ZohoAssist/Service/ZohoAssistUnattended,proc,26,0
115,malware,proc,43,futex,Memory Address,mem,51,1
116,malware,proc,43,write,Unknown,file,19,1
117,malware,proc,43,write,Unknown,file,19,1
118,malware,proc,43,write,Unknown,file,19,1
119,malware,proc,43,futex,Memory Address,mem,51,1
120,malware,proc,43,futex,Memory Address,mem,51,1
121,malware,proc,43,open,/var/log/ZohoAssist/urs_crash.dmp,file,6,1
122,malware,proc,43,fcntl,Unknown,file,19,1
123,malware,proc,43,fcntl,Unknown,file,19,1
124,malware,proc,43,fcntl,Unknown,file,19,1
125,malware,proc,43,fcntl,Unknown,file,19,1
126,malware,proc,43,fcntl,Unknown,file,19,1
127,malware,proc,43,fcntl,Unknown,file,19,1
128,malware,proc,43,fcntl,Unknown,file,19,1
129,malware,proc,43,fcntl,Unknown,file,19,1
130,malware,proc,43,getpid,ID,other,11,0
131,malware,proc,43,clone,/usr/local/ZohoAssist/Service/ZohoAssistUnattended,proc,26,1
132,malware,proc,43,read,Unknown,file,19,0
133,malware,proc,43,wait4,/usr/local/ZohoAssist/Service/ZohoAssistUnattended,proc,26,0
134,malware,proc,43,futex,Memory Address,mem,51,1
135,malware,proc,43,write,Unknown,file,19,1
136,malware,proc,43,write,Unknown,file,19,1
137,malware,proc,43,write,Unknown,file,19,1
138,malware,proc,43,futex,Memory Address,mem,51,1
139,malware,proc,43,futex,Memory Address,mem,51,1
140,malware,proc,43,open,/var/log/ZohoAssist/urs_crash.dmp,file,6,1
141,malware,proc,43,fcntl,Unknown,file,19,1
142,malware,proc,43,fcntl,Unknown,file,19,1
143,malware,proc,43,fcntl,Unknown,file,19,1
144,malware,proc,43,fcntl,Unknown,file,19,1
145,malware,proc,43,fcntl,Unknown,file,19,1
146,malware,proc,43,fcntl,Unknown,file,19,1
147,malware,proc,43,fcntl,Unknown,file,19,1
148,malware,proc,43,fcntl,Unknown,file,19,1
149,malware,proc,43,getpid,ID,other,11,0
150,malware,proc,43,clone,/usr/local/ZohoAssist/Service/ZohoAssistUnattended,proc,26,1
151,malware,proc,43,read,Unknown,file,19,0
152,malware,proc,43,wait4,/usr/local/ZohoAssist/Service/ZohoAssistUnattended,proc,26,0
153,malware,proc,43,futex,Memory Address,mem,51,1
154,malware,proc,43,write,Unknown,file,19,1
155,malware,proc,43,write,Unknown,file,19,1
156,malware,proc,43,write,Unknown,file,19,1
157,malware,proc,43,futex,Memory Address,mem,51,1
158,malware,proc,43,futex,Memory Address,mem,51,1
159,malware,proc,43,open,/var/log/ZohoAssist/urs_crash.dmp,file,6,1
160,malware,proc,43,fcntl,Unknown,file,19,1
161,malware,proc,43,fcntl,Unknown,file,19,1
162,malware,proc,43,fcntl,Unknown,file,19,1
163,malware,proc,43,fcntl,Unknown,file,19,1
164,malware,proc,43,fcntl,Unknown,file,19,1
165,malware,proc,43,fcntl,Unknown,file,19,1
166,malware,proc,43,fcntl,Unknown,file,19,1
167,malware,proc,43,fcntl,Unknown,file,19,1
168,malware,proc,43,getpid,ID,other,11,0
169,malware,proc,43,clone,/usr/local/ZohoAssist/Service/ZohoAssistUnattended,proc,26,1
170,malware,proc,43,read,Unknown,file,19,0
171,malware,proc,43,wait4,/usr/local/ZohoAssist/Service/ZohoAssistUnattended,proc,26,0
172,malware,proc,43,futex,Memory Address,mem,51,1
173,malware,proc,43,write,Unknown,file,19,1
174,malware,proc,43,write,Unknown,file,19,1
175,malware,proc,43,futex,Memory Address,mem,51,1
176,malware,proc,43,open,/var/log/ZohoAssist/urs_crash.dmp,file,6,1
177,malware,proc,43,fcntl,Unknown,file,19,1
178,malware,proc,43,fcntl,Unknown,file,19,1
179,malware,proc,43,fcntl,Unknown,file,19,1
180,malware,proc,43,fcntl,Unknown,file,19,1
181,malware,proc,43,fcntl,Unknown,file,19,1
182,malware,proc,43,fcntl,Unknown,file,19,1
183,malware,proc,43,fcntl,Unknown,file,19,1
184,malware,proc,43,fcntl,Unknown,file,19,1
185,malware,proc,43,getpid,ID,other,11,0
186,malware,proc,43,clone,/usr/local/ZohoAssist/Service/ZohoAssistUnattended,proc,26,1
187,malware,proc,43,read,Unknown,file,19,0
188,malware,proc,43,wait4,/usr/local/ZohoAssist/Service/ZohoAssistUnattended,proc,26,0
189,malware,proc,43,futex,Memory Address,mem,51,1
190,malware,proc,43,write,Unknown,file,19,1
191,malware,proc,43,write,Unknown,file,19,1
192,malware,proc,43,futex,Memory Address,mem,51,1
193,malware,proc,43,futex,Memory Address,mem,51,1
194,malware,proc,43,nanosleep,Sleep Duration,other,6,0
195,malware,proc,43,futex,Memory Address,mem,51,1
196,malware,proc,43,open,/var/log/ZohoAssist/urs_crash.dmp,file,6,1
197,malware,proc,43,fcntl,Unknown,file,19,1
198,malware,proc,43,fcntl,Unknown,file,19,1
199,malware,proc,43,fcntl,Unknown,file,19,1
200,malware,proc,43,fcntl,Unknown,file,19,1
201,malware,proc,43,fcntl,Unknown,file,19,1
202,malware,proc,43,fcntl,Unknown,file,19,1
203,malware,proc,43,fcntl,Unknown,file,19,1
204,malware,proc,43,fcntl,Unknown,file,19,1
205,malware,proc,43,getpid,ID,other,11,0
206,malware,proc,43,clone,/usr/local/ZohoAssist/Service/ZohoAssistUnattended,proc,26,1
207,malware,proc,43,read,Unknown,file,19,0
208,malware,proc,43,wait4,/usr/local/ZohoAssist/Service/ZohoAssistUnattended,proc,26,0
209,malware,proc,43,futex,Memory Address,mem,51,1
210,malware,proc,43,write,Unknown,file,19,1
211,malware,proc,43,write,Unknown,file,19,1
212,malware,proc,43,futex,Memory Address,mem,51,1
213,malware,proc,43,futex,Memory Address,mem,51,1
214,malware,proc,43,nanosleep,Sleep Duration,other,6,0
215,malware,proc,43,futex,Memory Address,mem,51,1
216,malware,proc,43,nanosleep,Sleep Duration,other,6,0
217,malware,proc,43,write,Unknown,file,19,1
218,malware,proc,43,write,Unknown,file,19,1
219,malware,proc,43,futex,Memory Address,mem,51,1
220,malware,proc,43,nanosleep,Sleep Duration,other,6,0
221,malware,proc,43,futex,Memory Address,mem,51,1
222,malware,proc,43,write,Unknown,file,19,1
223,malware,proc,43,futex,Memory Address,mem,51,1
224,malware,proc,43,futex,Memory Address,mem,51,1
225,malware,proc,43,futex,Memory Address,mem,51,1
226,malware,proc,43,write,Unknown,file,19,1
227,malware,proc,43,futex,Memory Address,mem,51,1
228,malware,proc,43,futex,Memory Address,mem,51,1
229,malware,proc,43,nanosleep,Sleep Duration,other,6,0
230,malware,proc,43,futex,Memory Address,mem,51,1
231,malware,proc,43,write,Unknown,file,19,1
232,malware,proc,43,write,Unknown,file,19,1
233,malware,proc,43,futex,Memory Address,mem,51,1
234,malware,proc,43,futex,Memory Address,mem,51,1
235,malware,proc,43,open,/var/log/ZohoAssist/urs_crash.dmp,file,6,1
236,malware,proc,43,mmap2,Unknown,file,19,1
237,malware,proc,43,fcntl,Unknown,file,19,1
238,malware,proc,43,fcntl,Unknown,file,19,1
239,malware,proc,43,fcntl,Unknown,file,19,1
240,malware,proc,43,fcntl,Unknown,file,19,1
241,malware,proc,43,fcntl,Unknown,file,19,1
242,malware,proc,43,fcntl,Unknown,file,19,1
243,malware,proc,43,fcntl,Unknown,file,19,1
244,malware,proc,43,fcntl,Unknown,file,19,1
245,malware,proc,43,getpid,ID,other,11,0
246,malware,proc,43,clone,/usr/local/ZohoAssist/Service/ZohoAssistUnattended,proc,26,1
247,malware,proc,43,read,Unknown,file,19,0
248,malware,proc,43,wait4,/usr/local/ZohoAssist/Service/ZohoAssistUnattended,proc,26,0
249,malware,proc,43,futex,Memory Address,mem,51,1
250,malware,proc,43,write,Unknown,file,19,1
251,malware,proc,43,write,Unknown,file,19,1
252,malware,proc,43,write,Unknown,file,19,1
253,1528,proc,5,set_robust_list,Memory Address,mem,51,1
254,1528,proc,5,nanosleep,Sleep Duration,other,6,0
255,1528,proc,5,getpid,ID,other,11,0
256,1528,proc,5,nanosleep,Sleep Duration,other,6,0
257,1528,proc,5,nanosleep,Sleep Duration,other,6,0
258,1528,proc,5,nanosleep,Sleep Duration,other,6,0
259,1528,proc,5,nanosleep,Sleep Duration,other,6,0
260,1528,proc,5,nanosleep,Sleep Duration,other,6,0
261,1528,proc,5,nanosleep,Sleep Duration,other,6,0
262,1528,proc,5,nanosleep,Sleep Duration,other,6,0
263,1528,proc,5,nanosleep,Sleep Duration,other,6,0
264,1528,proc,5,nanosleep,Sleep Duration,other,6,0
265,1528,proc,5,nanosleep,Sleep Duration,other,6,0
266,1528,proc,5,nanosleep,Sleep Duration,other,6,0
267,1528,proc,5,nanosleep,Sleep Duration,other,6,0
268,1528,proc,5,nanosleep,Sleep Duration,other,6,0
269,1528,proc,5,nanosleep,Sleep Duration,other,6,0
270,1528,proc,5,nanosleep,Sleep Duration,other,6,0
271,1528,proc,5,nanosleep,Sleep Duration,other,6,0
272,1528,proc,5,nanosleep,Sleep Duration,other,6,0
273,1528,proc,5,nanosleep,Sleep Duration,other,6,0
274,1528,proc,5,nanosleep,Sleep Duration,other,6,0
275,1528,proc,5,nanosleep,Sleep Duration,other,6,0
276,1528,proc,5,nanosleep,Sleep Duration,other,6,0
277,1528,proc,5,nanosleep,Sleep Duration,other,6,0
278,1528,proc,5,nanosleep,Sleep Duration,other,6,0
279,1528,proc,5,nanosleep,Sleep Duration,other,6,0
280,1528,proc,5,nanosleep,Sleep Duration,other,6,0
281,1528,proc,5,nanosleep,Sleep Duration,other,6,0
282,1528,proc,5,nanosleep,Sleep Duration,other,6,0
283,1528,proc,5,futex,Memory Address,mem,51,1
284,1528,proc,5,futex,Memory Address,mem,51,1
285,1528,proc,5,nanosleep,Sleep Duration,other,6,0
286,1528,proc,5,nanosleep,Sleep Duration,other,6,0
287,1528,proc,5,nanosleep,Sleep Duration,other,6,0
288,1528,proc,5,nanosleep,Sleep Duration,other,6,0
289,1528,proc,5,getpid,ID,other,11,0
290,1528,proc,5,nanosleep,Sleep Duration,other,6,0
291,1528,proc,5,nanosleep,Sleep Duration,other,6,0
292,1528,proc,5,nanosleep,Sleep Duration,other,6,0
293,1528,proc,5,nanosleep,Sleep Duration,other,6,0
294,1528,proc,5,nanosleep,Sleep Duration,other,6,0
295,1528,proc,5,nanosleep,Sleep Duration,other,6,0
296,1528,proc,5,nanosleep,Sleep Duration,other,6,0
297,1528,proc,5,nanosleep,Sleep Duration,other,6,0
298,1528,proc,5,nanosleep,Sleep Duration,other,6,0
299,1528,proc,5,nanosleep,Sleep Duration,other,6,0
300,1528,proc,5,nanosleep,Sleep Duration,other,6,0
301,1528,proc,5,nanosleep,Sleep Duration,other,6,0
302,1528,proc,5,nanosleep,Sleep Duration,other,6,0
303,1528,proc,5,nanosleep,Sleep Duration,other,6,0
304,1528,proc,5,nanosleep,Sleep Duration,other,6,0
305,1528,proc,5,nanosleep,Sleep Duration,other,6,0
306,1528,proc,5,nanosleep,Sleep Duration,other,6,0
307,1528,proc,5,nanosleep,Sleep Duration,other,6,0
308,1528,proc,5,nanosleep,Sleep Duration,other,6,0
309,1528,proc,5,nanosleep,Sleep Duration,other,6,0
310,1528,proc,5,nanosleep,Sleep Duration,other,6,0
311,1528,proc,5,nanosleep,Sleep Duration,other,6,0
312,1528,proc,5,nanosleep,Sleep Duration,other,6,0
313,1528,proc,5,nanosleep,Sleep Duration,other,6,0
314,1528,proc,5,nanosleep,Sleep Duration,other,6,0
315,1528,proc,5,nanosleep,Sleep Duration,other,6,0
316,1528,proc,5,nanosleep,Sleep Duration,other,6,0
317,1528,proc,5,nanosleep,Sleep Duration,other,6,0
318,1528,proc,5,nanosleep,Sleep Duration,other,6,0
319,1528,proc,5,nanosleep,Sleep Duration,other,6,0
320,1528,proc,5,nanosleep,Sleep Duration,other,6,0
321,1528,proc,5,nanosleep,Sleep Duration,other,6,0
322,1528,proc,5,nanosleep,Sleep Duration,other,6,0
323,1528,proc,5,nanosleep,Sleep Duration,other,6,0
324,1528,proc,5,nanosleep,Sleep Duration,other,6,0
325,1528,proc,5,nanosleep,Sleep Duration,other,6,0
326,1528,proc,5,nanosleep,Sleep Duration,other,6,0
327,1528,proc,5,nanosleep,Sleep Duration,other,6,0
328,1528,proc,5,nanosleep,Sleep Duration,other,6,0
329,1528,proc,5,nanosleep,Sleep Duration,other,6,0
330,1528,proc,5,nanosleep,Sleep Duration,other,6,0
331,1528,proc,5,nanosleep,Sleep Duration,other,6,0
332,1528,proc,5,nanosleep,Sleep Duration,other,6,0
333,1528,proc,5,nanosleep,Sleep Duration,other,6,0
334,1528,proc,5,nanosleep,Sleep Duration,other,6,0
335,1528,proc,5,nanosleep,Sleep Duration,other,6,0
336,1528,proc,5,nanosleep,Sleep Duration,other,6,0
337,1528,proc,5,nanosleep,Sleep Duration,other,6,0
338,1528,proc,5,nanosleep,Sleep Duration,other,6,0
339,1528,proc,5,nanosleep,Sleep Duration,other,6,0
340,1528,proc,5,nanosleep,Sleep Duration,other,6,0
341,1528,proc,5,nanosleep,Sleep Duration,other,6,0
342,1528,proc,5,nanosleep,Sleep Duration,other,6,0
343,1528,proc,5,nanosleep,Sleep Duration,other,6,0
344,1528,proc,5,nanosleep,Sleep Duration,other,6,0
345,1528,proc,5,nanosleep,Sleep Duration,other,6,0
346,1528,proc,5,nanosleep,Sleep Duration,other,6,0
347,1528,proc,5,nanosleep,Sleep Duration,other,6,0
348,1528,proc,5,nanosleep,Sleep Duration,other,6,0
349,1528,proc,5,futex,Memory Address,mem,51,1
350,1528,proc,5,nanosleep,Sleep Duration,other,6,0
351,1528,proc,5,futex,Memory Address,mem,51,1
352,1528,proc,5,futex,Memory Address,mem,51,1
353,1528,proc,5,nanosleep,Sleep Duration,other,6,0
354,1528,proc,5,nanosleep,Sleep Duration,other,6,0
355,1528,proc,5,nanosleep,Sleep Duration,other,6,0
356,1528,proc,5,nanosleep,Sleep Duration,other,6,0
357,1528,proc,5,nanosleep,Sleep Duration,other,6,0
358,1528,proc,5,nanosleep,Sleep Duration,other,6,0
359,1528,proc,5,nanosleep,Sleep Duration,other,6,0
360,1528,proc,5,nanosleep,Sleep Duration,other,6,0
361,1528,proc,5,nanosleep,Sleep Duration,other,6,0
362,1528,proc,5,nanosleep,Sleep Duration,other,6,0
363,1528,proc,5,nanosleep,Sleep Duration,other,6,0
364,1528,proc,5,nanosleep,Sleep Duration,other,6,0
365,1528,proc,5,nanosleep,Sleep Duration,other,6,0
366,1528,proc,5,nanosleep,Sleep Duration,other,6,0
367,1528,proc,5,nanosleep,Sleep Duration,other,6,0
368,1528,proc,5,nanosleep,Sleep Duration,other,6,0
369,1528,proc,5,nanosleep,Sleep Duration,other,6,0
370,1528,proc,5,nanosleep,Sleep Duration,other,6,0
371,1528,proc,5,nanosleep,Sleep Duration,other,6,0
372,1528,proc,5,nanosleep,Sleep Duration,other,6,0
373,1528,proc,5,nanosleep,Sleep Duration,other,6,0
374,1528,proc,5,nanosleep,Sleep Duration,other,6,0
375,1528,proc,5,nanosleep,Sleep Duration,other,6,0
376,1528,proc,5,nanosleep,Sleep Duration,other,6,0
377,1528,proc,5,nanosleep,Sleep Duration,other,6,0
378,1528,proc,5,nanosleep,Sleep Duration,other,6,0
379,1528,proc,5,nanosleep,Sleep Duration,other,6,0
380,1528,proc,5,nanosleep,Sleep Duration,other,6,0
381,1528,proc,5,nanosleep,Sleep Duration,other,6,0
382,1528,proc,5,nanosleep,Sleep Duration,other,6,0
383,1528,proc,5,nanosleep,Sleep Duration,other,6,0
384,1528,proc,5,nanosleep,Sleep Duration,other,6,0
385,1528,proc,5,nanosleep,Sleep Duration,other,6,0
386,1528,proc,5,nanosleep,Sleep Duration,other,6,0
387,1528,proc,5,nanosleep,Sleep Duration,other,6,0
388,1528,proc,5,nanosleep,Sleep Duration,other,6,0
389,1528,proc,5,nanosleep,Sleep Duration,other,6,0
390,1528,proc,5,nanosleep,Sleep Duration,other,6,0
391,1528,proc,5,nanosleep,Sleep Duration,other,6,0
392,1528,proc,5,nanosleep,Sleep Duration,other,6,0
393,1528,proc,5,nanosleep,Sleep Duration,other,6,0
394,1528,proc,5,nanosleep,Sleep Duration,other,6,0
395,1528,proc,5,nanosleep,Sleep Duration,other,6,0
396,1528,proc,5,nanosleep,Sleep Duration,other,6,0
397,1528,proc,5,nanosleep,Sleep Duration,other,6,0
398,1528,proc,5,nanosleep,Sleep Duration,other,6,0
399,1528,proc,5,nanosleep,Sleep Duration,other,6,0
400,1528,proc,5,nanosleep,Sleep Duration,other,6,0
401,1528,proc,5,nanosleep,Sleep Duration,other,6,0
402,1528,proc,5,nanosleep,Sleep Duration,other,6,0
403,1528,proc,5,nanosleep,Sleep Duration,other,6,0
404,1528,proc,5,nanosleep,Sleep Duration,other,6,0
405,1528,proc,5,nanosleep,Sleep Duration,other,6,0
406,1528,proc,5,nanosleep,Sleep Duration,other,6,0
407,1528,proc,5,nanosleep,Sleep Duration,other,6,0
408,1528,proc,5,nanosleep,Sleep Duration,other,6,0
409,1528,proc,5,nanosleep,Sleep Duration,other,6,0
410,1528,proc,5,nanosleep,Sleep Duration,other,6,0
411,1528,proc,5,nanosleep,Sleep Duration,other,6,0
412,1528,proc,5,futex,Memory Address,mem,51,1
413,1528,proc,5,futex,Memory Address,mem,51,1
414,1528,proc,5,nanosleep,Sleep Duration,other,6,0
415,1528,proc,5,futex,Memory Address,mem,51,1
416,1528,proc,5,nanosleep,Sleep Duration,other,6,0
417,1528,proc,5,nanosleep,Sleep Duration,other,6,0
418,1528,proc,5,nanosleep,Sleep Duration,other,6,0
419,1528,proc,5,nanosleep,Sleep Duration,other,6,0
420,1528,proc,5,nanosleep,Sleep Duration,other,6,0
421,1528,proc,5,nanosleep,Sleep Duration,other,6,0
422,1528,proc,5,nanosleep,Sleep Duration,other,6,0
423,1528,proc,5,nanosleep,Sleep Duration,other,6,0
424,1528,proc,5,nanosleep,Sleep Duration,other,6,0
425,1528,proc,5,nanosleep,Sleep Duration,other,6,0
426,1528,proc,5,nanosleep,Sleep Duration,other,6,0
427,1528,proc,5,nanosleep,Sleep Duration,other,6,0
428,1528,proc,5,nanosleep,Sleep Duration,other,6,0
429,1528,proc,5,nanosleep,Sleep Duration,other,6,0
430,1528,proc,5,nanosleep,Sleep Duration,other,6,0
431,1528,proc,5,nanosleep,Sleep Duration,other,6,0
432,1528,proc,5,nanosleep,Sleep Duration,other,6,0
433,1528,proc,5,nanosleep,Sleep Duration,other,6,0
434,1528,proc,5,nanosleep,Sleep Duration,other,6,0
435,1528,proc,5,nanosleep,Sleep Duration,other,6,0
436,1528,proc,5,nanosleep,Sleep Duration,other,6,0
437,1528,proc,5,nanosleep,Sleep Duration,other,6,0
438,1528,proc,5,nanosleep,Sleep Duration,other,6,0
439,1528,proc,5,nanosleep,Sleep Duration,other,6,0
440,1528,proc,5,nanosleep,Sleep Duration,other,6,0
441,1528,proc,5,nanosleep,Sleep Duration,other,6,0
442,1528,proc,5,nanosleep,Sleep Duration,other,6,0
443,1528,proc,5,nanosleep,Sleep Duration,other,6,0
444,1528,proc,5,nanosleep,Sleep Duration,other,6,0
445,1528,proc,5,nanosleep,Sleep Duration,other,6,0
446,1528,proc,5,futex,Memory Address,mem,51,1
447,1528,proc,5,nanosleep,Sleep Duration,other,6,0
448,1528,proc,5,nanosleep,Sleep Duration,other,6,0
449,1528,proc,5,nanosleep,Sleep Duration,other,6,0
450,1528,proc,5,nanosleep,Sleep Duration,other,6,0
451,1528,proc,5,futex,Memory Address,mem,51,1
452,1528,proc,5,nanosleep,Sleep Duration,other,6,0
453,1528,proc,5,nanosleep,Sleep Duration,other,6,0
454,1528,proc,5,futex,Memory Address,mem,51,1
455,1528,proc,5,nanosleep,Sleep Duration,other,6,0
456,1528,proc,5,nanosleep,Sleep Duration,other,6,0
457,1528,proc,5,nanosleep,Sleep Duration,other,6,0
458,1528,proc,5,nanosleep,Sleep Duration,other,6,0
459,1528,proc,5,nanosleep,Sleep Duration,other,6,0
460,1528,proc,5,nanosleep,Sleep Duration,other,6,0
461,1528,proc,5,nanosleep,Sleep Duration,other,6,0
462,1528,proc,5,nanosleep,Sleep Duration,other,6,0
463,1528,proc,5,nanosleep,Sleep Duration,other,6,0
464,1528,proc,5,nanosleep,Sleep Duration,other,6,0
465,1528,proc,5,nanosleep,Sleep Duration,other,6,0
466,1528,proc,5,nanosleep,Sleep Duration,other,6,0
467,1528,proc,5,nanosleep,Sleep Duration,other,6,0
468,1528,proc,5,nanosleep,Sleep Duration,other,6,0
469,1528,proc,5,nanosleep,Sleep Duration,other,6,0
470,1528,proc,5,nanosleep,Sleep Duration,other,6,0
471,1528,proc,5,nanosleep,Sleep Duration,other,6,0
472,1528,proc,5,nanosleep,Sleep Duration,other,6,0
473,1528,proc,5,nanosleep,Sleep Duration,other,6,0
474,1528,proc,5,nanosleep,Sleep Duration,other,6,0
475,1528,proc,5,nanosleep,Sleep Duration,other,6,0
476,1528,proc,5,nanosleep,Sleep Duration,other,6,0
477,1528,proc,5,nanosleep,Sleep Duration,other,6,0
478,1528,proc,5,nanosleep,Sleep Duration,other,6,0
479,1528,proc,5,nanosleep,Sleep Duration,other,6,0
480,1528,proc,5,nanosleep,Sleep Duration,other,6,0
481,1528,proc,5,nanosleep,Sleep Duration,other,6,0
482,1528,proc,5,nanosleep,Sleep Duration,other,6,0
483,1528,proc,5,nanosleep,Sleep Duration,other,6,0
484,1528,proc,5,nanosleep,Sleep Duration,other,6,0
485,1528,proc,5,nanosleep,Sleep Duration,other,6,0
486,1528,proc,5,nanosleep,Sleep Duration,other,6,0
487,1528,proc,5,nanosleep,Sleep Duration,other,6,0
488,1528,proc,5,nanosleep,Sleep Duration,other,6,0
489,1528,proc,5,nanosleep,Sleep Duration,other,6,0
490,1528,proc,5,nanosleep,Sleep Duration,other,6,0
491,1528,proc,5,nanosleep,Sleep Duration,other,6,0
492,1528,proc,5,nanosleep,Sleep Duration,other,6,0
493,1528,proc,5,nanosleep,Sleep Duration,other,6,0
494,1528,proc,5,nanosleep,Sleep Duration,other,6,0
495,1528,proc,5,nanosleep,Sleep Duration,other,6,0
496,1528,proc,5,nanosleep,Sleep Duration,other,6,0
497,1528,proc,5,nanosleep,Sleep Duration,other,6,0
498,1528,proc,5,nanosleep,Sleep Duration,other,6,0
499,1528,proc,5,nanosleep,Sleep Duration,other,6,0
500,1528,proc,5,futex,Memory Address,mem,51,1
501,1528,proc,5,futex,Memory Address,mem,51,1
502,1528,proc,5,nanosleep,Sleep Duration,other,6,0
503,1528,proc,5,nanosleep,Sleep Duration,other,6,0
504,1528,proc,5,nanosleep,Sleep Duration,other,6,0
505,1528,proc,5,nanosleep,Sleep Duration,other,6,0
506,1528,proc,5,nanosleep,Sleep Duration,other,6,0
507,1528,proc,5,nanosleep,Sleep Duration,other,6,0
508,1528,proc,5,nanosleep,Sleep Duration,other,6,0
509,1528,proc,5,futex,Memory Address,mem,51,1
510,1528,proc,5,nanosleep,Sleep Duration,other,6,0
511,1528,proc,5,futex,Memory Address,mem,51,1
512,1528,proc,5,nanosleep,Sleep Duration,other,6,0
513,1528,proc,5,getpid,ID,other,11,0
514,1528,proc,5,nanosleep,Sleep Duration,other,6,0
515,1528,proc,5,nanosleep,Sleep Duration,other,6,0
516,1528,proc,5,nanosleep,Sleep Duration,other,6,0
517,1528,proc,5,nanosleep,Sleep Duration,other,6,0
518,1528,proc,5,nanosleep,Sleep Duration,other,6,0
519,1528,proc,5,nanosleep,Sleep Duration,other,6,0
520,1528,proc,5,nanosleep,Sleep Duration,other,6,0
521,1528,proc,5,nanosleep,Sleep Duration,other,6,0
522,1528,proc,5,nanosleep,Sleep Duration,other,6,0
523,1528,proc,5,nanosleep,Sleep Duration,other,6,0
524,1528,proc,5,nanosleep,Sleep Duration,other,6,0
525,1528,proc,5,nanosleep,Sleep Duration,other,6,0
526,1528,proc,5,nanosleep,Sleep Duration,other,6,0
527,1528,proc,5,nanosleep,Sleep Duration,other,6,0
528,1528,proc,5,nanosleep,Sleep Duration,other,6,0
529,1528,proc,5,nanosleep,Sleep Duration,other,6,0
530,1528,proc,5,nanosleep,Sleep Duration,other,6,0
531,1528,proc,5,nanosleep,Sleep Duration,other,6,0
532,1528,proc,5,nanosleep,Sleep Duration,other,6,0
533,1528,proc,5,nanosleep,Sleep Duration,other,6,0
534,1528,proc,5,nanosleep,Sleep Duration,other,6,0
535,1528,proc,5,nanosleep,Sleep Duration,other,6,0
536,1528,proc,5,nanosleep,Sleep Duration,other,6,0
537,1528,proc,5,nanosleep,Sleep Duration,other,6,0
538,1528,proc,5,nanosleep,Sleep Duration,other,6,0
539,1528,proc,5,nanosleep,Sleep Duration,other,6,0
540,1528,proc,5,nanosleep,Sleep Duration,other,6,0
541,1528,proc,5,nanosleep,Sleep Duration,other,6,0
542,1528,proc,5,nanosleep,Sleep Duration,other,6,0
543,1528,proc,5,nanosleep,Sleep Duration,other,6,0
544,1528,proc,5,nanosleep,Sleep Duration,other,6,0
545,1528,proc,5,nanosleep,Sleep Duration,other,6,0
546,1528,proc,5,nanosleep,Sleep Duration,other,6,0
547,1528,proc,5,nanosleep,Sleep Duration,other,6,0
548,1528,proc,5,nanosleep,Sleep Duration,other,6,0
549,1528,proc,5,nanosleep,Sleep Duration,other,6,0
550,1528,proc,5,nanosleep,Sleep Duration,other,6,0
551,1528,proc,5,nanosleep,Sleep Duration,other,6,0
552,1528,proc,5,nanosleep,Sleep Duration,other,6,0
553,1528,proc,5,futex,Memory Address,mem,51,1
554,1528,proc,5,futex,Memory Address,mem,51,1
555,1528,proc,5,nanosleep,Sleep Duration,other,6,0
556,1528,proc,5,nanosleep,Sleep Duration,other,6,0
557,1528,proc,5,getpid,ID,other,11,0
558,1528,proc,5,nanosleep,Sleep Duration,other,6,0
559,1528,proc,5,nanosleep,Sleep Duration,other,6,0
560,1528,proc,5,nanosleep,Sleep Duration,other,6,0
561,1528,proc,5,nanosleep,Sleep Duration,other,6,0
562,1528,proc,5,nanosleep,Sleep Duration,other,6,0
563,1528,proc,5,nanosleep,Sleep Duration,other,6,0
564,1528,proc,5,nanosleep,Sleep Duration,other,6,0
565,1528,proc,5,nanosleep,Sleep Duration,other,6,0
566,1528,proc,5,nanosleep,Sleep Duration,other,6,0
567,1528,proc,5,nanosleep,Sleep Duration,other,6,0
568,1528,proc,5,nanosleep,Sleep Duration,other,6,0
569,1528,proc,5,nanosleep,Sleep Duration,other,6,0
570,1528,proc,5,nanosleep,Sleep Duration,other,6,0
571,1528,proc,5,nanosleep,Sleep Duration,other,6,0
572,1528,proc,5,nanosleep,Sleep Duration,other,6,0
573,1528,proc,5,nanosleep,Sleep Duration,other,6,0
574,1528,proc,5,nanosleep,Sleep Duration,other,6,0
575,1528,proc,5,nanosleep,Sleep Duration,other,6,0
576,1528,proc,5,nanosleep,Sleep Duration,other,6,0
577,1528,proc,5,nanosleep,Sleep Duration,other,6,0
578,1528,proc,5,nanosleep,Sleep Duration,other,6,0
579,1528,proc,5,nanosleep,Sleep Duration,other,6,0
580,1528,proc,5,nanosleep,Sleep Duration,other,6,0
581,1528,proc,5,nanosleep,Sleep Duration,other,6,0
582,1528,proc,5,nanosleep,Sleep Duration,other,6,0
583,1528,proc,5,nanosleep,Sleep Duration,other,6,0
584,1528,proc,5,nanosleep,Sleep Duration,other,6,0
585,1528,proc,5,nanosleep,Sleep Duration,other,6,0
586,1528,proc,5,nanosleep,Sleep Duration,other,6,0
587,1528,proc,5,nanosleep,Sleep Duration,other,6,0
588,1528,proc,5,nanosleep,Sleep Duration,other,6,0
589,1528,proc,5,nanosleep,Sleep Duration,other,6,0
590,1528,proc,5,nanosleep,Sleep Duration,other,6,0
591,1528,proc,5,nanosleep,Sleep Duration,other,6,0
592,1528,proc,5,futex,Memory Address,mem,51,1
593,1528,proc,5,futex,Memory Address,mem,51,1
594,1528,proc,5,nanosleep,Sleep Duration,other,6,0
595,1528,proc,5,futex,Memory Address,mem,51,1
596,1528,proc,5,nanosleep,Sleep Duration,other,6,0
597,1528,proc,5,getpid,ID,other,11,0
598,1528,proc,5,nanosleep,Sleep Duration,other,6,0
599,1528,proc,5,nanosleep,Sleep Duration,other,6,0
600,1528,proc,5,nanosleep,Sleep Duration,other,6,0
601,1528,proc,5,nanosleep,Sleep Duration,other,6,0
602,1528,proc,5,nanosleep,Sleep Duration,other,6,0
603,1528,proc,5,nanosleep,Sleep Duration,other,6,0
604,1528,proc,5,nanosleep,Sleep Duration,other,6,0
605,1528,proc,5,nanosleep,Sleep Duration,other,6,0
606,1528,proc,5,nanosleep,Sleep Duration,other,6,0
607,1528,proc,5,nanosleep,Sleep Duration,other,6,0
608,1528,proc,5,nanosleep,Sleep Duration,other,6,0
609,1528,proc,5,nanosleep,Sleep Duration,other,6,0
610,1528,proc,5,nanosleep,Sleep Duration,other,6,0
611,1528,proc,5,nanosleep,Sleep Duration,other,6,0
612,1528,proc,5,nanosleep,Sleep Duration,other,6,0
613,1528,proc,5,nanosleep,Sleep Duration,other,6,0
614,1528,proc,5,nanosleep,Sleep Duration,other,6,0
615,1528,proc,5,nanosleep,Sleep Duration,other,6,0
616,1528,proc,5,nanosleep,Sleep Duration,other,6,0
617,1528,proc,5,nanosleep,Sleep Duration,other,6,0
618,1528,proc,5,nanosleep,Sleep Duration,other,6,0
619,1528,proc,5,nanosleep,Sleep Duration,other,6,0
620,1528,proc,5,nanosleep,Sleep Duration,other,6,0
621,1528,proc,5,nanosleep,Sleep Duration,other,6,0
622,1528,proc,5,nanosleep,Sleep Duration,other,6,0
623,1528,proc,5,nanosleep,Sleep Duration,other,6,0
624,1528,proc,5,nanosleep,Sleep Duration,other,6,0
625,1528,proc,5,nanosleep,Sleep Duration,other,6,0
626,1528,proc,5,nanosleep,Sleep Duration,other,6,0
627,1528,proc,5,nanosleep,Sleep Duration,other,6,0
628,1528,proc,5,nanosleep,Sleep Duration,other,6,0
629,1528,proc,5,nanosleep,Sleep Duration,other,6,0
630,1528,proc,5,futex,Memory Address,mem,51,1
631,1528,proc,5,futex,Memory Address,mem,51,1
632,1528,proc,5,nanosleep,Sleep Duration,other,6,0
633,1528,proc,5,nanosleep,Sleep Duration,other,6,0
634,1528,proc,5,getpid,ID,other,11,0
635,1528,proc,5,nanosleep,Sleep Duration,other,6,0
636,1528,proc,5,nanosleep,Sleep Duration,other,6,0
637,1528,proc,5,nanosleep,Sleep Duration,other,6,0
638,1528,proc,5,nanosleep,Sleep Duration,other,6,0
639,1528,proc,5,nanosleep,Sleep Duration,other,6,0
640,1528,proc,5,nanosleep,Sleep Duration,other,6,0
641,1528,proc,5,nanosleep,Sleep Duration,other,6,0
642,1528,proc,5,nanosleep,Sleep Duration,other,6,0
643,1528,proc,5,nanosleep,Sleep Duration,other,6,0
644,1528,proc,5,nanosleep,Sleep Duration,other,6,0
645,1528,proc,5,nanosleep,Sleep Duration,other,6,0
646,1528,proc,5,nanosleep,Sleep Duration,other,6,0
647,1528,proc,5,nanosleep,Sleep Duration,other,6,0
648,1528,proc,5,nanosleep,Sleep Duration,other,6,0
649,1528,proc,5,nanosleep,Sleep Duration,other,6,0
650,1528,proc,5,nanosleep,Sleep Duration,other,6,0
651,1528,proc,5,nanosleep,Sleep Duration,other,6,0
652,1528,proc,5,nanosleep,Sleep Duration,other,6,0
653,1528,proc,5,nanosleep,Sleep Duration,other,6,0
654,1528,proc,5,nanosleep,Sleep Duration,other,6,0
655,1528,proc,5,nanosleep,Sleep Duration,other,6,0
656,1528,proc,5,nanosleep,Sleep Duration,other,6,0
657,1528,proc,5,nanosleep,Sleep Duration,other,6,0
658,1528,proc,5,nanosleep,Sleep Duration,other,6,0
659,1528,proc,5,nanosleep,Sleep Duration,other,6,0
660,1528,proc,5,nanosleep,Sleep Duration,other,6,0
661,1528,proc,5,nanosleep,Sleep Duration,other,6,0
662,1528,proc,5,nanosleep,Sleep Duration,other,6,0
663,1528,proc,5,nanosleep,Sleep Duration,other,6,0
664,1528,proc,5,nanosleep,Sleep Duration,other,6,0
665,1528,proc,5,nanosleep,Sleep Duration,other,6,0
666,1528,proc,5,futex,Memory Address,mem,51,1
667,1528,proc,5,futex,Memory Address,mem,51,1
668,1528,proc,5,nanosleep,Sleep Duration,other,6,0
669,1528,proc,5,nanosleep,Sleep Duration,other,6,0
670,1528,proc,5,nanosleep,Sleep Duration,other,6,0
671,1528,proc,5,getpid,ID,other,11,0
672,1528,proc,5,nanosleep,Sleep Duration,other,6,0
673,1528,proc,5,nanosleep,Sleep Duration,other,6,0
674,1528,proc,5,nanosleep,Sleep Duration,other,6,0
675,1528,proc,5,nanosleep,Sleep Duration,other,6,0
676,1528,proc,5,nanosleep,Sleep Duration,other,6,0
677,1528,proc,5,nanosleep,Sleep Duration,other,6,0
678,1528,proc,5,nanosleep,Sleep Duration,other,6,0
679,1528,proc,5,nanosleep,Sleep Duration,other,6,0
680,1528,proc,5,nanosleep,Sleep Duration,other,6,0
681,1528,proc,5,nanosleep,Sleep Duration,other,6,0
682,1528,proc,5,nanosleep,Sleep Duration,other,6,0
683,1528,proc,5,nanosleep,Sleep Duration,other,6,0
684,1528,proc,5,nanosleep,Sleep Duration,other,6,0
685,1528,proc,5,nanosleep,Sleep Duration,other,6,0
686,1528,proc,5,nanosleep,Sleep Duration,other,6,0
687,1528,proc,5,nanosleep,Sleep Duration,other,6,0
688,1528,proc,5,nanosleep,Sleep Duration,other,6,0
689,1528,proc,5,nanosleep,Sleep Duration,other,6,0
690,1528,proc,5,nanosleep,Sleep Duration,other,6,0
691,1528,proc,5,nanosleep,Sleep Duration,other,6,0
692,1528,proc,5,nanosleep,Sleep Duration,other,6,0
693,1528,proc,5,nanosleep,Sleep Duration,other,6,0
694,1528,proc,5,nanosleep,Sleep Duration,other,6,0
695,1528,proc,5,nanosleep,Sleep Duration,other,6,0
696,1528,proc,5,nanosleep,Sleep Duration,other,6,0
697,1528,proc,5,nanosleep,Sleep Duration,other,6,0
698,1528,proc,5,nanosleep,Sleep Duration,other,6,0
699,1528,proc,5,nanosleep,Sleep Duration,other,6,0
700,1528,proc,5,nanosleep,Sleep Duration,other,6,0
701,1528,proc,5,nanosleep,Sleep Duration,other,6,0
702,1528,proc,5,nanosleep,Sleep Duration,other,6,0
703,1528,proc,5,nanosleep,Sleep Duration,other,6,0
704,1528,proc,5,nanosleep,Sleep Duration,other,6,0
705,1528,proc,5,nanosleep,Sleep Duration,other,6,0
706,1528,proc,5,nanosleep,Sleep Duration,other,6,0
707,1528,proc,5,futex,Memory Address,mem,51,1
708,1528,proc,5,futex,Memory Address,mem,51,1
709,1528,proc,5,nanosleep,Sleep Duration,other,6,0
710,1528,proc,5,nanosleep,Sleep Duration,other,6,0
711,1528,proc,5,nanosleep,Sleep Duration,other,6,0
712,1528,proc,5,nanosleep,Sleep Duration,other,6,0
713,1528,proc,5,nanosleep,Sleep Duration,other,6,0
714,1528,proc,5,nanosleep,Sleep Duration,other,6,0
715,1528,proc,5,nanosleep,Sleep Duration,other,6,0
716,1528,proc,5,nanosleep,Sleep Duration,other,6,0
717,1528,proc,5,nanosleep,Sleep Duration,other,6,0
718,1528,proc,5,nanosleep,Sleep Duration,other,6,0
719,1528,proc,5,nanosleep,Sleep Duration,other,6,0
720,1528,proc,5,nanosleep,Sleep Duration,other,6,0
721,1528,proc,5,nanosleep,Sleep Duration,other,6,0
722,1528,proc,5,nanosleep,Sleep Duration,other,6,0
723,1528,proc,5,nanosleep,Sleep Duration,other,6,0
724,1528,proc,5,nanosleep,Sleep Duration,other,6,0
725,1528,proc,5,nanosleep,Sleep Duration,other,6,0
726,1528,proc,5,nanosleep,Sleep Duration,other,6,0
727,1528,proc,5,nanosleep,Sleep Duration,other,6,0
728,1528,proc,5,nanosleep,Sleep Duration,other,6,0
729,1528,proc,5,nanosleep,Sleep Duration,other,6,0
730,1528,proc,5,nanosleep,Sleep Duration,other,6,0
731,1528,proc,5,nanosleep,Sleep Duration,other,6,0
732,1528,proc,5,nanosleep,Sleep Duration,other,6,0
733,1528,proc,5,nanosleep,Sleep Duration,other,6,0
734,1528,proc,5,nanosleep,Sleep Duration,other,6,0
735,1528,proc,5,nanosleep,Sleep Duration,other,6,0
736,1528,proc,5,nanosleep,Sleep Duration,other,6,0
737,1528,proc,5,nanosleep,Sleep Duration,other,6,0
738,1528,proc,5,nanosleep,Sleep Duration,other,6,0
739,1528,proc,5,nanosleep,Sleep Duration,other,6,0
740,1528,proc,5,nanosleep,Sleep Duration,other,6,0
741,1528,proc,5,nanosleep,Sleep Duration,other,6,0
742,1528,proc,5,nanosleep,Sleep Duration,other,6,0
743,1528,proc,5,nanosleep,Sleep Duration,other,6,0
744,1528,proc,5,nanosleep,Sleep Duration,other,6,0
745,1528,proc,5,nanosleep,Sleep Duration,other,6,0
746,1528,proc,5,futex,Memory Address,mem,51,1
747,1528,proc,5,futex,Memory Address,mem,51,1
748,1528,proc,5,nanosleep,Sleep Duration,other,6,0
749,1528,proc,5,getpid,ID,other,11,0
750,1528,proc,5,nanosleep,Sleep Duration,other,6,0
751,1528,proc,5,nanosleep,Sleep Duration,other,6,0
752,1528,proc,5,nanosleep,Sleep Duration,other,6,0
753,1528,proc,5,nanosleep,Sleep Duration,other,6,0
754,1528,proc,5,nanosleep,Sleep Duration,other,6,0
755,1528,proc,5,nanosleep,Sleep Duration,other,6,0
756,1528,proc,5,nanosleep,Sleep Duration,other,6,0
757,1528,proc,5,nanosleep,Sleep Duration,other,6,0
758,1528,proc,5,nanosleep,Sleep Duration,other,6,0
759,1528,proc,5,nanosleep,Sleep Duration,other,6,0
760,1528,proc,5,nanosleep,Sleep Duration,other,6,0
761,1528,proc,5,nanosleep,Sleep Duration,other,6,0
762,1528,proc,5,nanosleep,Sleep Duration,other,6,0
763,1528,proc,5,nanosleep,Sleep Duration,other,6,0
764,1528,proc,5,nanosleep,Sleep Duration,other,6,0
765,1528,proc,5,nanosleep,Sleep Duration,other,6,0
766,1528,proc,5,nanosleep,Sleep Duration,other,6,0
767,1528,proc,5,nanosleep,Sleep Duration,other,6,0
768,1528,proc,5,nanosleep,Sleep Duration,other,6,0
769,1528,proc,5,nanosleep,Sleep Duration,other,6,0
770,1528,proc,5,nanosleep,Sleep Duration,other,6,0
771,1528,proc,5,nanosleep,Sleep Duration,other,6,0
772,1528,proc,5,nanosleep,Sleep Duration,other,6,0
773,1528,proc,5,nanosleep,Sleep Duration,other,6,0
774,1528,proc,5,nanosleep,Sleep Duration,other,6,0
775,1528,proc,5,nanosleep,Sleep Duration,other,6,0
776,1528,proc,5,nanosleep,Sleep Duration,other,6,0
777,1528,proc,5,nanosleep,Sleep Duration,other,6,0
778,1528,proc,5,nanosleep,Sleep Duration,other,6,0
779,1528,proc,5,nanosleep,Sleep Duration,other,6,0
780,1528,proc,5,nanosleep,Sleep Duration,other,6,0
781,1528,proc,5,nanosleep,Sleep Duration,other,6,0
782,1528,proc,5,nanosleep,Sleep Duration,other,6,0
783,1528,proc,5,nanosleep,Sleep Duration,other,6,0
784,1528,proc,5,nanosleep,Sleep Duration,other,6,0
785,1528,proc,5,futex,Memory Address,mem,51,1
786,1528,proc,5,futex,Memory Address,mem,51,1
787,1528,proc,5,nanosleep,Sleep Duration,other,6,0
788,1528,proc,5,getpid,ID,other,11,0
789,1528,proc,5,nanosleep,Sleep Duration,other,6,0
790,1528,proc,5,nanosleep,Sleep Duration,other,6,0
791,1528,proc,5,nanosleep,Sleep Duration,other,6,0
792,1528,proc,5,nanosleep,Sleep Duration,other,6,0
793,1528,proc,5,nanosleep,Sleep Duration,other,6,0
794,1528,proc,5,nanosleep,Sleep Duration,other,6,0
795,1528,proc,5,nanosleep,Sleep Duration,other,6,0
796,1528,proc,5,nanosleep,Sleep Duration,other,6,0
797,1528,proc,5,nanosleep,Sleep Duration,other,6,0
798,1528,proc,5,nanosleep,Sleep Duration,other,6,0
799,1528,proc,5,nanosleep,Sleep Duration,other,6,0
800,1528,proc,5,nanosleep,Sleep Duration,other,6,0
801,1528,proc,5,nanosleep,Sleep Duration,other,6,0
802,1528,proc,5,nanosleep,Sleep Duration,other,6,0
803,1528,proc,5,nanosleep,Sleep Duration,other,6,0
804,1528,proc,5,nanosleep,Sleep Duration,other,6,0
805,1528,proc,5,nanosleep,Sleep Duration,other,6,0
806,1528,proc,5,nanosleep,Sleep Duration,other,6,0
807,1528,proc,5,nanosleep,Sleep Duration,other,6,0
808,1528,proc,5,nanosleep,Sleep Duration,other,6,0
809,1528,proc,5,nanosleep,Sleep Duration,other,6,0
810,1528,proc,5,nanosleep,Sleep Duration,other,6,0
811,1528,proc,5,nanosleep,Sleep Duration,other,6,0
812,1528,proc,5,nanosleep,Sleep Duration,other,6,0
813,1528,proc,5,nanosleep,Sleep Duration,other,6,0
814,1528,proc,5,nanosleep,Sleep Duration,other,6,0
815,1528,proc,5,nanosleep,Sleep Duration,other,6,0
816,1528,proc,5,nanosleep,Sleep Duration,other,6,0
817,1528,proc,5,nanosleep,Sleep Duration,other,6,0
818,1528,proc,5,futex,Memory Address,mem,51,1
819,1528,proc,5,futex,Memory Address,mem,51,1
820,1528,proc,5,nanosleep,Sleep Duration,other,6,0
821,1528,proc,5,nanosleep,Sleep Duration,other,6,0
822,1528,proc,5,nanosleep,Sleep Duration,other,6,0
823,1528,proc,5,nanosleep,Sleep Duration,other,6,0
824,1528,proc,5,nanosleep,Sleep Duration,other,6,0
825,1528,proc,5,nanosleep,Sleep Duration,other,6,0
826,1528,proc,5,nanosleep,Sleep Duration,other,6,0
827,1528,proc,5,nanosleep,Sleep Duration,other,6,0
828,1528,proc,5,nanosleep,Sleep Duration,other,6,0
829,1528,proc,5,nanosleep,Sleep Duration,other,6,0
830,1528,proc,5,nanosleep,Sleep Duration,other,6,0
831,1528,proc,5,nanosleep,Sleep Duration,other,6,0
832,1528,proc,5,nanosleep,Sleep Duration,other,6,0
833,1528,proc,5,nanosleep,Sleep Duration,other,6,0
834,1528,proc,5,nanosleep,Sleep Duration,other,6,0
835,1528,proc,5,nanosleep,Sleep Duration,other,6,0
836,1528,proc,5,nanosleep,Sleep Duration,other,6,0
837,1528,proc,5,nanosleep,Sleep Duration,other,6,0
838,1528,proc,5,nanosleep,Sleep Duration,other,6,0
839,1528,proc,5,nanosleep,Sleep Duration,other,6,0
840,1528,proc,5,nanosleep,Sleep Duration,other,6,0
841,1528,proc,5,nanosleep,Sleep Duration,other,6,0
842,1528,proc,5,nanosleep,Sleep Duration,other,6,0
843,1528,proc,5,nanosleep,Sleep Duration,other,6,0
844,1528,proc,5,nanosleep,Sleep Duration,other,6,0
845,1528,proc,5,nanosleep,Sleep Duration,other,6,0
846,1528,proc,5,nanosleep,Sleep Duration,other,6,0
847,1528,proc,5,nanosleep,Sleep Duration,other,6,0
848,1528,proc,5,nanosleep,Sleep Duration,other,6,0
849,1528,proc,5,nanosleep,Sleep Duration,other,6,0
850,1528,proc,5,nanosleep,Sleep Duration,other,6,0
851,1528,proc,5,nanosleep,Sleep Duration,other,6,0
852,1528,proc,5,nanosleep,Sleep Duration,other,6,0
853,1528,proc,5,futex,Memory Address,mem,51,1
854,1528,proc,5,futex,Memory Address,mem,51,1
855,1528,proc,5,nanosleep,Sleep Duration,other,6,0
856,1528,proc,5,futex,Memory Address,mem,51,1
857,1528,proc,5,nanosleep,Sleep Duration,other,6,0
858,1528,proc,5,getpid,ID,other,11,0
859,1528,proc,5,nanosleep,Sleep Duration,other,6,0
860,1528,proc,5,nanosleep,Sleep Duration,other,6,0
861,1528,proc,5,nanosleep,Sleep Duration,other,6,0
862,1528,proc,5,nanosleep,Sleep Duration,other,6,0
863,1528,proc,5,nanosleep,Sleep Duration,other,6,0
864,1528,proc,5,nanosleep,Sleep Duration,other,6,0
865,1528,proc,5,nanosleep,Sleep Duration,other,6,0
866,1528,proc,5,nanosleep,Sleep Duration,other,6,0
867,1528,proc,5,nanosleep,Sleep Duration,other,6,0
868,1528,proc,5,nanosleep,Sleep Duration,other,6,0
869,1528,proc,5,nanosleep,Sleep Duration,other,6,0
870,1528,proc,5,nanosleep,Sleep Duration,other,6,0
871,1528,proc,5,nanosleep,Sleep Duration,other,6,0
872,1528,proc,5,nanosleep,Sleep Duration,other,6,0
873,1528,proc,5,nanosleep,Sleep Duration,other,6,0
874,1528,proc,5,nanosleep,Sleep Duration,other,6,0
875,1528,proc,5,nanosleep,Sleep Duration,other,6,0
876,1528,proc,5,nanosleep,Sleep Duration,other,6,0
877,1528,proc,5,nanosleep,Sleep Duration,other,6,0
878,1528,proc,5,nanosleep,Sleep Duration,other,6,0
879,1528,proc,5,nanosleep,Sleep Duration,other,6,0
880,1528,proc,5,nanosleep,Sleep Duration,other,6,0
881,1528,proc,5,nanosleep,Sleep Duration,other,6,0
882,1528,proc,5,nanosleep,Sleep Duration,other,6,0
883,1528,proc,5,nanosleep,Sleep Duration,other,6,0
884,1528,proc,5,nanosleep,Sleep Duration,other,6,0
885,1528,proc,5,nanosleep,Sleep Duration,other,6,0
886,1528,proc,5,nanosleep,Sleep Duration,other,6,0
887,1528,proc,5,nanosleep,Sleep Duration,other,6,0
888,1528,proc,5,nanosleep,Sleep Duration,other,6,0
889,1528,proc,5,nanosleep,Sleep Duration,other,6,0
890,1528,proc,5,nanosleep,Sleep Duration,other,6,0
891,1528,proc,5,nanosleep,Sleep Duration,other,6,0
892,1528,proc,5,nanosleep,Sleep Duration,other,6,0
893,1528,proc,5,nanosleep,Sleep Duration,other,6,0
894,1528,proc,5,nanosleep,Sleep Duration,other,6,0
895,1528,proc,5,nanosleep,Sleep Duration,other,6,0
896,1528,proc,5,nanosleep,Sleep Duration,other,6,0
897,1528,proc,5,nanosleep,Sleep Duration,other,6,0
898,1528,proc,5,futex,Memory Address,mem,51,1
899,1528,proc,5,futex,Memory Address,mem,51,1
900,1528,proc,5,nanosleep,Sleep Duration,other,6,0
901,1528,proc,5,nanosleep,Sleep Duration,other,6,0
902,1528,proc,5,nanosleep,Sleep Duration,other,6,0
903,1528,proc,5,nanosleep,Sleep Duration,other,6,0
904,1528,proc,5,nanosleep,Sleep Duration,other,6,0
905,1528,proc,5,nanosleep,Sleep Duration,other,6,0
906,1528,proc,5,nanosleep,Sleep Duration,other,6,0
907,1528,proc,5,nanosleep,Sleep Duration,other,6,0
908,1528,proc,5,nanosleep,Sleep Duration,other,6,0
909,1528,proc,5,nanosleep,Sleep Duration,other,6,0
910,1528,proc,5,nanosleep,Sleep Duration,other,6,0
911,1528,proc,5,nanosleep,Sleep Duration,other,6,0
912,1528,proc,5,nanosleep,Sleep Duration,other,6,0
913,1528,proc,5,nanosleep,Sleep Duration,other,6,0
914,1528,proc,5,nanosleep,Sleep Duration,other,6,0
915,1528,proc,5,nanosleep,Sleep Duration,other,6,0
916,1528,proc,5,nanosleep,Sleep Duration,other,6,0
917,1528,proc,5,nanosleep,Sleep Duration,other,6,0
918,1528,proc,5,nanosleep,Sleep Duration,other,6,0
919,1528,proc,5,nanosleep,Sleep Duration,other,6,0
920,1528,proc,5,nanosleep,Sleep Duration,other,6,0
921,1528,proc,5,nanosleep,Sleep Duration,other,6,0
922,1528,proc,5,nanosleep,Sleep Duration,other,6,0
923,1528,proc,5,nanosleep,Sleep Duration,other,6,0
924,1528,proc,5,futex,Memory Address,mem,51,1
925,1528,proc,5,futex,Memory Address,mem,51,1
926,1528,proc,5,nanosleep,Sleep Duration,other,6,0
927,1528,proc,5,nanosleep,Sleep Duration,other,6,0
928,1528,proc,5,nanosleep,Sleep Duration,other,6,0
929,1528,proc,5,getpid,ID,other,11,0
930,1528,proc,5,nanosleep,Sleep Duration,other,6,0
931,1528,proc,5,nanosleep,Sleep Duration,other,6,0
932,1528,proc,5,nanosleep,Sleep Duration,other,6,0
933,1528,proc,5,nanosleep,Sleep Duration,other,6,0
934,1528,proc,5,nanosleep,Sleep Duration,other,6,0
935,1528,proc,5,nanosleep,Sleep Duration,other,6,0
936,1528,proc,5,nanosleep,Sleep Duration,other,6,0
937,1528,proc,5,nanosleep,Sleep Duration,other,6,0
938,1528,proc,5,nanosleep,Sleep Duration,other,6,0
939,1528,proc,5,nanosleep,Sleep Duration,other,6,0
940,1528,proc,5,nanosleep,Sleep Duration,other,6,0
941,1528,proc,5,nanosleep,Sleep Duration,other,6,0
942,1528,proc,5,nanosleep,Sleep Duration,other,6,0
943,1528,proc,5,nanosleep,Sleep Duration,other,6,0
944,1528,proc,5,nanosleep,Sleep Duration,other,6,0
945,1528,proc,5,nanosleep,Sleep Duration,other,6,0
946,1528,proc,5,nanosleep,Sleep Duration,other,6,0
947,1528,proc,5,nanosleep,Sleep Duration,other,6,0
948,1528,proc,5,nanosleep,Sleep Duration,other,6,0
949,1528,proc,5,nanosleep,Sleep Duration,other,6,0
950,1528,proc,5,nanosleep,Sleep Duration,other,6,0
951,1528,proc,5,nanosleep,Sleep Duration,other,6,0
952,1528,proc,5,nanosleep,Sleep Duration,other,6,0
953,1528,proc,5,nanosleep,Sleep Duration,other,6,0
954,1528,proc,5,nanosleep,Sleep Duration,other,6,0
955,1528,proc,5,nanosleep,Sleep Duration,other,6,0
956,1528,proc,5,nanosleep,Sleep Duration,other,6,0
957,1528,proc,5,nanosleep,Sleep Duration,other,6,0
958,1528,proc,5,nanosleep,Sleep Duration,other,6,0
959,1528,proc,5,nanosleep,Sleep Duration,other,6,0
960,1528,proc,5,nanosleep,Sleep Duration,other,6,0
961,1528,proc,5,nanosleep,Sleep Duration,other,6,0
962,1528,proc,5,nanosleep,Sleep Duration,other,6,0
963,1528,proc,5,nanosleep,Sleep Duration,other,6,0
964,1528,proc,5,nanosleep,Sleep Duration,other,6,0
965,1528,proc,5,nanosleep,Sleep Duration,other,6,0
966,1528,proc,5,futex,Memory Address,mem,51,1
967,1528,proc,5,futex,Memory Address,mem,51,1
968,1528,proc,5,nanosleep,Sleep Duration,other,6,0
969,1528,proc,5,futex,Memory Address,mem,51,1
970,1528,proc,5,nanosleep,Sleep Duration,other,6,0
971,1528,proc,5,getpid,ID,other,11,0
972,1528,proc,5,nanosleep,Sleep Duration,other,6,0
973,1528,proc,5,nanosleep,Sleep Duration,other,6,0
974,1528,proc,5,nanosleep,Sleep Duration,other,6,0
975,1528,proc,5,nanosleep,Sleep Duration,other,6,0
976,1528,proc,5,nanosleep,Sleep Duration,other,6,0
977,1528,proc,5,nanosleep,Sleep Duration,other,6,0
978,1528,proc,5,nanosleep,Sleep Duration,other,6,0
979,1528,proc,5,nanosleep,Sleep Duration,other,6,0
980,1528,proc,5,nanosleep,Sleep Duration,other,6,0
981,1528,proc,5,nanosleep,Sleep Duration,other,6,0
982,1528,proc,5,nanosleep,Sleep Duration,other,6,0
983,1528,proc,5,nanosleep,Sleep Duration,other,6,0
984,1528,proc,5,nanosleep,Sleep Duration,other,6,0
985,1528,proc,5,nanosleep,Sleep Duration,other,6,0
986,1528,proc,5,nanosleep,Sleep Duration,other,6,0
987,1528,proc,5,nanosleep,Sleep Duration,other,6,0
988,1528,proc,5,nanosleep,Sleep Duration,other,6,0
989,1528,proc,5,nanosleep,Sleep Duration,other,6,0
990,1528,proc,5,nanosleep,Sleep Duration,other,6,0
991,1528,proc,5,nanosleep,Sleep Duration,other,6,0
992,1528,proc,5,nanosleep,Sleep Duration,other,6,0
993,1528,proc,5,nanosleep,Sleep Duration,other,6,0
994,1528,proc,5,nanosleep,Sleep Duration,other,6,0
995,1528,proc,5,nanosleep,Sleep Duration,other,6,0
996,1528,proc,5,nanosleep,Sleep Duration,other,6,0
997,1528,proc,5,nanosleep,Sleep Duration,other,6,0
998,1528,proc,5,nanosleep,Sleep Duration,other,6,0
999,1528,proc,5,nanosleep,Sleep Duration,other,6,0
1000,1528,proc,5,nanosleep,Sleep Duration,other,6,0
1001,1528,proc,5,nanosleep,Sleep Duration,other,6,0
1002,1528,proc,5,nanosleep,Sleep Duration,other,6,0
1003,1528,proc,5,nanosleep,Sleep Duration,other,6,0
1004,1528,proc,5,nanosleep,Sleep Duration,other,6,0
1005,1528,proc,5,nanosleep,Sleep Duration,other,6,0
1006,1528,proc,5,nanosleep,Sleep Duration,other,6,0
1007,1529,proc,17,set_robust_list,Memory Address,mem,51,1
1008,1529,proc,17,mmap2,Unknown,file,19,1
1009,1529,proc,17,munmap,Memory Address,mem,51,1
1010,1529,proc,17,munmap,Memory Address,mem,51,1
1011,1529,proc,17,mprotect,Memory Address,mem,51,1
1012,1529,proc,17,mmap2,Unknown,file,19,1
1013,1529,proc,17,mprotect,Memory Address,mem,51,1
1014,1529,proc,17,clone,1530,proc,23,1
1015,1529,proc,17,futex,Memory Address,mem,51,1
1016,1529,proc,17,futex,Memory Address,mem,51,1
1017,1529,proc,17,futex,Memory Address,mem,51,1
1018,1529,proc,17,nanosleep,Sleep Duration,other,6,0
1019,1529,proc,17,futex,Memory Address,mem,51,1
1020,1529,proc,17,futex,Memory Address,mem,51,1
1021,1529,proc,17,futex,Memory Address,mem,51,1
1022,1529,proc,17,futex,Memory Address,mem,51,1
1023,1529,proc,17,futex,Memory Address,mem,51,1
1024,1529,proc,17,futex,Memory Address,mem,51,1
1025,1529,proc,17,futex,Memory Address,mem,51,1
1026,1529,proc,17,futex,Memory Address,mem,51,1
1027,1529,proc,17,write,Unknown,file,19,1
1028,1529,proc,17,write,Unknown,file,19,1
1029,1529,proc,17,futex,Memory Address,mem,51,1
1030,1529,proc,17,futex,Memory Address,mem,51,1
1031,1529,proc,17,futex,Memory Address,mem,51,1
1032,1529,proc,17,futex,Memory Address,mem,51,1
1033,1529,proc,17,futex,Memory Address,mem,51,1
1034,1529,proc,17,futex,Memory Address,mem,51,1
1035,1529,proc,17,nanosleep,Sleep Duration,other,6,0
1036,1529,proc,17,futex,Memory Address,mem,51,1
1037,1529,proc,17,futex,Memory Address,mem,51,1
1038,1529,proc,17,futex,Memory Address,mem,51,1
1039,1529,proc,17,futex,Memory Address,mem,51,1
1040,1529,proc,17,nanosleep,Sleep Duration,other,6,0
1041,1529,proc,17,futex,Memory Address,mem,51,1
1042,1529,proc,17,futex,Memory Address,mem,51,1
1043,1529,proc,17,futex,Memory Address,mem,51,1
1044,1529,proc,17,write,Unknown,file,19,1
1045,1529,proc,17,futex,Memory Address,mem,51,1
1046,1529,proc,17,futex,Memory Address,mem,51,1
1047,1529,proc,17,futex,Memory Address,mem,51,1
1048,1529,proc,17,futex,Memory Address,mem,51,1
1049,1529,proc,17,write,Unknown,file,19,1
1050,1529,proc,17,open,/var/log/ZohoAssist/urs_crash.dmp,file,6,1
1051,1529,proc,17,fcntl,Unknown,file,19,1
1052,1529,proc,17,fcntl,Unknown,file,19,1
1053,1529,proc,17,fcntl,Unknown,file,19,1
1054,1529,proc,17,fcntl,Unknown,file,19,1
1055,1529,proc,17,fcntl,Unknown,file,19,1
1056,1529,proc,17,fcntl,Unknown,file,19,1
1057,1529,proc,17,fcntl,Unknown,file,19,1
1058,1529,proc,17,fcntl,Unknown,file,19,1
1059,1529,proc,17,getpid,ID,other,11,0
1060,1529,proc,17,clone,/usr/local/ZohoAssist/Service/ZohoAssistUnattended,proc,26,1
1061,1529,proc,17,read,Unknown,file,19,0
1062,1529,proc,17,wait4,/usr/local/ZohoAssist/Service/ZohoAssistUnattended,proc,26,0
1063,1529,proc,17,futex,Memory Address,mem,51,1
1064,1529,proc,17,write,Unknown,file,19,1
1065,1529,proc,17,write,Unknown,file,19,1
1066,1529,proc,17,futex,Memory Address,mem,51,1
1067,1529,proc,17,futex,Memory Address,mem,51,1
1068,1529,proc,17,open,/var/log/ZohoAssist/urs_crash.dmp,file,6,1
1069,1529,proc,17,fcntl,Unknown,file,19,1
1070,1529,proc,17,fcntl,Unknown,file,19,1
1071,1529,proc,17,fcntl,Unknown,file,19,1
1072,1529,proc,17,fcntl,Unknown,file,19,1
1073,1529,proc,17,fcntl,Unknown,file,19,1
1074,1529,proc,17,fcntl,Unknown,file,19,1
1075,1529,proc,17,fcntl,Unknown,file,19,1
1076,1529,proc,17,fcntl,Unknown,file,19,1
1077,1529,proc,17,getpid,ID,other,11,0
1078,1529,proc,17,clone,/usr/local/ZohoAssist/Service/ZohoAssistUnattended,proc,26,1
1079,1529,proc,17,read,Unknown,file,19,0
1080,1529,proc,17,wait4,/usr/local/ZohoAssist/Service/ZohoAssistUnattended,proc,26,0
1081,1529,proc,17,futex,Memory Address,mem,51,1
1082,1529,proc,17,write,Unknown,file,19,1
1083,1529,proc,17,write,Unknown,file,19,1
1084,1529,proc,17,write,Unknown,file,19,1
1085,1529,proc,17,futex,Memory Address,mem,51,1
1086,1529,proc,17,nanosleep,Sleep Duration,other,6,0
1087,1529,proc,17,futex,Memory Address,mem,51,1
1088,1529,proc,17,write,Unknown,file,19,1
1089,1529,proc,17,futex,Memory Address,mem,51,1
1090,1529,proc,17,nanosleep,Sleep Duration,other,6,0
1091,1529,proc,17,read,Unknown,file,19,0
1092,1529,proc,17,read,Unknown,file,19,0
1093,1529,proc,17,read,Unknown,file,19,0
1094,1529,proc,17,read,Unknown,file,19,0
1095,1529,proc,17,read,Unknown,file,19,0
1096,1529,proc,17,read,Unknown,file,19,0
1097,1529,proc,17,write,Unknown,file,19,1
1098,1530,proc,23,set_robust_list,Memory Address,mem,51,1
1099,1530,proc,23,futex,Memory Address,mem,51,1
1100,1530,proc,23,futex,Memory Address,mem,51,1
1101,1530,proc,23,futex,Memory Address,mem,51,1
1102,1530,proc,23,nanosleep,Sleep Duration,other,6,0
1103,1530,proc,23,futex,Memory Address,mem,51,1
1104,1530,proc,23,nanosleep,Sleep Duration,other,6,0
1105,1530,proc,23,futex,Memory Address,mem,51,1
1106,1530,proc,23,open,/var/log/ZohoAssist,file,1,1
1107,1530,proc,23,mmap2,Unknown,file,19,1
1108,1530,proc,23,futex,Memory Address,mem,51,1
1109,1530,proc,23,nanosleep,Sleep Duration,other,6,0
1110,1530,proc,23,futex,Memory Address,mem,51,1
1111,1530,proc,23,nanosleep,Sleep Duration,other,6,0
1112,1530,proc,23,futex,Memory Address,mem,51,1
1113,1530,proc,23,futex,Memory Address,mem,51,1
1114,1530,proc,23,fcntl,/var/log/ZohoAssist/urs_crash.dmp,file,6,1
1115,1530,proc,23,fcntl,/var/log/ZohoAssist/urs_crash.dmp,file,6,1
1116,1530,proc,23,fcntl,/var/log/ZohoAssist/urs_crash.dmp,file,6,1
1117,1530,proc,23,fcntl,/var/log/ZohoAssist/urs_crash.dmp,file,6,1
1118,1530,proc,23,fcntl,/var/log/ZohoAssist/urs_crash.dmp,file,6,1
1119,1530,proc,23,fcntl,/var/log/ZohoAssist/urs_crash.dmp,file,6,1
1120,1530,proc,23,getpid,ID,other,11,0
1121,1530,proc,23,clone,arch,proc,7,1
1122,1530,proc,23,read,/var/log/ZohoAssist/urs_crash.dmp,file,6,0
1123,1530,proc,23,futex,Memory Address,mem,51,1
1124,1530,proc,23,wait4,arch,proc,7,0
1125,1530,proc,23,futex,Memory Address,mem,51,1
1126,1530,proc,23,futex,Memory Address,mem,51,1
1127,1530,proc,23,fcntl,/var/log/ZohoAssist/urs_crash.dmp,file,6,1
1128,1530,proc,23,fcntl,/var/log/ZohoAssist/urs_crash.dmp,file,6,1
1129,1530,proc,23,fcntl,Unknown,file,19,1
1130,1530,proc,23,fcntl,Unknown,file,19,1
1131,1530,proc,23,fcntl,Unknown,file,19,1
1132,1530,proc,23,fcntl,Unknown,file,19,1
1133,1530,proc,23,getpid,ID,other,11,0
1134,1530,proc,23,clone,/usr/bin/lsb_release,proc,129,1
1135,1530,proc,23,read,Unknown,file,19,0
1136,1530,proc,23,futex,Memory Address,mem,51,1
1137,1530,proc,23,futex,Memory Address,mem,51,1
1138,1530,proc,23,wait4,/usr/bin/lsb_release,proc,129,0
1139,1530,proc,23,futex,Memory Address,mem,51,1
1140,1530,proc,23,read,/var/log/ZohoAssist/urs_crash.dmp,file,6,0
1141,1530,proc,23,read,/var/log/ZohoAssist/urs_crash.dmp,file,6,0
1142,1530,proc,23,read,/var/log/ZohoAssist/urs_crash.dmp,file,6,0
1143,1530,proc,23,futex,Memory Address,mem,51,1
1144,1530,proc,23,fcntl,Unknown,file,19,1
1145,1530,proc,23,fcntl,Unknown,file,19,1
1146,1530,proc,23,fcntl,Unknown,file,19,1
1147,1530,proc,23,fcntl,Unknown,file,19,1
1148,1530,proc,23,fcntl,Unknown,file,19,1
1149,1530,proc,23,fcntl,Unknown,file,19,1
1150,1530,proc,23,getpid,ID,other,11,0
1151,1530,proc,23,clone,/usr/bin/lsb_release,proc,129,1
1152,1530,proc,23,read,Unknown,file,19,0
1153,1530,proc,23,futex,Memory Address,mem,51,1
1154,1530,proc,23,futex,Memory Address,mem,51,1
1155,1530,proc,23,wait4,/usr/bin/lsb_release,proc,129,0
1156,1530,proc,23,nanosleep,Sleep Duration,other,6,0
1157,1530,proc,23,write,Unknown,file,19,1
1158,1530,proc,23,futex,Memory Address,mem,51,1
1159,1530,proc,23,futex,Memory Address,mem,51,1
1160,1530,proc,23,read,Unknown,file,19,0
1161,1530,proc,23,futex,Memory Address,mem,51,1
1162,1530,proc,23,futex,Memory Address,mem,51,1
1163,1530,proc,23,futex,Memory Address,mem,51,1
1164,1530,proc,23,nanosleep,Sleep Duration,other,6,0
1165,1530,proc,23,futex,Memory Address,mem,51,1
1166,1530,proc,23,write,Unknown,file,19,1
1167,1530,proc,23,futex,Memory Address,mem,51,1
1168,1530,proc,23,write,Unknown,file,19,1
1169,1530,proc,23,futex,Memory Address,mem,51,1
1170,1530,proc,23,futex,Memory Address,mem,51,1
1171,1530,proc,23,futex,Memory Address,mem,51,1
1172,1530,proc,23,write,Unknown,file,19,1
1173,1530,proc,23,futex,Memory Address,mem,51,1
1174,1530,proc,23,write,Unknown,file,19,1
1175,1530,proc,23,futex,Memory Address,mem,51,1
1176,1530,proc,23,futex,Memory Address,mem,51,1
1177,1530,proc,23,futex,Memory Address,mem,51,1
1178,1530,proc,23,write,Unknown,file,19,1
1179,1530,proc,23,futex,Memory Address,mem,51,1
1180,1530,proc,23,futex,Memory Address,mem,51,1
1181,1530,proc,23,futex,Memory Address,mem,51,1
1182,1530,proc,23,write,Unknown,file,19,1
1183,1530,proc,23,futex,Memory Address,mem,51,1
1184,1530,proc,23,nanosleep,Sleep Duration,other,6,0
1185,1530,proc,23,futex,Memory Address,mem,51,1
1186,1530,proc,23,write,Unknown,file,19,1
1187,1530,proc,23,write,Unknown,file,19,1
1188,1530,proc,23,futex,Memory Address,mem,51,1
1189,1530,proc,23,futex,Memory Address,mem,51,1
1190,1530,proc,23,futex,Memory Address,mem,51,1
1191,1530,proc,23,write,Unknown,file,19,1
1192,1530,proc,23,futex,Memory Address,mem,51,1
1193,1530,proc,23,nanosleep,Sleep Duration,other,6,0
1194,1530,proc,23,write,Unknown,file,19,1
1195,1530,proc,23,futex,Memory Address,mem,51,1
1196,1530,proc,23,futex,Memory Address,mem,51,1
1197,1530,proc,23,open,/var/log/ZohoAssist/urs_crash.dmp,file,6,1
1198,1530,proc,23,fcntl,Unknown,file,19,1
1199,1530,proc,23,fcntl,Unknown,file,19,1
1200,1530,proc,23,fcntl,Unknown,file,19,1
1201,1530,proc,23,fcntl,Unknown,file,19,1
1202,1530,proc,23,fcntl,Unknown,file,19,1
1203,1530,proc,23,fcntl,Unknown,file,19,1
1204,1530,proc,23,fcntl,Unknown,file,19,1
1205,1530,proc,23,fcntl,Unknown,file,19,1
1206,1530,proc,23,getpid,ID,other,11,0
1207,1530,proc,23,clone,/usr/local/ZohoAssist/Service/ZohoAssistUnattended,proc,26,1
1208,1530,proc,23,read,Unknown,file,19,0
1209,1530,proc,23,wait4,/usr/local/ZohoAssist/Service/ZohoAssistUnattended,proc,26,0
1210,1530,proc,23,futex,Memory Address,mem,51,1
1211,1530,proc,23,write,Unknown,file,19,1
1212,1530,proc,23,write,Unknown,file,19,1
1213,1530,proc,23,write,Unknown,file,19,1
1214,1530,proc,23,futex,Memory Address,mem,51,1
1215,1530,proc,23,futex,Memory Address,mem,51,1
1216,1530,proc,23,write,Unknown,file,19,1
1217,1530,proc,23,futex,Memory Address,mem,51,1
1218,1530,proc,23,futex,Memory Address,mem,51,1
1219,1530,proc,23,futex,Memory Address,mem,51,1
1220,1530,proc,23,open,/var/log/ZohoAssist/urs_crash.dmp,file,6,1
1221,1530,proc,23,fcntl,Unknown,file,19,1
1222,1530,proc,23,fcntl,Unknown,file,19,1
1223,1530,proc,23,fcntl,Unknown,file,19,1
1224,1530,proc,23,fcntl,Unknown,file,19,1
1225,1530,proc,23,fcntl,Unknown,file,19,1
1226,1530,proc,23,fcntl,Unknown,file,19,1
1227,1530,proc,23,fcntl,Unknown,file,19,1
1228,1530,proc,23,fcntl,Unknown,file,19,1
1229,1530,proc,23,getpid,ID,other,11,0
1230,1530,proc,23,clone,/usr/local/ZohoAssist/Service/ZohoAssistUnattended,proc,26,1
1231,1530,proc,23,read,Unknown,file,19,0
1232,1530,proc,23,wait4,/usr/local/ZohoAssist/Service/ZohoAssistUnattended,proc,26,0
1233,1530,proc,23,futex,Memory Address,mem,51,1
1234,1530,proc,23,write,Unknown,file,19,1
1235,1530,proc,23,write,Unknown,file,19,1
1236,1530,proc,23,futex,Memory Address,mem,51,1
1237,1530,proc,23,futex,Memory Address,mem,51,1
1238,1530,proc,23,write,Unknown,file,19,1
1239,1530,proc,23,futex,Memory Address,mem,51,1
1240,1530,proc,23,nanosleep,Sleep Duration,other,6,0
1241,1530,proc,23,read,Unknown,file,19,0
1242,1531,proc,21,set_robust_list,Memory Address,mem,51,1
1243,1531,proc,21,futex,Memory Address,mem,51,1
1244,1531,proc,21,futex,Memory Address,mem,51,1
1245,1531,proc,21,futex,Memory Address,mem,51,1
1246,1531,proc,21,futex,Memory Address,mem,51,1
1247,1531,proc,21,futex,Memory Address,mem,51,1
1248,1531,proc,21,futex,Memory Address,mem,51,1
1249,1531,proc,21,mmap2,Unknown,file,19,1
1250,1531,proc,21,open,/etc//localtime,file,2,1
1251,1531,proc,21,read,/etc//localtime,file,2,0
1252,1531,proc,21,read,/etc//localtime,file,2,0
1253,1531,proc,21,futex,Memory Address,mem,51,1
1254,1531,proc,21,open,/var/log/ZohoAssist/service.log,file,3,1
1255,1531,proc,21,write,/var/log/ZohoAssist/service.log,file,3,1
1256,1531,proc,21,futex,Memory Address,mem,51,1
1257,1531,proc,21,write,/var/log/ZohoAssist/service.log,file,3,1
1258,1531,proc,21,futex,Memory Address,mem,51,1
1259,1531,proc,21,write,/var/log/ZohoAssist/service.log,file,3,1
1260,1531,proc,21,futex,Memory Address,mem,51,1
1261,1531,proc,21,futex,Memory Address,mem,51,1
1262,1531,proc,21,write,/var/log/ZohoAssist/service.log,file,3,1
1263,1531,proc,21,futex,Memory Address,mem,51,1
1264,1531,proc,21,nanosleep,Sleep Duration,other,6,0
1265,1531,proc,21,futex,Memory Address,mem,51,1
1266,1531,proc,21,read,Unknown,file,19,0
1267,1531,proc,21,futex,Memory Address,mem,51,1
1268,1531,proc,21,futex,Memory Address,mem,51,1
1269,1531,proc,21,nanosleep,Sleep Duration,other,6,0
1270,1531,proc,21,futex,Memory Address,mem,51,1
1271,1531,proc,21,futex,Memory Address,mem,51,1
1272,1531,proc,21,read,Unknown,file,19,0
1273,1531,proc,21,futex,Memory Address,mem,51,1
1274,1531,proc,21,futex,Memory Address,mem,51,1
1275,1531,proc,21,futex,Memory Address,mem,51,1
1276,1531,proc,21,futex,Memory Address,mem,51,1
1277,1531,proc,21,read,Unknown,file,19,0
1278,1531,proc,21,futex,Memory Address,mem,51,1
1279,1531,proc,21,nanosleep,Sleep Duration,other,6,0
1280,1531,proc,21,mmap2,Unknown,file,19,1
1281,1531,proc,21,munmap,Memory Address,mem,51,1
1282,1531,proc,21,munmap,Memory Address,mem,51,1
1283,1531,proc,21,mprotect,Memory Address,mem,51,1
1284,1531,proc,21,mmap2,Unknown,file,19,1
1285,1531,proc,21,mprotect,Memory Address,mem,51,1
1286,1531,proc,21,clone,1538,proc,9,1
1287,1531,proc,21,read,Unknown,file,19,0
1288,1531,proc,21,futex,Memory Address,mem,51,1
1289,1531,proc,21,futex,Memory Address,mem,51,1
1290,1531,proc,21,futex,Memory Address,mem,51,1
1291,1531,proc,21,futex,Memory Address,mem,51,1
1292,1531,proc,21,nanosleep,Sleep Duration,other,6,0
1293,1531,proc,21,futex,Memory Address,mem,51,1
1294,1531,proc,21,futex,Memory Address,mem,51,1
1295,1531,proc,21,nanosleep,Sleep Duration,other,6,0
1296,1531,proc,21,futex,Memory Address,mem,51,1
1297,1531,proc,21,write,Unknown,file,19,1
1298,1531,proc,21,read,Unknown,file,19,0
1299,1531,proc,21,futex,Memory Address,mem,51,1
1300,1531,proc,21,open,/var/log/ZohoAssist/urs_crash.dmp,file,6,1
1301,1531,proc,21,fcntl,Unknown,file,19,1
1302,1531,proc,21,fcntl,Unknown,file,19,1
1303,1531,proc,21,fcntl,Unknown,file,19,1
1304,1531,proc,21,fcntl,Unknown,file,19,1
1305,1531,proc,21,fcntl,Unknown,file,19,1
1306,1531,proc,21,fcntl,Unknown,file,19,1
1307,1531,proc,21,fcntl,Unknown,file,19,1
1308,1531,proc,21,fcntl,Unknown,file,19,1
1309,1531,proc,21,getpid,ID,other,11,0
1310,1531,proc,21,clone,/usr/local/ZohoAssist/Service/ZohoAssistUnattended,proc,26,1
1311,1531,proc,21,read,Unknown,file,19,0
1312,1531,proc,21,wait4,/usr/local/ZohoAssist/Service/ZohoAssistUnattended,proc,26,0
1313,1531,proc,21,futex,Memory Address,mem,51,1
1314,1531,proc,21,write,Unknown,file,19,1
1315,1531,proc,21,write,/var/log/ZohoAssist/service.log,file,3,1
1316,1531,proc,21,write,Unknown,file,19,1
1317,1531,proc,21,futex,Memory Address,mem,51,1
1318,1531,proc,21,read,Unknown,file,19,0
1319,1531,proc,21,read,Unknown,file,19,0
1320,1531,proc,21,read,Unknown,file,19,0
1321,1531,proc,21,read,Unknown,file,19,0
1322,1531,proc,21,read,Unknown,file,19,0
1323,1531,proc,21,read,Unknown,file,19,0
1324,1531,proc,21,futex,Memory Address,mem,51,1
1325,1531,proc,21,futex,Memory Address,mem,51,1
1326,1531,proc,21,read,Unknown,file,19,0
1327,1531,proc,21,read,Unknown,file,19,0
1328,1531,proc,21,read,Unknown,file,19,0
1329,1531,proc,21,read,Unknown,file,19,0
1330,1531,proc,21,read,Unknown,file,19,0
1331,1531,proc,21,read,Unknown,file,19,0
1332,1531,proc,21,nanosleep,Sleep Duration,other,6,0
1333,1531,proc,21,read,Unknown,file,19,0
1334,1531,proc,21,read,Unknown,file,19,0
1335,1531,proc,21,read,Unknown,file,19,0
1336,1531,proc,21,nanosleep,Sleep Duration,other,6,0
1337,1531,proc,21,write,Unknown,file,19,1
1338,1531,proc,21,futex,Memory Address,mem,51,1
1339,1531,proc,21,nanosleep,Sleep Duration,other,6,0
1340,1531,proc,21,futex,Memory Address,mem,51,1
1341,1531,proc,21,open,/var/log/ZohoAssist/urs_crash.dmp,file,6,1
1342,1531,proc,21,fcntl,Unknown,file,19,1
1343,1531,proc,21,fcntl,Unknown,file,19,1
1344,1531,proc,21,fcntl,Unknown,file,19,1
1345,1531,proc,21,fcntl,Unknown,file,19,1
1346,1531,proc,21,fcntl,Unknown,file,19,1
1347,1531,proc,21,fcntl,Unknown,file,19,1
1348,1531,proc,21,fcntl,Unknown,file,19,1
1349,1531,proc,21,fcntl,Unknown,file,19,1
1350,1531,proc,21,getpid,ID,other,11,0
1351,1531,proc,21,clone,/usr/local/ZohoAssist/Service/ZohoAssistUnattended,proc,26,1
1352,1531,proc,21,read,Unknown,file,19,0
1353,1531,proc,21,wait4,/usr/local/ZohoAssist/Service/ZohoAssistUnattended,proc,26,0
1354,1531,proc,21,futex,Memory Address,mem,51,1
1355,1531,proc,21,write,Unknown,file,19,1
1356,1531,proc,21,write,/var/log/ZohoAssist/service.log,file,3,1
1357,1531,proc,21,write,Unknown,file,19,1
1358,1531,proc,21,futex,Memory Address,mem,51,1
1359,1531,proc,21,nanosleep,Sleep Duration,other,6,0
1360,1531,proc,21,futex,Memory Address,mem,51,1
1361,1531,proc,21,write,/var/log/ZohoAssist/service.log,file,3,1
1362,1531,proc,21,write,/var/log/ZohoAssist/service.log,file,3,1
1363,1531,proc,21,futex,Memory Address,mem,51,1
1364,1531,proc,21,write,Unknown,file,19,1
1365,1531,proc,21,futex,Memory Address,mem,51,1
1366,1532,proc,2,set_robust_list,Memory Address,mem,51,1
1367,arch,proc,7,brk,Memory Address,mem,51,1
1368,arch,proc,7,mprotect,Memory Address,mem,51,1
1369,arch,proc,7,arch_prctl,Memory Address,mem,51,1
1370,arch,proc,7,mprotect,Memory Address,mem,51,1
1371,arch,proc,7,mprotect,Memory Address,mem,51,1
1372,arch,proc,7,mprotect,Memory Address,mem,51,1
1373,arch,proc,7,munmap,Memory Address,mem,51,1
1374,arch,proc,7,brk,Memory Address,mem,51,1
1375,arch,proc,7,brk,Memory Address,mem,51,1
1376,arch,proc,7,exit_group,status:1,other,1,1
1377,/usr/bin/lsb_release,proc,129,brk,Memory Address,mem,51,1
1378,/usr/bin/lsb_release,proc,129,mprotect,Memory Address,mem,51,1
1379,/usr/bin/lsb_release,proc,129,mprotect,Memory Address,mem,51,1
1380,/usr/bin/lsb_release,proc,129,mprotect,Memory Address,mem,51,1
1381,/usr/bin/lsb_release,proc,129,mprotect,Memory Address,mem,51,1
1382,/usr/bin/lsb_release,proc,129,mprotect,Memory Address,mem,51,1
1383,/usr/bin/lsb_release,proc,129,mprotect,Memory Address,mem,51,1
1384,/usr/bin/lsb_release,proc,129,mprotect,Memory Address,mem,51,1
1385,/usr/bin/lsb_release,proc,129,arch_prctl,Memory Address,mem,51,1
1386,/usr/bin/lsb_release,proc,129,mprotect,Memory Address,mem,51,1
1387,/usr/bin/lsb_release,proc,129,mprotect,Memory Address,mem,51,1
1388,/usr/bin/lsb_release,proc,129,mprotect,Memory Address,mem,51,1
1389,/usr/bin/lsb_release,proc,129,mprotect,Memory Address,mem,51,1
1390,/usr/bin/lsb_release,proc,129,mprotect,Memory Address,mem,51,1
1391,/usr/bin/lsb_release,proc,129,mprotect,Memory Address,mem,51,1
1392,/usr/bin/lsb_release,proc,129,mprotect,Memory Address,mem,51,1
1393,/usr/bin/lsb_release,proc,129,mprotect,Memory Address,mem,51,1
1394,/usr/bin/lsb_release,proc,129,mprotect,Memory Address,mem,51,1
1395,/usr/bin/lsb_release,proc,129,munmap,Memory Address,mem,51,1
1396,/usr/bin/lsb_release,proc,129,set_tid_address,Memory Address,mem,51,1
1397,/usr/bin/lsb_release,proc,129,set_robust_list,Memory Address,mem,51,1
1398,/usr/bin/lsb_release,proc,129,prlimit64,8192*1024 bytes,other,4,0
1399,/usr/bin/lsb_release,proc,129,brk,Memory Address,mem,51,1
1400,/usr/bin/lsb_release,proc,129,brk,Memory Address,mem,51,1
1401,/usr/bin/lsb_release,proc,129,futex,Memory Address,mem,51,1
1402,/usr/bin/lsb_release,proc,129,munmap,Memory Address,mem,51,1
1403,/usr/bin/lsb_release,proc,129,readlink,/usr/bin/python3,file,3,0
1404,/usr/bin/lsb_release,proc,129,readlink,/usr/bin/python3.6,file,3,0
1405,/usr/bin/lsb_release,proc,129,stat,/usr/bin/Modules/Setup,file,3,0
1406,/usr/bin/lsb_release,proc,129,stat,/usr/bin/pybuilddir.txt,file,3,0
1407,/usr/bin/lsb_release,proc,129,brk,Memory Address,mem,51,1
1408,/usr/bin/lsb_release,proc,129,brk,Memory Address,mem,51,1
1409,/usr/bin/lsb_release,proc,129,getpid,ID,other,11,0
1410,/usr/bin/lsb_release,proc,129,brk,Memory Address,mem,51,1
1411,/usr/bin/lsb_release,proc,129,stat,/usr/bin/pyvenv.cfg,file,3,0
1412,/usr/bin/lsb_release,proc,129,stat,/usr/pyvenv.cfg,file,3,0
1413,/usr/bin/lsb_release,proc,129,lstat,"""/usr""",file,3,0
1414,/usr/bin/lsb_release,proc,129,lstat,"""/usr/bin""",file,3,0
1415,/usr/bin/lsb_release,proc,129,lstat,"""/usr/bin/python3""",file,3,0
1416,/usr/bin/lsb_release,proc,129,readlink,/usr/bin/python3,file,3,0
1417,/usr/bin/lsb_release,proc,129,lstat,"""/usr/bin/python3.6""",file,3,0
1418,/usr/bin/lsb_release,proc,129,stat,/usr/bin/Modules/Setup.dist,file,3,0
1419,/usr/bin/lsb_release,proc,129,stat,/usr/bin/Modules/Setup.local,file,3,0
1420,/usr/bin/lsb_release,proc,129,getuid,ID,other,11,0
1421,/usr/bin/lsb_release,proc,129,mprotect,Memory Address,mem,51,1
1422,/usr/bin/lsb_release,proc,129,mprotect,Memory Address,mem,51,1
1423,/usr/bin/lsb_release,proc,129,munmap,Memory Address,mem,51,1
1424,/usr/bin/lsb_release,proc,129,mprotect,Memory Address,mem,51,1
1425,/usr/bin/lsb_release,proc,129,mprotect,Memory Address,mem,51,1
1426,/usr/bin/lsb_release,proc,129,mprotect,Memory Address,mem,51,1
1427,/usr/bin/lsb_release,proc,129,mprotect,Memory Address,mem,51,1
1428,/usr/bin/lsb_release,proc,129,mprotect,Memory Address,mem,51,1
1429,/usr/bin/lsb_release,proc,129,mprotect,Memory Address,mem,51,1
1430,/usr/bin/lsb_release,proc,129,munmap,Memory Address,mem,51,1
1431,/usr/bin/lsb_release,proc,129,munmap,Memory Address,mem,51,1
1432,/usr/bin/lsb_release,proc,129,brk,Memory Address,mem,51,1
1433,/usr/bin/lsb_release,proc,129,brk,Memory Address,mem,51,1
1434,/usr/bin/lsb_release,proc,129,lstat,"""/usr""",file,3,0
1435,/usr/bin/lsb_release,proc,129,munmap,Memory Address,mem,51,1
1436,/usr/bin/lsb_release,proc,129,brk,Memory Address,mem,51,1
1437,/usr/bin/lsb_release,proc,129,brk,Memory Address,mem,51,1
1438,/usr/bin/lsb_release,proc,129,munmap,Memory Address,mem,51,1
1439,/usr/bin/lsb_release,proc,129,munmap,Memory Address,mem,51,1
1440,/usr/bin/lsb_release,proc,129,brk,Memory Address,mem,51,1
1441,/usr/bin/lsb_release,proc,129,brk,Memory Address,mem,51,1
1442,/usr/bin/lsb_release,proc,129,stat,/usr/bin/lsb_release,file,129,0
1443,/usr/bin/lsb_release,proc,129,stat,/usr/bin/lsb_release,file,129,0
1444,/usr/bin/lsb_release,proc,129,readlink,/usr/bin/lsb_release,file,129,0
1445,/usr/bin/lsb_release,proc,129,lstat,"""/usr""",file,3,0
1446,/usr/bin/lsb_release,proc,129,lstat,"""/usr/bin""",file,3,0
1447,/usr/bin/lsb_release,proc,129,lstat,"""/usr/bin/lsb_release""",file,3,0
1448,/usr/bin/lsb_release,proc,129,stat,/usr/bin,file,3,0
1449,/usr/bin/lsb_release,proc,129,stat,/usr/bin,file,3,0
1450,/usr/bin/lsb_release,proc,129,stat,/usr/bin,file,3,0
1451,/usr/bin/lsb_release,proc,129,stat,/usr/bin,file,3,0
1452,/usr/bin/lsb_release,proc,129,stat,/usr/bin,file,3,0
1453,/usr/bin/lsb_release,proc,129,stat,/usr/bin,file,3,0
1454,/usr/bin/lsb_release,proc,129,stat,/usr/bin,file,3,0
1455,/usr/bin/lsb_release,proc,129,stat,/usr/bin,file,3,0
1456,/usr/bin/lsb_release,proc,129,stat,/usr/bin,file,3,0
1457,/usr/bin/lsb_release,proc,129,munmap,Memory Address,mem,51,1
1458,/usr/bin/lsb_release,proc,129,stat,/usr/bin,file,3,0
1459,/usr/bin/lsb_release,proc,129,brk,Memory Address,mem,51,1
1460,/usr/bin/lsb_release,proc,129,stat,/usr/bin,file,3,0
1461,/usr/bin/lsb_release,proc,129,stat,/usr/bin/gettext/__init__.cpython-36m-x86_64-linux-gnu.so,file,3,0
1462,/usr/bin/lsb_release,proc,129,stat,/usr/bin/gettext/__init__.abi3.so,file,3,0
1463,/usr/bin/lsb_release,proc,129,stat,/usr/bin/gettext/__init__.so,file,3,0
1464,/usr/bin/lsb_release,proc,129,stat,/usr/bin/gettext/__init__.py,file,3,0
1465,/usr/bin/lsb_release,proc,129,stat,/usr/bin/gettext/__init__.pyc,file,3,0
1466,/usr/bin/lsb_release,proc,129,stat,/usr/bin/gettext,file,3,0
1467,/usr/bin/lsb_release,proc,129,stat,/usr/bin,file,3,0
1468,/usr/bin/lsb_release,proc,129,munmap,Memory Address,mem,51,1
1469,/usr/bin/lsb_release,proc,129,stat,/usr/bin,file,3,0
1470,/usr/bin/lsb_release,proc,129,stat,/usr/bin,file,3,0
1471,/usr/bin/lsb_release,proc,129,stat,/usr/bin,file,3,0
1472,/usr/bin/lsb_release,proc,129,stat,/usr/bin,file,3,0
1473,/usr/bin/lsb_release,proc,129,stat,/usr/bin/lsb_release/__init__.cpython-36m-x86_64-linux-gnu.so,file,3,0
1474,/usr/bin/lsb_release,proc,129,stat,/usr/bin/lsb_release/__init__.abi3.so,file,3,0
1475,/usr/bin/lsb_release,proc,129,stat,/usr/bin/lsb_release/__init__.so,file,3,0
1476,/usr/bin/lsb_release,proc,129,stat,/usr/bin/lsb_release/__init__.py,file,3,0
1477,/usr/bin/lsb_release,proc,129,stat,/usr/bin/lsb_release/__init__.pyc,file,3,0
1478,/usr/bin/lsb_release,proc,129,stat,/usr/bin/lsb_release,file,129,0
1479,/usr/bin/lsb_release,proc,129,stat,/usr/bin,file,3,0
1480,/usr/bin/lsb_release,proc,129,stat,/usr/bin,file,3,0
1481,/usr/bin/lsb_release,proc,129,brk,Memory Address,mem,51,1
1482,/usr/bin/lsb_release,proc,129,stat,/usr/bin,file,3,0
1483,/usr/bin/lsb_release,proc,129,stat,/usr/bin,file,3,0
1484,/usr/bin/lsb_release,proc,129,stat,/usr/bin,file,3,0
1485,/usr/bin/lsb_release,proc,129,stat,/usr/bin,file,3,0
1486,/usr/bin/lsb_release,proc,129,stat,/usr/bin,file,3,0
1487,/usr/bin/lsb_release,proc,129,stat,/usr/bin,file,3,0
1488,/usr/bin/lsb_release,proc,129,stat,/usr/bin,file,3,0
1489,/usr/bin/lsb_release,proc,129,stat,/usr/bin,file,3,0
1490,/usr/bin/lsb_release,proc,129,brk,Memory Address,mem,51,1
1491,/usr/bin/lsb_release,proc,129,stat,/usr/bin,file,3,0
1492,/usr/bin/lsb_release,proc,129,futex,Memory Address,mem,51,1
1493,/usr/bin/lsb_release,proc,129,mprotect,Memory Address,mem,51,1
1494,/usr/bin/lsb_release,proc,129,mprotect,Memory Address,mem,51,1
1495,/usr/bin/lsb_release,proc,129,stat,/etc/lsb-release,file,3,0
1496,/usr/bin/lsb_release,proc,129,munmap,Memory Address,mem,51,1
1497,/usr/bin/lsb_release,proc,129,exit_group,status:0,other,4,1
1498,/usr/bin/lsb_release,proc,129,brk,Memory Address,mem,51,1
1499,/usr/bin/lsb_release,proc,129,mprotect,Memory Address,mem,51,1
1500,/usr/bin/lsb_release,proc,129,mprotect,Memory Address,mem,51,1
1501,/usr/bin/lsb_release,proc,129,mprotect,Memory Address,mem,51,1
1502,/usr/bin/lsb_release,proc,129,mprotect,Memory Address,mem,51,1
1503,/usr/bin/lsb_release,proc,129,mprotect,Memory Address,mem,51,1
1504,/usr/bin/lsb_release,proc,129,mprotect,Memory Address,mem,51,1
1505,/usr/bin/lsb_release,proc,129,mprotect,Memory Address,mem,51,1
1506,/usr/bin/lsb_release,proc,129,arch_prctl,Memory Address,mem,51,1
1507,/usr/bin/lsb_release,proc,129,mprotect,Memory Address,mem,51,1
1508,/usr/bin/lsb_release,proc,129,mprotect,Memory Address,mem,51,1
1509,/usr/bin/lsb_release,proc,129,mprotect,Memory Address,mem,51,1
1510,/usr/bin/lsb_release,proc,129,mprotect,Memory Address,mem,51,1
1511,/usr/bin/lsb_release,proc,129,mprotect,Memory Address,mem,51,1
1512,/usr/bin/lsb_release,proc,129,mprotect,Memory Address,mem,51,1
1513,/usr/bin/lsb_release,proc,129,mprotect,Memory Address,mem,51,1
1514,/usr/bin/lsb_release,proc,129,mprotect,Memory Address,mem,51,1
1515,/usr/bin/lsb_release,proc,129,mprotect,Memory Address,mem,51,1
1516,/usr/bin/lsb_release,proc,129,munmap,Memory Address,mem,51,1
1517,/usr/bin/lsb_release,proc,129,set_tid_address,Memory Address,mem,51,1
1518,/usr/bin/lsb_release,proc,129,set_robust_list,Memory Address,mem,51,1
1519,/usr/bin/lsb_release,proc,129,prlimit64,8192*1024 bytes,other,4,0
1520,/usr/bin/lsb_release,proc,129,brk,Memory Address,mem,51,1
1521,/usr/bin/lsb_release,proc,129,brk,Memory Address,mem,51,1
1522,/usr/bin/lsb_release,proc,129,futex,Memory Address,mem,51,1
1523,/usr/bin/lsb_release,proc,129,munmap,Memory Address,mem,51,1
1524,/usr/bin/lsb_release,proc,129,readlink,/usr/bin/python3,file,3,0
1525,/usr/bin/lsb_release,proc,129,readlink,/usr/bin/python3.6,file,3,0
1526,/usr/bin/lsb_release,proc,129,stat,/usr/bin/Modules/Setup,file,3,0
1527,/usr/bin/lsb_release,proc,129,stat,/usr/bin/pybuilddir.txt,file,3,0
1528,/usr/bin/lsb_release,proc,129,brk,Memory Address,mem,51,1
1529,/usr/bin/lsb_release,proc,129,brk,Memory Address,mem,51,1
1530,/usr/bin/lsb_release,proc,129,getpid,ID,other,11,0
1531,/usr/bin/lsb_release,proc,129,brk,Memory Address,mem,51,1
1532,/usr/bin/lsb_release,proc,129,stat,/usr/bin/pyvenv.cfg,file,3,0
1533,/usr/bin/lsb_release,proc,129,stat,/usr/pyvenv.cfg,file,3,0
1534,/usr/bin/lsb_release,proc,129,lstat,"""/usr""",file,3,0
1535,/usr/bin/lsb_release,proc,129,lstat,"""/usr/bin""",file,3,0
1536,/usr/bin/lsb_release,proc,129,lstat,"""/usr/bin/python3""",file,3,0
1537,/usr/bin/lsb_release,proc,129,readlink,/usr/bin/python3,file,3,0
1538,/usr/bin/lsb_release,proc,129,lstat,"""/usr/bin/python3.6""",file,3,0
1539,/usr/bin/lsb_release,proc,129,stat,/usr/bin/Modules/Setup.dist,file,3,0
1540,/usr/bin/lsb_release,proc,129,stat,/usr/bin/Modules/Setup.local,file,3,0
1541,/usr/bin/lsb_release,proc,129,getuid,ID,other,11,0
1542,/usr/bin/lsb_release,proc,129,mprotect,Memory Address,mem,51,1
1543,/usr/bin/lsb_release,proc,129,mprotect,Memory Address,mem,51,1
1544,/usr/bin/lsb_release,proc,129,munmap,Memory Address,mem,51,1
1545,/usr/bin/lsb_release,proc,129,mprotect,Memory Address,mem,51,1
1546,/usr/bin/lsb_release,proc,129,mprotect,Memory Address,mem,51,1
1547,/usr/bin/lsb_release,proc,129,mprotect,Memory Address,mem,51,1
1548,/usr/bin/lsb_release,proc,129,mprotect,Memory Address,mem,51,1
1549,/usr/bin/lsb_release,proc,129,mprotect,Memory Address,mem,51,1
1550,/usr/bin/lsb_release,proc,129,mprotect,Memory Address,mem,51,1
1551,/usr/bin/lsb_release,proc,129,munmap,Memory Address,mem,51,1
1552,/usr/bin/lsb_release,proc,129,munmap,Memory Address,mem,51,1
1553,/usr/bin/lsb_release,proc,129,brk,Memory Address,mem,51,1
1554,/usr/bin/lsb_release,proc,129,brk,Memory Address,mem,51,1
1555,/usr/bin/lsb_release,proc,129,lstat,"""/usr""",file,3,0
1556,/usr/bin/lsb_release,proc,129,munmap,Memory Address,mem,51,1
1557,/usr/bin/lsb_release,proc,129,brk,Memory Address,mem,51,1
1558,/usr/bin/lsb_release,proc,129,brk,Memory Address,mem,51,1
1559,/usr/bin/lsb_release,proc,129,munmap,Memory Address,mem,51,1
1560,/usr/bin/lsb_release,proc,129,munmap,Memory Address,mem,51,1
1561,/usr/bin/lsb_release,proc,129,brk,Memory Address,mem,51,1
1562,/usr/bin/lsb_release,proc,129,brk,Memory Address,mem,51,1
1563,/usr/bin/lsb_release,proc,129,stat,/usr/bin/lsb_release,file,129,0
1564,/usr/bin/lsb_release,proc,129,stat,/usr/bin/lsb_release,file,129,0
1565,/usr/bin/lsb_release,proc,129,readlink,/usr/bin/lsb_release,file,129,0
1566,/usr/bin/lsb_release,proc,129,lstat,"""/usr""",file,3,0
1567,/usr/bin/lsb_release,proc,129,lstat,"""/usr/bin""",file,3,0
1568,/usr/bin/lsb_release,proc,129,lstat,"""/usr/bin/lsb_release""",file,3,0
1569,/usr/bin/lsb_release,proc,129,stat,/usr/bin,file,3,0
1570,/usr/bin/lsb_release,proc,129,stat,/usr/bin,file,3,0
1571,/usr/bin/lsb_release,proc,129,stat,/usr/bin,file,3,0
1572,/usr/bin/lsb_release,proc,129,stat,/usr/bin,file,3,0
1573,/usr/bin/lsb_release,proc,129,stat,/usr/bin,file,3,0
1574,/usr/bin/lsb_release,proc,129,stat,/usr/bin,file,3,0
1575,/usr/bin/lsb_release,proc,129,stat,/usr/bin,file,3,0
1576,/usr/bin/lsb_release,proc,129,stat,/usr/bin,file,3,0
1577,/usr/bin/lsb_release,proc,129,stat,/usr/bin,file,3,0
1578,/usr/bin/lsb_release,proc,129,munmap,Memory Address,mem,51,1
1579,/usr/bin/lsb_release,proc,129,stat,/usr/bin,file,3,0
1580,/usr/bin/lsb_release,proc,129,brk,Memory Address,mem,51,1
1581,/usr/bin/lsb_release,proc,129,stat,/usr/bin,file,3,0
1582,/usr/bin/lsb_release,proc,129,stat,/usr/bin/gettext/__init__.cpython-36m-x86_64-linux-gnu.so,file,3,0
1583,/usr/bin/lsb_release,proc,129,stat,/usr/bin/gettext/__init__.abi3.so,file,3,0
1584,/usr/bin/lsb_release,proc,129,stat,/usr/bin/gettext/__init__.so,file,3,0
1585,/usr/bin/lsb_release,proc,129,stat,/usr/bin/gettext/__init__.py,file,3,0
1586,/usr/bin/lsb_release,proc,129,stat,/usr/bin/gettext/__init__.pyc,file,3,0
1587,/usr/bin/lsb_release,proc,129,stat,/usr/bin/gettext,file,3,0
1588,/usr/bin/lsb_release,proc,129,stat,/usr/bin,file,3,0
1589,/usr/bin/lsb_release,proc,129,munmap,Memory Address,mem,51,1
1590,/usr/bin/lsb_release,proc,129,stat,/usr/bin,file,3,0
1591,/usr/bin/lsb_release,proc,129,stat,/usr/bin,file,3,0
1592,/usr/bin/lsb_release,proc,129,stat,/usr/bin,file,3,0
1593,/usr/bin/lsb_release,proc,129,stat,/usr/bin,file,3,0
1594,/usr/bin/lsb_release,proc,129,stat,/usr/bin/lsb_release/__init__.cpython-36m-x86_64-linux-gnu.so,file,3,0
1595,/usr/bin/lsb_release,proc,129,stat,/usr/bin/lsb_release/__init__.abi3.so,file,3,0
1596,/usr/bin/lsb_release,proc,129,stat,/usr/bin/lsb_release/__init__.so,file,3,0
1597,/usr/bin/lsb_release,proc,129,stat,/usr/bin/lsb_release/__init__.py,file,3,0
1598,/usr/bin/lsb_release,proc,129,stat,/usr/bin/lsb_release/__init__.pyc,file,3,0
1599,/usr/bin/lsb_release,proc,129,stat,/usr/bin/lsb_release,file,129,0
1600,/usr/bin/lsb_release,proc,129,stat,/usr/bin,file,3,0
1601,/usr/bin/lsb_release,proc,129,stat,/usr/bin,file,3,0
1602,/usr/bin/lsb_release,proc,129,brk,Memory Address,mem,51,1
1603,/usr/bin/lsb_release,proc,129,stat,/usr/bin,file,3,0
1604,/usr/bin/lsb_release,proc,129,stat,/usr/bin,file,3,0
1605,/usr/bin/lsb_release,proc,129,stat,/usr/bin,file,3,0
1606,/usr/bin/lsb_release,proc,129,stat,/usr/bin,file,3,0
1607,/usr/bin/lsb_release,proc,129,stat,/usr/bin,file,3,0
1608,/usr/bin/lsb_release,proc,129,stat,/usr/bin,file,3,0
1609,/usr/bin/lsb_release,proc,129,stat,/usr/bin,file,3,0
1610,/usr/bin/lsb_release,proc,129,stat,/usr/bin,file,3,0
1611,/usr/bin/lsb_release,proc,129,brk,Memory Address,mem,51,1
1612,/usr/bin/lsb_release,proc,129,stat,/usr/bin,file,3,0
1613,/usr/bin/lsb_release,proc,129,futex,Memory Address,mem,51,1
1614,/usr/bin/lsb_release,proc,129,mprotect,Memory Address,mem,51,1
1615,/usr/bin/lsb_release,proc,129,mprotect,Memory Address,mem,51,1
1616,/usr/bin/lsb_release,proc,129,stat,/etc/lsb-release,file,3,0
1617,/usr/bin/lsb_release,proc,129,munmap,Memory Address,mem,51,1
1618,/usr/bin/lsb_release,proc,129,exit_group,status:0,other,4,1
1619,/usr/bin/lsb_release,proc,129,brk,Memory Address,mem,51,1
1620,/usr/bin/lsb_release,proc,129,mprotect,Memory Address,mem,51,1
1621,/usr/bin/lsb_release,proc,129,mprotect,Memory Address,mem,51,1
1622,/usr/bin/lsb_release,proc,129,mprotect,Memory Address,mem,51,1
1623,/usr/bin/lsb_release,proc,129,mprotect,Memory Address,mem,51,1
1624,/usr/bin/lsb_release,proc,129,mprotect,Memory Address,mem,51,1
1625,/usr/bin/lsb_release,proc,129,mprotect,Memory Address,mem,51,1
1626,/usr/bin/lsb_release,proc,129,mprotect,Memory Address,mem,51,1
1627,/usr/bin/lsb_release,proc,129,arch_prctl,Memory Address,mem,51,1
1628,/usr/bin/lsb_release,proc,129,mprotect,Memory Address,mem,51,1
1629,/usr/bin/lsb_release,proc,129,mprotect,Memory Address,mem,51,1
1630,/usr/bin/lsb_release,proc,129,mprotect,Memory Address,mem,51,1
1631,/usr/bin/lsb_release,proc,129,mprotect,Memory Address,mem,51,1
1632,/usr/bin/lsb_release,proc,129,mprotect,Memory Address,mem,51,1
1633,/usr/bin/lsb_release,proc,129,mprotect,Memory Address,mem,51,1
1634,/usr/bin/lsb_release,proc,129,mprotect,Memory Address,mem,51,1
1635,/usr/bin/lsb_release,proc,129,mprotect,Memory Address,mem,51,1
1636,/usr/bin/lsb_release,proc,129,mprotect,Memory Address,mem,51,1
1637,/usr/bin/lsb_release,proc,129,munmap,Memory Address,mem,51,1
1638,/usr/bin/lsb_release,proc,129,set_tid_address,Memory Address,mem,51,1
1639,/usr/bin/lsb_release,proc,129,set_robust_list,Memory Address,mem,51,1
1640,/usr/bin/lsb_release,proc,129,prlimit64,8192*1024 bytes,other,4,0
1641,/usr/bin/lsb_release,proc,129,brk,Memory Address,mem,51,1
1642,/usr/bin/lsb_release,proc,129,brk,Memory Address,mem,51,1
1643,/usr/bin/lsb_release,proc,129,futex,Memory Address,mem,51,1
1644,/usr/bin/lsb_release,proc,129,munmap,Memory Address,mem,51,1
1645,/usr/bin/lsb_release,proc,129,readlink,/usr/bin/python3,file,3,0
1646,/usr/bin/lsb_release,proc,129,readlink,/usr/bin/python3.6,file,3,0
1647,/usr/bin/lsb_release,proc,129,stat,/usr/bin/Modules/Setup,file,3,0
1648,/usr/bin/lsb_release,proc,129,stat,/usr/bin/pybuilddir.txt,file,3,0
1649,/usr/bin/lsb_release,proc,129,brk,Memory Address,mem,51,1
1650,/usr/bin/lsb_release,proc,129,brk,Memory Address,mem,51,1
1651,/usr/bin/lsb_release,proc,129,getpid,ID,other,11,0
1652,/usr/bin/lsb_release,proc,129,brk,Memory Address,mem,51,1
1653,/usr/bin/lsb_release,proc,129,stat,/usr/bin/pyvenv.cfg,file,3,0
1654,/usr/bin/lsb_release,proc,129,stat,/usr/pyvenv.cfg,file,3,0
1655,/usr/bin/lsb_release,proc,129,lstat,"""/usr""",file,3,0
1656,/usr/bin/lsb_release,proc,129,lstat,"""/usr/bin""",file,3,0
1657,/usr/bin/lsb_release,proc,129,lstat,"""/usr/bin/python3""",file,3,0
1658,/usr/bin/lsb_release,proc,129,readlink,/usr/bin/python3,file,3,0
1659,/usr/bin/lsb_release,proc,129,lstat,"""/usr/bin/python3.6""",file,3,0
1660,/usr/bin/lsb_release,proc,129,stat,/usr/bin/Modules/Setup.dist,file,3,0
1661,/usr/bin/lsb_release,proc,129,stat,/usr/bin/Modules/Setup.local,file,3,0
1662,/usr/bin/lsb_release,proc,129,getuid,ID,other,11,0
1663,/usr/bin/lsb_release,proc,129,mprotect,Memory Address,mem,51,1
1664,/usr/bin/lsb_release,proc,129,mprotect,Memory Address,mem,51,1
1665,/usr/bin/lsb_release,proc,129,munmap,Memory Address,mem,51,1
1666,/usr/bin/lsb_release,proc,129,mprotect,Memory Address,mem,51,1
1667,/usr/bin/lsb_release,proc,129,mprotect,Memory Address,mem,51,1
1668,/usr/bin/lsb_release,proc,129,mprotect,Memory Address,mem,51,1
1669,/usr/bin/lsb_release,proc,129,mprotect,Memory Address,mem,51,1
1670,/usr/bin/lsb_release,proc,129,mprotect,Memory Address,mem,51,1
1671,/usr/bin/lsb_release,proc,129,mprotect,Memory Address,mem,51,1
1672,/usr/bin/lsb_release,proc,129,munmap,Memory Address,mem,51,1
1673,/usr/bin/lsb_release,proc,129,munmap,Memory Address,mem,51,1
1674,/usr/bin/lsb_release,proc,129,brk,Memory Address,mem,51,1
1675,/usr/bin/lsb_release,proc,129,brk,Memory Address,mem,51,1
1676,/usr/bin/lsb_release,proc,129,lstat,"""/usr""",file,3,0
1677,/usr/bin/lsb_release,proc,129,munmap,Memory Address,mem,51,1
1678,/usr/bin/lsb_release,proc,129,brk,Memory Address,mem,51,1
1679,/usr/bin/lsb_release,proc,129,brk,Memory Address,mem,51,1
1680,/usr/bin/lsb_release,proc,129,munmap,Memory Address,mem,51,1
1681,/usr/bin/lsb_release,proc,129,munmap,Memory Address,mem,51,1
1682,/usr/bin/lsb_release,proc,129,brk,Memory Address,mem,51,1
1683,/usr/bin/lsb_release,proc,129,brk,Memory Address,mem,51,1
1684,/usr/bin/lsb_release,proc,129,stat,/usr/bin/lsb_release,file,129,0
1685,/usr/bin/lsb_release,proc,129,stat,/usr/bin/lsb_release,file,129,0
1686,/usr/bin/lsb_release,proc,129,readlink,/usr/bin/lsb_release,file,129,0
1687,/usr/bin/lsb_release,proc,129,lstat,"""/usr""",file,3,0
1688,/usr/bin/lsb_release,proc,129,lstat,"""/usr/bin""",file,3,0
1689,/usr/bin/lsb_release,proc,129,lstat,"""/usr/bin/lsb_release""",file,3,0
1690,/usr/bin/lsb_release,proc,129,stat,/usr/bin,file,3,0
1691,/usr/bin/lsb_release,proc,129,stat,/usr/bin,file,3,0
1692,/usr/bin/lsb_release,proc,129,stat,/usr/bin,file,3,0
1693,/usr/bin/lsb_release,proc,129,stat,/usr/bin,file,3,0
1694,/usr/bin/lsb_release,proc,129,stat,/usr/bin,file,3,0
1695,/usr/bin/lsb_release,proc,129,stat,/usr/bin,file,3,0
1696,/usr/bin/lsb_release,proc,129,stat,/usr/bin,file,3,0
1697,/usr/bin/lsb_release,proc,129,stat,/usr/bin,file,3,0
1698,/usr/bin/lsb_release,proc,129,stat,/usr/bin,file,3,0
1699,/usr/bin/lsb_release,proc,129,munmap,Memory Address,mem,51,1
1700,/usr/bin/lsb_release,proc,129,stat,/usr/bin,file,3,0
1701,/usr/bin/lsb_release,proc,129,brk,Memory Address,mem,51,1
1702,/usr/bin/lsb_release,proc,129,stat,/usr/bin,file,3,0
1703,/usr/bin/lsb_release,proc,129,stat,/usr/bin/gettext/__init__.cpython-36m-x86_64-linux-gnu.so,file,3,0
1704,/usr/bin/lsb_release,proc,129,stat,/usr/bin/gettext/__init__.abi3.so,file,3,0
1705,/usr/bin/lsb_release,proc,129,stat,/usr/bin/gettext/__init__.so,file,3,0
1706,/usr/bin/lsb_release,proc,129,stat,/usr/bin/gettext/__init__.py,file,3,0
1707,/usr/bin/lsb_release,proc,129,stat,/usr/bin/gettext/__init__.pyc,file,3,0
1708,/usr/bin/lsb_release,proc,129,stat,/usr/bin/gettext,file,3,0
1709,/usr/bin/lsb_release,proc,129,stat,/usr/bin,file,3,0
1710,/usr/bin/lsb_release,proc,129,munmap,Memory Address,mem,51,1
1711,/usr/bin/lsb_release,proc,129,stat,/usr/bin,file,3,0
1712,/usr/bin/lsb_release,proc,129,stat,/usr/bin,file,3,0
1713,/usr/bin/lsb_release,proc,129,stat,/usr/bin,file,3,0
1714,/usr/bin/lsb_release,proc,129,stat,/usr/bin,file,3,0
1715,/usr/bin/lsb_release,proc,129,stat,/usr/bin/lsb_release/__init__.cpython-36m-x86_64-linux-gnu.so,file,3,0
1716,/usr/bin/lsb_release,proc,129,stat,/usr/bin/lsb_release/__init__.abi3.so,file,3,0
1717,/usr/bin/lsb_release,proc,129,stat,/usr/bin/lsb_release/__init__.so,file,3,0
1718,/usr/bin/lsb_release,proc,129,stat,/usr/bin/lsb_release/__init__.py,file,3,0
1719,/usr/bin/lsb_release,proc,129,stat,/usr/bin/lsb_release/__init__.pyc,file,3,0
1720,/usr/bin/lsb_release,proc,129,stat,/usr/bin/lsb_release,file,129,0
1721,/usr/bin/lsb_release,proc,129,stat,/usr/bin,file,3,0
1722,/usr/bin/lsb_release,proc,129,stat,/usr/bin,file,3,0
1723,/usr/bin/lsb_release,proc,129,brk,Memory Address,mem,51,1
1724,/usr/bin/lsb_release,proc,129,stat,/usr/bin,file,3,0
1725,/usr/bin/lsb_release,proc,129,stat,/usr/bin,file,3,0
1726,/usr/bin/lsb_release,proc,129,stat,/usr/bin,file,3,0
1727,/usr/bin/lsb_release,proc,129,stat,/usr/bin,file,3,0
1728,/usr/bin/lsb_release,proc,129,stat,/usr/bin,file,3,0
1729,/usr/bin/lsb_release,proc,129,stat,/usr/bin,file,3,0
1730,/usr/bin/lsb_release,proc,129,stat,/usr/bin,file,3,0
1731,/usr/bin/lsb_release,proc,129,stat,/usr/bin,file,3,0
1732,/usr/bin/lsb_release,proc,129,brk,Memory Address,mem,51,1
1733,/usr/bin/lsb_release,proc,129,stat,/usr/bin,file,3,0
1734,/usr/bin/lsb_release,proc,129,futex,Memory Address,mem,51,1
1735,/usr/bin/lsb_release,proc,129,mprotect,Memory Address,mem,51,1
1736,/usr/bin/lsb_release,proc,129,mprotect,Memory Address,mem,51,1
1737,/usr/bin/lsb_release,proc,129,stat,/etc/lsb-release,file,3,0
1738,/usr/bin/lsb_release,proc,129,munmap,Memory Address,mem,51,1
1739,/usr/bin/lsb_release,proc,129,exit_group,status:0,other,4,1
1740,1538,proc,9,set_robust_list,Memory Address,mem,51,1
1741,1538,proc,9,futex,Memory Address,mem,51,1
1742,1538,proc,9,read,Unknown,file,19,0
1743,1538,proc,9,read,Unknown,file,19,0
1744,1538,proc,9,read,Unknown,file,19,0
1745,1538,proc,9,futex,Memory Address,mem,51,1
1746,1538,proc,9,futex,Memory Address,mem,51,1
1747,1538,proc,9,futex,Memory Address,mem,51,1
1748,1538,proc,9,rm,/var/log/ZohoAssist/UpgraderTiming,file,2,0
1749,1538,proc,9,rm,/var/log/ZohoAssist/UpgraderTiming,file,2,0
1750,1538,proc,9,open,/var/log/ZohoAssist/UpgraderTiming,file,2,1
1751,1538,proc,9,futex,Memory Address,mem,51,1
1752,1538,proc,9,read,Unknown,file,19,0
1753,1538,proc,9,write,Unknown,file,19,1
1754,1538,proc,9,futex,Memory Address,mem,51,1
1755,1538,proc,9,futex,Memory Address,mem,51,1
1756,1538,proc,9,write,/var/log/ZohoAssist/service.log,file,3,1
1757,1538,proc,9,futex,Memory Address,mem,51,1
1758,1538,proc,9,write,Unknown,file,19,1
1759,1538,proc,9,futex,Memory Address,mem,51,1
1760,1538,proc,9,write,/var/log/ZohoAssist/service.log,file,3,1
1761,1538,proc,9,futex,Memory Address,mem,51,1
1762,1538,proc,9,nanosleep,Sleep Duration,other,6,0
1763,1538,proc,9,write,Unknown,file,19,1
1764,1538,proc,9,futex,Memory Address,mem,51,1
1765,1538,proc,9,futex,Memory Address,mem,51,1
1766,1538,proc,9,futex,Memory Address,mem,51,1
1767,1538,proc,9,futex,Memory Address,mem,51,1
1768,1538,proc,9,futex,Memory Address,mem,51,1
1769,1538,proc,9,futex,Memory Address,mem,51,1
1770,/usr/bin/arch,proc,7,brk,Memory Address,mem,51,1
1771,/usr/bin/arch,proc,7,mprotect,Memory Address,mem,51,1
1772,/usr/bin/arch,proc,7,arch_prctl,Memory Address,mem,51,1
1773,/usr/bin/arch,proc,7,mprotect,Memory Address,mem,51,1
1774,/usr/bin/arch,proc,7,mprotect,Memory Address,mem,51,1
1775,/usr/bin/arch,proc,7,mprotect,Memory Address,mem,51,1
1776,/usr/bin/arch,proc,7,munmap,Memory Address,mem,51,1
1777,/usr/bin/arch,proc,7,brk,Memory Address,mem,51,1
1778,/usr/bin/arch,proc,7,brk,Memory Address,mem,51,1
1779,/usr/bin/arch,proc,7,exit_group,status:0,other,4,1
