node_name,type,appearance,importance
malware,proc,252,False
Unknown,file,276,True
/proc/self/exe,file,2,False
Memory Address,mem,457,True
uname,file,3,False
8192*1024 bytes,other,4,False
/sys/kernel/mm/transparent_hugepage/hpage_pmd_size,file,2,True
1528,proc,755,True
1529,proc,92,True
1531,proc,125,True
1532,proc,2,True
stdin,file,1,False
ID,other,36,False
/usr/bin/lsb_release,proc,381,True
/usr/bin/arch,proc,12,True
/var/log/ZohoAssist/urs_crash.dmp,file,25,True
/usr/local/ZohoAssist/Service/ZohoAssistUnattended,proc,26,True
Sleep Duration,other,728,False
1530,proc,145,True
/var/log/ZohoAssist,file,1,True
arch,proc,12,True
/etc//localtime,file,3,True
/var/log/ZohoAssist/service.log,file,11,True
1538,proc,31,True
status:1,other,1,True
/usr/bin/python3,file,6,False
/usr/bin/python3.6,file,3,False
/usr/bin/Modules/Setup,file,3,False
/usr/bin/pybuilddir.txt,file,3,False
/usr/bin/pyvenv.cfg,file,3,False
/usr/pyvenv.cfg,file,3,False
"""/usr""",file,9,False
"""/usr/bin""",file,6,False
"""/usr/bin/python3""",file,3,False
"""/usr/bin/python3.6""",file,3,False
/usr/bin/Modules/Setup.dist,file,3,False
/usr/bin/Modules/Setup.local,file,3,False
"""/usr/bin/lsb_release""",file,3,False
/usr/bin,file,81,False
/usr/bin/gettext/__init__.cpython-36m-x86_64-linux-gnu.so,file,3,False
/usr/bin/gettext/__init__.abi3.so,file,3,False
/usr/bin/gettext/__init__.so,file,3,False
/usr/bin/gettext/__init__.py,file,3,False
/usr/bin/gettext/__init__.pyc,file,3,False
/usr/bin/gettext,file,3,False
/usr/bin/lsb_release/__init__.cpython-36m-x86_64-linux-gnu.so,file,3,False
/usr/bin/lsb_release/__init__.abi3.so,file,3,False
/usr/bin/lsb_release/__init__.so,file,3,False
/usr/bin/lsb_release/__init__.py,file,3,False
/usr/bin/lsb_release/__init__.pyc,file,3,False
/etc/lsb-release,file,3,False
status:0,other,4,True
/var/log/ZohoAssist/UpgraderTiming,file,3,True
