node_name,type,appearance,importance
malware,proc,11,False
stdin,file,1,False
uname,file,39,False
8192*1024 bytes,other,1,False
ID,other,153,False
/proc/sys/kernel/version,file,2,True
Memory Address,mem,47,True
/proc/self/exe,file,1,False
1493,proc,4,False
2044*1024 bytes,other,1,False
1494,proc,855,False
RLIM_INFINITY bytes,other,1,False
Permission:000,other,1,True
Pipe 0 : read end from Pipe 1,other,7,True
Pipe 1 : write end to Pipe 0,other,8,True
1495,proc,156,True
/dev/urandom,file,186,True
NIC,net,10,False
Unknown,file,2,False
42.194.9.81:48080,net,232,True
/proc/cpuinfo,file,273,True
sysinfo,file,38,False
Sleep Duration,other,333,False
1496,proc,353,True
/proc/net/dev,file,30,True
/etc/mtab,file,3,True
/proc/stat,file,6,True
