step,src_node,type,deg,edge,dst_node,type,deg,importance
1,malware,proc,9,fcntl64,stdin,file,1,0
2,malware,proc,9,read,uname,file,2,0
3,malware,proc,9,ugetrlimit,8192*1024 bytes,other,1,0
4,malware,proc,9,getpid,ID,other,5,0
5,malware,proc,9,open,/proc/sys/kernel/version,file,2,1
6,malware,proc,9,read,/proc/sys/kernel/version,file,2,0
7,malware,proc,9,brk,Memory Address,mem,5,1
8,malware,proc,9,brk,Memory Address,mem,5,1
9,malware,proc,9,brk,Memory Address,mem,5,1
10,malware,proc,9,readlink,/proc/self/exe,file,1,0
11,malware,proc,9,fork,1493,proc,4,0
12,1493,proc,4,getpid,ID,other,5,0
13,1493,proc,4,ugetrlimit,2044*1024 bytes,other,1,0
14,1493,proc,4,fork,1494,proc,27,0
15,1494,proc,27,getpid,ID,other,5,0
16,1494,proc,27,ugetrlimit,RLIM_INFINITY bytes,other,1,0
17,1494,proc,27,umask,Permission:000,other,1,1
18,1494,proc,27,brk,Memory Address,mem,5,1
19,1494,proc,27,pipe,Pipe 0 : read end from Pipe 1,other,4,0
20,1494,proc,27,pipe,Pipe 1 : write end to Pipe 0,other,5,0
21,1494,proc,27,clone,1495,proc,7,1
22,Pipe 1 : write end to Pipe 0,other,5,write,Pipe 0 : read end from Pipe 1,other,4,1
23,1494,proc,27,write,Pipe 1 : write end to Pipe 0,other,5,1
24,Pipe 1 : write end to Pipe 0,other,5,write,Pipe 0 : read end from Pipe 1,other,4,1
25,1494,proc,27,write,Pipe 1 : write end to Pipe 0,other,5,1
26,1494,proc,27,open,/dev/urandom,file,2,1
27,1494,proc,27,read,/dev/urandom,file,2,0
28,1494,proc,27,open,/dev/urandom,file,2,1
29,1494,proc,27,read,/dev/urandom,file,2,0
30,1494,proc,27,open,/dev/urandom,file,2,1
31,1494,proc,27,read,/dev/urandom,file,2,0
32,1494,proc,27,open,/dev/urandom,file,2,1
33,1494,proc,27,read,/dev/urandom,file,2,0
34,1494,proc,27,open,/dev/urandom,file,2,1
35,1494,proc,27,read,/dev/urandom,file,2,0
36,1494,proc,27,open,/dev/urandom,file,2,1
37,1494,proc,27,read,/dev/urandom,file,2,0
38,1494,proc,27,open,/dev/urandom,file,2,1
39,1494,proc,27,read,/dev/urandom,file,2,0
40,1494,proc,27,open,/dev/urandom,file,2,1
41,1494,proc,27,read,/dev/urandom,file,2,0
42,1494,proc,27,open,/dev/urandom,file,2,1
43,1494,proc,27,read,/dev/urandom,file,2,0
44,1494,proc,27,open,/dev/urandom,file,2,1
45,1494,proc,27,read,/dev/urandom,file,2,0
46,1494,proc,27,open,/dev/urandom,file,2,1
47,1494,proc,27,read,/dev/urandom,file,2,0
48,1494,proc,27,open,/dev/urandom,file,2,1
49,1494,proc,27,read,/dev/urandom,file,2,0
50,1494,proc,27,open,/dev/urandom,file,2,1
51,1494,proc,27,read,/dev/urandom,file,2,0
52,1494,proc,27,open,/dev/urandom,file,2,1
53,1494,proc,27,read,/dev/urandom,file,2,0
54,1494,proc,27,open,/dev/urandom,file,2,1
55,1494,proc,27,read,/dev/urandom,file,2,0
56,1494,proc,27,open,/dev/urandom,file,2,1
57,1494,proc,27,read,/dev/urandom,file,2,0
58,1494,proc,27,open,/dev/urandom,file,2,1
59,1494,proc,27,read,/dev/urandom,file,2,0
60,1494,proc,27,open,/dev/urandom,file,2,1
61,1494,proc,27,read,/dev/urandom,file,2,0
62,1494,proc,27,open,/dev/urandom,file,2,1
63,1494,proc,27,read,/dev/urandom,file,2,0
64,1494,proc,27,open,/dev/urandom,file,2,1
65,1494,proc,27,read,/dev/urandom,file,2,0
66,1494,proc,27,open,/dev/urandom,file,2,1
67,1494,proc,27,read,/dev/urandom,file,2,0
68,1494,proc,27,open,/dev/urandom,file,2,1
69,1494,proc,27,read,/dev/urandom,file,2,0
70,1494,proc,27,open,/dev/urandom,file,2,1
71,1494,proc,27,read,/dev/urandom,file,2,0
72,1494,proc,27,open,/dev/urandom,file,2,1
73,1494,proc,27,read,/dev/urandom,file,2,0
74,1494,proc,27,open,/dev/urandom,file,2,1
75,1494,proc,27,read,/dev/urandom,file,2,0
76,1494,proc,27,open,/dev/urandom,file,2,1
77,1494,proc,27,read,/dev/urandom,file,2,0
78,1494,proc,27,open,/dev/urandom,file,2,1
79,1494,proc,27,read,/dev/urandom,file,2,0
80,1494,proc,27,open,/dev/urandom,file,2,1
81,1494,proc,27,read,/dev/urandom,file,2,0
82,1494,proc,27,open,/dev/urandom,file,2,1
83,1494,proc,27,read,/dev/urandom,file,2,0
84,1494,proc,27,open,/dev/urandom,file,2,1
85,1494,proc,27,read,/dev/urandom,file,2,0
86,1494,proc,27,open,/dev/urandom,file,2,1
87,1494,proc,27,read,/dev/urandom,file,2,0
88,1494,proc,27,open,/dev/urandom,file,2,1
89,1494,proc,27,read,/dev/urandom,file,2,0
90,1494,proc,27,open,/dev/urandom,file,2,1
91,1494,proc,27,read,/dev/urandom,file,2,0
92,1494,proc,27,open,/dev/urandom,file,2,1
93,1494,proc,27,read,/dev/urandom,file,2,0
94,1494,proc,27,open,/dev/urandom,file,2,1
95,1494,proc,27,read,/dev/urandom,file,2,0
96,1494,proc,27,open,/dev/urandom,file,2,1
97,1494,proc,27,read,/dev/urandom,file,2,0
98,1494,proc,27,open,/dev/urandom,file,2,1
99,1494,proc,27,read,/dev/urandom,file,2,0
100,1494,proc,27,open,/dev/urandom,file,2,1
101,1494,proc,27,read,/dev/urandom,file,2,0
102,1494,proc,27,open,/dev/urandom,file,2,1
103,1494,proc,27,read,/dev/urandom,file,2,0
104,1494,proc,27,open,/dev/urandom,file,2,1
105,1494,proc,27,read,/dev/urandom,file,2,0
106,1494,proc,27,open,/dev/urandom,file,2,1
107,1494,proc,27,read,/dev/urandom,file,2,0
108,1494,proc,27,open,/dev/urandom,file,2,1
109,1494,proc,27,read,/dev/urandom,file,2,0
110,1494,proc,27,open,/dev/urandom,file,2,1
111,1494,proc,27,read,/dev/urandom,file,2,0
112,1494,proc,27,open,/dev/urandom,file,2,1
113,1494,proc,27,read,/dev/urandom,file,2,0
114,1494,proc,27,open,/dev/urandom,file,2,1
115,1494,proc,27,read,/dev/urandom,file,2,0
116,1494,proc,27,open,/dev/urandom,file,2,1
117,1494,proc,27,read,/dev/urandom,file,2,0
118,1494,proc,27,open,/dev/urandom,file,2,1
119,1494,proc,27,read,/dev/urandom,file,2,0
120,1494,proc,27,open,/dev/urandom,file,2,1
121,1494,proc,27,read,/dev/urandom,file,2,0
122,1494,proc,27,open,/dev/urandom,file,2,1
123,1494,proc,27,read,/dev/urandom,file,2,0
124,1494,proc,27,open,/dev/urandom,file,2,1
125,1494,proc,27,read,/dev/urandom,file,2,0
126,1494,proc,27,open,/dev/urandom,file,2,1
127,1494,proc,27,read,/dev/urandom,file,2,0
128,1494,proc,27,open,/dev/urandom,file,2,1
129,1494,proc,27,read,/dev/urandom,file,2,0
130,1494,proc,27,open,/dev/urandom,file,2,1
131,1494,proc,27,read,/dev/urandom,file,2,0
132,1494,proc,27,open,/dev/urandom,file,2,1
133,1494,proc,27,read,/dev/urandom,file,2,0
134,1494,proc,27,open,/dev/urandom,file,2,1
135,1494,proc,27,read,/dev/urandom,file,2,0
136,1494,proc,27,open,/dev/urandom,file,2,1
137,1494,proc,27,read,/dev/urandom,file,2,0
138,1494,proc,27,open,/dev/urandom,file,2,1
139,1494,proc,27,read,/dev/urandom,file,2,0
140,1494,proc,27,open,/dev/urandom,file,2,1
141,1494,proc,27,read,/dev/urandom,file,2,0
142,1494,proc,27,open,/dev/urandom,file,2,1
143,1494,proc,27,read,/dev/urandom,file,2,0
144,1494,proc,27,open,/dev/urandom,file,2,1
145,1494,proc,27,read,/dev/urandom,file,2,0
146,1494,proc,27,open,/dev/urandom,file,2,1
147,1494,proc,27,read,/dev/urandom,file,2,0
148,1494,proc,27,open,/dev/urandom,file,2,1
149,1494,proc,27,read,/dev/urandom,file,2,0
150,1494,proc,27,open,/dev/urandom,file,2,1
151,1494,proc,27,read,/dev/urandom,file,2,0
152,1494,proc,27,open,/dev/urandom,file,2,1
153,1494,proc,27,read,/dev/urandom,file,2,0
154,1494,proc,27,open,/dev/urandom,file,2,1
155,1494,proc,27,read,/dev/urandom,file,2,0
156,1494,proc,27,open,/dev/urandom,file,2,1
157,1494,proc,27,read,/dev/urandom,file,2,0
158,1494,proc,27,open,/dev/urandom,file,2,1
159,1494,proc,27,read,/dev/urandom,file,2,0
160,1494,proc,27,open,/dev/urandom,file,2,1
161,1494,proc,27,read,/dev/urandom,file,2,0
162,1494,proc,27,open,/dev/urandom,file,2,1
163,1494,proc,27,read,/dev/urandom,file,2,0
164,1494,proc,27,open,/dev/urandom,file,2,1
165,1494,proc,27,read,/dev/urandom,file,2,0
166,1494,proc,27,open,/dev/urandom,file,2,1
167,1494,proc,27,read,/dev/urandom,file,2,0
168,1494,proc,27,open,/dev/urandom,file,2,1
169,1494,proc,27,read,/dev/urandom,file,2,0
170,1494,proc,27,open,/dev/urandom,file,2,1
171,1494,proc,27,read,/dev/urandom,file,2,0
172,1494,proc,27,open,/dev/urandom,file,2,1
173,1494,proc,27,read,/dev/urandom,file,2,0
174,1494,proc,27,open,/dev/urandom,file,2,1
175,1494,proc,27,read,/dev/urandom,file,2,0
176,1494,proc,27,open,/dev/urandom,file,2,1
177,1494,proc,27,read,/dev/urandom,file,2,0
178,1494,proc,27,open,/dev/urandom,file,2,1
179,1494,proc,27,read,/dev/urandom,file,2,0
180,1494,proc,27,open,/dev/urandom,file,2,1
181,1494,proc,27,read,/dev/urandom,file,2,0
182,1494,proc,27,open,/dev/urandom,file,2,1
183,1494,proc,27,read,/dev/urandom,file,2,0
184,1494,proc,27,open,/dev/urandom,file,2,1
185,1494,proc,27,read,/dev/urandom,file,2,0
186,1494,proc,27,open,/dev/urandom,file,2,1
187,1494,proc,27,read,/dev/urandom,file,2,0
188,1494,proc,27,open,/dev/urandom,file,2,1
189,1494,proc,27,read,/dev/urandom,file,2,0
190,1494,proc,27,open,/dev/urandom,file,2,1
191,1494,proc,27,read,/dev/urandom,file,2,0
192,1494,proc,27,open,/dev/urandom,file,2,1
193,1494,proc,27,read,/dev/urandom,file,2,0
194,1494,proc,27,open,/dev/urandom,file,2,1
195,1494,proc,27,read,/dev/urandom,file,2,0
196,1494,proc,27,open,/dev/urandom,file,2,1
197,1494,proc,27,read,/dev/urandom,file,2,0
198,1494,proc,27,open,/dev/urandom,file,2,1
199,1494,proc,27,read,/dev/urandom,file,2,0
200,1494,proc,27,open,/dev/urandom,file,2,1
201,1494,proc,27,read,/dev/urandom,file,2,0
202,1494,proc,27,open,/dev/urandom,file,2,1
203,1494,proc,27,read,/dev/urandom,file,2,0
204,1494,proc,27,open,/dev/urandom,file,2,1
205,1494,proc,27,read,/dev/urandom,file,2,0
206,1494,proc,27,open,/dev/urandom,file,2,1
207,1494,proc,27,read,/dev/urandom,file,2,0
208,1494,proc,27,open,/dev/urandom,file,2,1
209,1494,proc,27,read,/dev/urandom,file,2,0
210,1494,proc,27,open,/dev/urandom,file,2,1
211,1494,proc,27,read,/dev/urandom,file,2,0
212,1494,proc,27,read,NIC,net,1,0
213,1494,proc,27,read,NIC,net,1,0
214,1494,proc,27,read,NIC,net,1,0
215,1494,proc,27,read,NIC,net,1,0
216,1494,proc,27,read,NIC,net,1,0
217,1494,proc,27,read,NIC,net,1,0
218,1494,proc,27,read,NIC,net,1,0
219,1494,proc,27,read,NIC,net,1,0
220,1494,proc,27,read,NIC,net,1,0
221,1494,proc,27,read,NIC,net,1,0
222,1494,proc,27,fcntl64,Unknown,file,1,0
223,1494,proc,27,fcntl64,Unknown,file,1,0
224,1494,proc,27,connect,42.194.9.81:48080,net,6,1
225,1494,proc,27,fcntl64,42.194.9.81:48080,net,6,0
226,1494,proc,27,read,uname,file,2,0
227,1494,proc,27,open,/proc/cpuinfo,file,6,1
228,1494,proc,27,fstat64,/proc/cpuinfo,file,6,0
229,1494,proc,27,mmap,42.194.9.81:48080,net,6,1
230,1494,proc,27,read,/proc/cpuinfo,file,6,0
231,1494,proc,27,read,/proc/cpuinfo,file,6,0
232,1494,proc,27,read,/proc/cpuinfo,file,6,0
233,1494,proc,27,read,/proc/cpuinfo,file,6,0
234,1494,proc,27,read,/proc/cpuinfo,file,6,0
235,1494,proc,27,munmap,Memory Address,mem,5,1
236,1494,proc,27,read,sysinfo,file,1,0
237,1494,proc,27,send,42.194.9.81:48080,net,6,1
238,1494,proc,27,fstat64,Pipe 1 : write end to Pipe 0,other,5,0
239,1494,proc,27,mmap,42.194.9.81:48080,net,6,1
240,1494,proc,27,nanosleep,Sleep Duration,other,2,0
241,1494,proc,27,fcntl64,42.194.9.81:48080,net,6,0
242,1494,proc,27,fcntl64,42.194.9.81:48080,net,6,0
243,1494,proc,27,connect,42.194.9.81:48080,net,6,1
244,1494,proc,27,fcntl64,42.194.9.81:48080,net,6,0
245,1494,proc,27,read,uname,file,2,0
246,1494,proc,27,open,/proc/cpuinfo,file,6,1
247,1494,proc,27,fstat64,/proc/cpuinfo,file,6,0
248,1494,proc,27,mmap,42.194.9.81:48080,net,6,1
249,1494,proc,27,read,/proc/cpuinfo,file,6,0
250,1494,proc,27,read,/proc/cpuinfo,file,6,0
251,1494,proc,27,read,/proc/cpuinfo,file,6,0
252,1494,proc,27,read,/proc/cpuinfo,file,6,0
253,1494,proc,27,read,/proc/cpuinfo,file,6,0
254,1494,proc,27,munmap,Memory Address,mem,5,1
255,1494,proc,27,read,sysinfo,file,1,0
256,1494,proc,27,send,42.194.9.81:48080,net,6,1
257,1494,proc,27,nanosleep,Sleep Duration,other,2,0
258,1494,proc,27,fcntl64,42.194.9.81:48080,net,6,0
259,1494,proc,27,fcntl64,42.194.9.81:48080,net,6,0
260,1494,proc,27,connect,42.194.9.81:48080,net,6,1
261,1494,proc,27,fcntl64,42.194.9.81:48080,net,6,0
262,1494,proc,27,read,uname,file,2,0
263,1494,proc,27,open,/proc/cpuinfo,file,6,1
264,1494,proc,27,fstat64,/proc/cpuinfo,file,6,0
265,1494,proc,27,mmap,42.194.9.81:48080,net,6,1
266,1494,proc,27,read,/proc/cpuinfo,file,6,0
267,1494,proc,27,read,/proc/cpuinfo,file,6,0
268,1494,proc,27,read,/proc/cpuinfo,file,6,0
269,1494,proc,27,read,/proc/cpuinfo,file,6,0
270,1494,proc,27,read,/proc/cpuinfo,file,6,0
271,1494,proc,27,munmap,Memory Address,mem,5,1
272,1494,proc,27,read,sysinfo,file,1,0
273,1494,proc,27,send,42.194.9.81:48080,net,6,1
274,1494,proc,27,nanosleep,Sleep Duration,other,2,0
275,1494,proc,27,fcntl64,42.194.9.81:48080,net,6,0
276,1494,proc,27,fcntl64,42.194.9.81:48080,net,6,0
277,1494,proc,27,connect,42.194.9.81:48080,net,6,1
278,1494,proc,27,fcntl64,42.194.9.81:48080,net,6,0
279,1494,proc,27,read,uname,file,2,0
280,1494,proc,27,open,/proc/cpuinfo,file,6,1
281,1494,proc,27,fstat64,/proc/cpuinfo,file,6,0
282,1494,proc,27,mmap,42.194.9.81:48080,net,6,1
283,1494,proc,27,read,/proc/cpuinfo,file,6,0
284,1494,proc,27,read,/proc/cpuinfo,file,6,0
285,1494,proc,27,read,/proc/cpuinfo,file,6,0
286,1494,proc,27,read,/proc/cpuinfo,file,6,0
287,1494,proc,27,read,/proc/cpuinfo,file,6,0
288,1494,proc,27,munmap,Memory Address,mem,5,1
289,1494,proc,27,read,sysinfo,file,1,0
290,1494,proc,27,send,42.194.9.81:48080,net,6,1
291,1494,proc,27,nanosleep,Sleep Duration,other,2,0
292,1494,proc,27,fcntl64,42.194.9.81:48080,net,6,0
293,1494,proc,27,fcntl64,42.194.9.81:48080,net,6,0
294,1494,proc,27,connect,42.194.9.81:48080,net,6,1
295,1494,proc,27,fcntl64,42.194.9.81:48080,net,6,0
296,1494,proc,27,read,uname,file,2,0
297,1494,proc,27,open,/proc/cpuinfo,file,6,1
298,1494,proc,27,fstat64,/proc/cpuinfo,file,6,0
299,1494,proc,27,mmap,42.194.9.81:48080,net,6,1
300,1494,proc,27,read,/proc/cpuinfo,file,6,0
301,1494,proc,27,read,/proc/cpuinfo,file,6,0
302,1494,proc,27,read,/proc/cpuinfo,file,6,0
303,1494,proc,27,read,/proc/cpuinfo,file,6,0
304,1494,proc,27,read,/proc/cpuinfo,file,6,0
305,1494,proc,27,munmap,Memory Address,mem,5,1
306,1494,proc,27,read,sysinfo,file,1,0
307,1494,proc,27,send,42.194.9.81:48080,net,6,1
308,1494,proc,27,nanosleep,Sleep Duration,other,2,0
309,1494,proc,27,fcntl64,42.194.9.81:48080,net,6,0
310,1494,proc,27,fcntl64,42.194.9.81:48080,net,6,0
311,1494,proc,27,connect,42.194.9.81:48080,net,6,1
312,1494,proc,27,fcntl64,42.194.9.81:48080,net,6,0
313,1494,proc,27,read,uname,file,2,0
314,1494,proc,27,open,/proc/cpuinfo,file,6,1
315,1494,proc,27,fstat64,/proc/cpuinfo,file,6,0
316,1494,proc,27,mmap,42.194.9.81:48080,net,6,1
317,1494,proc,27,read,/proc/cpuinfo,file,6,0
318,1494,proc,27,read,/proc/cpuinfo,file,6,0
319,1494,proc,27,read,/proc/cpuinfo,file,6,0
320,1494,proc,27,read,/proc/cpuinfo,file,6,0
321,1494,proc,27,read,/proc/cpuinfo,file,6,0
322,1494,proc,27,munmap,Memory Address,mem,5,1
323,1494,proc,27,read,sysinfo,file,1,0
324,1494,proc,27,send,42.194.9.81:48080,net,6,1
325,1494,proc,27,nanosleep,Sleep Duration,other,2,0
326,1494,proc,27,fcntl64,42.194.9.81:48080,net,6,0
327,1494,proc,27,fcntl64,42.194.9.81:48080,net,6,0
328,1494,proc,27,connect,42.194.9.81:48080,net,6,1
329,1494,proc,27,fcntl64,42.194.9.81:48080,net,6,0
330,1494,proc,27,read,uname,file,2,0
331,1494,proc,27,open,/proc/cpuinfo,file,6,1
332,1494,proc,27,fstat64,/proc/cpuinfo,file,6,0
333,1494,proc,27,mmap,42.194.9.81:48080,net,6,1
334,1494,proc,27,read,/proc/cpuinfo,file,6,0
335,1494,proc,27,read,/proc/cpuinfo,file,6,0
336,1494,proc,27,read,/proc/cpuinfo,file,6,0
337,1494,proc,27,read,/proc/cpuinfo,file,6,0
338,1494,proc,27,read,/proc/cpuinfo,file,6,0
339,1494,proc,27,munmap,Memory Address,mem,5,1
340,1494,proc,27,read,sysinfo,file,1,0
341,1494,proc,27,send,42.194.9.81:48080,net,6,1
342,1494,proc,27,nanosleep,Sleep Duration,other,2,0
343,1494,proc,27,fcntl64,42.194.9.81:48080,net,6,0
344,1494,proc,27,fcntl64,42.194.9.81:48080,net,6,0
345,1494,proc,27,connect,42.194.9.81:48080,net,6,1
346,1494,proc,27,fcntl64,42.194.9.81:48080,net,6,0
347,1494,proc,27,read,uname,file,2,0
348,1494,proc,27,open,/proc/cpuinfo,file,6,1
349,1494,proc,27,fstat64,/proc/cpuinfo,file,6,0
350,1494,proc,27,mmap,42.194.9.81:48080,net,6,1
351,1494,proc,27,read,/proc/cpuinfo,file,6,0
352,1494,proc,27,read,/proc/cpuinfo,file,6,0
353,1494,proc,27,read,/proc/cpuinfo,file,6,0
354,1494,proc,27,read,/proc/cpuinfo,file,6,0
355,1494,proc,27,read,/proc/cpuinfo,file,6,0
356,1494,proc,27,munmap,Memory Address,mem,5,1
357,1494,proc,27,read,sysinfo,file,1,0
358,1494,proc,27,send,42.194.9.81:48080,net,6,1
359,1494,proc,27,nanosleep,Sleep Duration,other,2,0
360,1494,proc,27,fcntl64,42.194.9.81:48080,net,6,0
361,1494,proc,27,fcntl64,42.194.9.81:48080,net,6,0
362,1494,proc,27,connect,42.194.9.81:48080,net,6,1
363,1494,proc,27,fcntl64,42.194.9.81:48080,net,6,0
364,1494,proc,27,read,uname,file,2,0
365,1494,proc,27,open,/proc/cpuinfo,file,6,1
366,1494,proc,27,fstat64,/proc/cpuinfo,file,6,0
367,1494,proc,27,mmap,42.194.9.81:48080,net,6,1
368,1494,proc,27,read,/proc/cpuinfo,file,6,0
369,1494,proc,27,read,/proc/cpuinfo,file,6,0
370,1494,proc,27,read,/proc/cpuinfo,file,6,0
371,1494,proc,27,read,/proc/cpuinfo,file,6,0
372,1494,proc,27,read,/proc/cpuinfo,file,6,0
373,1494,proc,27,munmap,Memory Address,mem,5,1
374,1494,proc,27,read,sysinfo,file,1,0
375,1494,proc,27,send,42.194.9.81:48080,net,6,1
376,1494,proc,27,nanosleep,Sleep Duration,other,2,0
377,1494,proc,27,fcntl64,42.194.9.81:48080,net,6,0
378,1494,proc,27,fcntl64,42.194.9.81:48080,net,6,0
379,1494,proc,27,connect,42.194.9.81:48080,net,6,1
380,1494,proc,27,fcntl64,42.194.9.81:48080,net,6,0
381,1494,proc,27,read,uname,file,2,0
382,1494,proc,27,open,/proc/cpuinfo,file,6,1
383,1494,proc,27,fstat64,/proc/cpuinfo,file,6,0
384,1494,proc,27,mmap,42.194.9.81:48080,net,6,1
385,1494,proc,27,read,/proc/cpuinfo,file,6,0
386,1494,proc,27,read,/proc/cpuinfo,file,6,0
387,1494,proc,27,read,/proc/cpuinfo,file,6,0
388,1494,proc,27,read,/proc/cpuinfo,file,6,0
389,1494,proc,27,read,/proc/cpuinfo,file,6,0
390,1494,proc,27,munmap,Memory Address,mem,5,1
391,1494,proc,27,read,sysinfo,file,1,0
392,1494,proc,27,send,42.194.9.81:48080,net,6,1
393,1494,proc,27,nanosleep,Sleep Duration,other,2,0
394,1494,proc,27,fcntl64,42.194.9.81:48080,net,6,0
395,1494,proc,27,fcntl64,42.194.9.81:48080,net,6,0
396,1494,proc,27,connect,42.194.9.81:48080,net,6,1
397,1494,proc,27,fcntl64,42.194.9.81:48080,net,6,0
398,1494,proc,27,read,uname,file,2,0
399,1494,proc,27,open,/proc/cpuinfo,file,6,1
400,1494,proc,27,fstat64,/proc/cpuinfo,file,6,0
401,1494,proc,27,mmap,42.194.9.81:48080,net,6,1
402,1494,proc,27,read,/proc/cpuinfo,file,6,0
403,1494,proc,27,read,/proc/cpuinfo,file,6,0
404,1494,proc,27,read,/proc/cpuinfo,file,6,0
405,1494,proc,27,read,/proc/cpuinfo,file,6,0
406,1494,proc,27,read,/proc/cpuinfo,file,6,0
407,1494,proc,27,munmap,Memory Address,mem,5,1
408,1494,proc,27,read,sysinfo,file,1,0
409,1494,proc,27,send,42.194.9.81:48080,net,6,1
410,1494,proc,27,nanosleep,Sleep Duration,other,2,0
411,1494,proc,27,fcntl64,42.194.9.81:48080,net,6,0
412,1494,proc,27,fcntl64,42.194.9.81:48080,net,6,0
413,1494,proc,27,connect,42.194.9.81:48080,net,6,1
414,1494,proc,27,fcntl64,42.194.9.81:48080,net,6,0
415,1494,proc,27,read,uname,file,2,0
416,1494,proc,27,open,/proc/cpuinfo,file,6,1
417,1494,proc,27,fstat64,/proc/cpuinfo,file,6,0
418,1494,proc,27,mmap,42.194.9.81:48080,net,6,1
419,1494,proc,27,read,/proc/cpuinfo,file,6,0
420,1494,proc,27,read,/proc/cpuinfo,file,6,0
421,1494,proc,27,read,/proc/cpuinfo,file,6,0
422,1494,proc,27,read,/proc/cpuinfo,file,6,0
423,1494,proc,27,read,/proc/cpuinfo,file,6,0
424,1494,proc,27,munmap,Memory Address,mem,5,1
425,1494,proc,27,read,sysinfo,file,1,0
426,1494,proc,27,send,42.194.9.81:48080,net,6,1
427,1494,proc,27,nanosleep,Sleep Duration,other,2,0
428,1494,proc,27,fcntl64,42.194.9.81:48080,net,6,0
429,1494,proc,27,fcntl64,42.194.9.81:48080,net,6,0
430,1494,proc,27,connect,42.194.9.81:48080,net,6,1
431,1494,proc,27,fcntl64,42.194.9.81:48080,net,6,0
432,1494,proc,27,read,uname,file,2,0
433,1494,proc,27,open,/proc/cpuinfo,file,6,1
434,1494,proc,27,fstat64,/proc/cpuinfo,file,6,0
435,1494,proc,27,mmap,42.194.9.81:48080,net,6,1
436,1494,proc,27,read,/proc/cpuinfo,file,6,0
437,1494,proc,27,read,/proc/cpuinfo,file,6,0
438,1494,proc,27,read,/proc/cpuinfo,file,6,0
439,1494,proc,27,read,/proc/cpuinfo,file,6,0
440,1494,proc,27,read,/proc/cpuinfo,file,6,0
441,1494,proc,27,munmap,Memory Address,mem,5,1
442,1494,proc,27,read,sysinfo,file,1,0
443,1494,proc,27,send,42.194.9.81:48080,net,6,1
444,1494,proc,27,nanosleep,Sleep Duration,other,2,0
445,1494,proc,27,fcntl64,42.194.9.81:48080,net,6,0
446,1494,proc,27,fcntl64,42.194.9.81:48080,net,6,0
447,1494,proc,27,connect,42.194.9.81:48080,net,6,1
448,1494,proc,27,fcntl64,42.194.9.81:48080,net,6,0
449,1494,proc,27,read,uname,file,2,0
450,1494,proc,27,open,/proc/cpuinfo,file,6,1
451,1494,proc,27,fstat64,/proc/cpuinfo,file,6,0
452,1494,proc,27,mmap,42.194.9.81:48080,net,6,1
453,1494,proc,27,read,/proc/cpuinfo,file,6,0
454,1494,proc,27,read,/proc/cpuinfo,file,6,0
455,1494,proc,27,read,/proc/cpuinfo,file,6,0
456,1494,proc,27,read,/proc/cpuinfo,file,6,0
457,1494,proc,27,read,/proc/cpuinfo,file,6,0
458,1494,proc,27,munmap,Memory Address,mem,5,1
459,1494,proc,27,read,sysinfo,file,1,0
460,1494,proc,27,send,42.194.9.81:48080,net,6,1
461,1494,proc,27,nanosleep,Sleep Duration,other,2,0
462,1494,proc,27,fcntl64,42.194.9.81:48080,net,6,0
463,1494,proc,27,fcntl64,42.194.9.81:48080,net,6,0
464,1494,proc,27,connect,42.194.9.81:48080,net,6,1
465,1494,proc,27,fcntl64,42.194.9.81:48080,net,6,0
466,1494,proc,27,read,uname,file,2,0
467,1494,proc,27,open,/proc/cpuinfo,file,6,1
468,1494,proc,27,fstat64,/proc/cpuinfo,file,6,0
469,1494,proc,27,mmap,42.194.9.81:48080,net,6,1
470,1494,proc,27,read,/proc/cpuinfo,file,6,0
471,1494,proc,27,read,/proc/cpuinfo,file,6,0
472,1494,proc,27,read,/proc/cpuinfo,file,6,0
473,1494,proc,27,read,/proc/cpuinfo,file,6,0
474,1494,proc,27,read,/proc/cpuinfo,file,6,0
475,1494,proc,27,munmap,Memory Address,mem,5,1
476,1494,proc,27,read,sysinfo,file,1,0
477,1494,proc,27,send,42.194.9.81:48080,net,6,1
478,1494,proc,27,nanosleep,Sleep Duration,other,2,0
479,1494,proc,27,fcntl64,42.194.9.81:48080,net,6,0
480,1494,proc,27,fcntl64,42.194.9.81:48080,net,6,0
481,1494,proc,27,connect,42.194.9.81:48080,net,6,1
482,1494,proc,27,fcntl64,42.194.9.81:48080,net,6,0
483,1494,proc,27,read,uname,file,2,0
484,1494,proc,27,open,/proc/cpuinfo,file,6,1
485,1494,proc,27,fstat64,/proc/cpuinfo,file,6,0
486,1494,proc,27,mmap,42.194.9.81:48080,net,6,1
487,1494,proc,27,read,/proc/cpuinfo,file,6,0
488,1494,proc,27,read,/proc/cpuinfo,file,6,0
489,1494,proc,27,read,/proc/cpuinfo,file,6,0
490,1494,proc,27,read,/proc/cpuinfo,file,6,0
491,1494,proc,27,read,/proc/cpuinfo,file,6,0
492,1494,proc,27,munmap,Memory Address,mem,5,1
493,1494,proc,27,read,sysinfo,file,1,0
494,1494,proc,27,send,42.194.9.81:48080,net,6,1
495,1494,proc,27,nanosleep,Sleep Duration,other,2,0
496,1494,proc,27,fcntl64,42.194.9.81:48080,net,6,0
497,1494,proc,27,fcntl64,42.194.9.81:48080,net,6,0
498,1494,proc,27,connect,42.194.9.81:48080,net,6,1
499,1494,proc,27,fcntl64,42.194.9.81:48080,net,6,0
500,1494,proc,27,read,uname,file,2,0
501,1494,proc,27,open,/proc/cpuinfo,file,6,1
502,1494,proc,27,fstat64,/proc/cpuinfo,file,6,0
503,1494,proc,27,mmap,42.194.9.81:48080,net,6,1
504,1494,proc,27,read,/proc/cpuinfo,file,6,0
505,1494,proc,27,read,/proc/cpuinfo,file,6,0
506,1494,proc,27,read,/proc/cpuinfo,file,6,0
507,1494,proc,27,read,/proc/cpuinfo,file,6,0
508,1494,proc,27,read,/proc/cpuinfo,file,6,0
509,1494,proc,27,munmap,Memory Address,mem,5,1
510,1494,proc,27,read,sysinfo,file,1,0
511,1494,proc,27,send,42.194.9.81:48080,net,6,1
512,1494,proc,27,nanosleep,Sleep Duration,other,2,0
513,1494,proc,27,fcntl64,42.194.9.81:48080,net,6,0
514,1494,proc,27,fcntl64,42.194.9.81:48080,net,6,0
515,1494,proc,27,connect,42.194.9.81:48080,net,6,1
516,1494,proc,27,fcntl64,42.194.9.81:48080,net,6,0
517,1494,proc,27,read,uname,file,2,0
518,1494,proc,27,open,/proc/cpuinfo,file,6,1
519,1494,proc,27,fstat64,/proc/cpuinfo,file,6,0
520,1494,proc,27,mmap,42.194.9.81:48080,net,6,1
521,1494,proc,27,read,/proc/cpuinfo,file,6,0
522,1494,proc,27,read,/proc/cpuinfo,file,6,0
523,1494,proc,27,read,/proc/cpuinfo,file,6,0
524,1494,proc,27,read,/proc/cpuinfo,file,6,0
525,1494,proc,27,read,/proc/cpuinfo,file,6,0
526,1494,proc,27,munmap,Memory Address,mem,5,1
527,1494,proc,27,read,sysinfo,file,1,0
528,1494,proc,27,send,42.194.9.81:48080,net,6,1
529,1494,proc,27,nanosleep,Sleep Duration,other,2,0
530,1494,proc,27,fcntl64,42.194.9.81:48080,net,6,0
531,1494,proc,27,fcntl64,42.194.9.81:48080,net,6,0
532,1494,proc,27,connect,42.194.9.81:48080,net,6,1
533,1494,proc,27,fcntl64,42.194.9.81:48080,net,6,0
534,1494,proc,27,read,uname,file,2,0
535,1494,proc,27,open,/proc/cpuinfo,file,6,1
536,1494,proc,27,fstat64,/proc/cpuinfo,file,6,0
537,1494,proc,27,mmap,42.194.9.81:48080,net,6,1
538,1494,proc,27,read,/proc/cpuinfo,file,6,0
539,1494,proc,27,read,/proc/cpuinfo,file,6,0
540,1494,proc,27,read,/proc/cpuinfo,file,6,0
541,1494,proc,27,read,/proc/cpuinfo,file,6,0
542,1494,proc,27,read,/proc/cpuinfo,file,6,0
543,1494,proc,27,munmap,Memory Address,mem,5,1
544,1494,proc,27,read,sysinfo,file,1,0
545,1494,proc,27,send,42.194.9.81:48080,net,6,1
546,1494,proc,27,nanosleep,Sleep Duration,other,2,0
547,1494,proc,27,fcntl64,42.194.9.81:48080,net,6,0
548,1494,proc,27,fcntl64,42.194.9.81:48080,net,6,0
549,1494,proc,27,connect,42.194.9.81:48080,net,6,1
550,1494,proc,27,fcntl64,42.194.9.81:48080,net,6,0
551,1494,proc,27,read,uname,file,2,0
552,1494,proc,27,open,/proc/cpuinfo,file,6,1
553,1494,proc,27,fstat64,/proc/cpuinfo,file,6,0
554,1494,proc,27,mmap,42.194.9.81:48080,net,6,1
555,1494,proc,27,read,/proc/cpuinfo,file,6,0
556,1494,proc,27,read,/proc/cpuinfo,file,6,0
557,1494,proc,27,read,/proc/cpuinfo,file,6,0
558,1494,proc,27,read,/proc/cpuinfo,file,6,0
559,1494,proc,27,read,/proc/cpuinfo,file,6,0
560,1494,proc,27,munmap,Memory Address,mem,5,1
561,1494,proc,27,read,sysinfo,file,1,0
562,1494,proc,27,send,42.194.9.81:48080,net,6,1
563,1494,proc,27,nanosleep,Sleep Duration,other,2,0
564,1494,proc,27,fcntl64,42.194.9.81:48080,net,6,0
565,1494,proc,27,fcntl64,42.194.9.81:48080,net,6,0
566,1494,proc,27,connect,42.194.9.81:48080,net,6,1
567,1494,proc,27,fcntl64,42.194.9.81:48080,net,6,0
568,1494,proc,27,read,uname,file,2,0
569,1494,proc,27,open,/proc/cpuinfo,file,6,1
570,1494,proc,27,fstat64,/proc/cpuinfo,file,6,0
571,1494,proc,27,mmap,42.194.9.81:48080,net,6,1
572,1494,proc,27,read,/proc/cpuinfo,file,6,0
573,1494,proc,27,read,/proc/cpuinfo,file,6,0
574,1494,proc,27,read,/proc/cpuinfo,file,6,0
575,1494,proc,27,read,/proc/cpuinfo,file,6,0
576,1494,proc,27,read,/proc/cpuinfo,file,6,0
577,1494,proc,27,munmap,Memory Address,mem,5,1
578,1494,proc,27,read,sysinfo,file,1,0
579,1494,proc,27,send,42.194.9.81:48080,net,6,1
580,1494,proc,27,nanosleep,Sleep Duration,other,2,0
581,1494,proc,27,fcntl64,42.194.9.81:48080,net,6,0
582,1494,proc,27,fcntl64,42.194.9.81:48080,net,6,0
583,1494,proc,27,connect,42.194.9.81:48080,net,6,1
584,1494,proc,27,fcntl64,42.194.9.81:48080,net,6,0
585,1494,proc,27,read,uname,file,2,0
586,1494,proc,27,open,/proc/cpuinfo,file,6,1
587,1494,proc,27,fstat64,/proc/cpuinfo,file,6,0
588,1494,proc,27,mmap,42.194.9.81:48080,net,6,1
589,1494,proc,27,read,/proc/cpuinfo,file,6,0
590,1494,proc,27,read,/proc/cpuinfo,file,6,0
591,1494,proc,27,read,/proc/cpuinfo,file,6,0
592,1494,proc,27,read,/proc/cpuinfo,file,6,0
593,1494,proc,27,read,/proc/cpuinfo,file,6,0
594,1494,proc,27,munmap,Memory Address,mem,5,1
595,1494,proc,27,read,sysinfo,file,1,0
596,1494,proc,27,send,42.194.9.81:48080,net,6,1
597,1494,proc,27,nanosleep,Sleep Duration,other,2,0
598,1494,proc,27,fcntl64,42.194.9.81:48080,net,6,0
599,1494,proc,27,fcntl64,42.194.9.81:48080,net,6,0
600,1494,proc,27,connect,42.194.9.81:48080,net,6,1
601,1494,proc,27,fcntl64,42.194.9.81:48080,net,6,0
602,1494,proc,27,read,uname,file,2,0
603,1494,proc,27,open,/proc/cpuinfo,file,6,1
604,1494,proc,27,fstat64,/proc/cpuinfo,file,6,0
605,1494,proc,27,mmap,42.194.9.81:48080,net,6,1
606,1494,proc,27,read,/proc/cpuinfo,file,6,0
607,1494,proc,27,read,/proc/cpuinfo,file,6,0
608,1494,proc,27,read,/proc/cpuinfo,file,6,0
609,1494,proc,27,read,/proc/cpuinfo,file,6,0
610,1494,proc,27,read,/proc/cpuinfo,file,6,0
611,1494,proc,27,munmap,Memory Address,mem,5,1
612,1494,proc,27,read,sysinfo,file,1,0
613,1494,proc,27,send,42.194.9.81:48080,net,6,1
614,1494,proc,27,nanosleep,Sleep Duration,other,2,0
615,1494,proc,27,fcntl64,42.194.9.81:48080,net,6,0
616,1494,proc,27,fcntl64,42.194.9.81:48080,net,6,0
617,1494,proc,27,connect,42.194.9.81:48080,net,6,1
618,1494,proc,27,fcntl64,42.194.9.81:48080,net,6,0
619,1494,proc,27,read,uname,file,2,0
620,1494,proc,27,open,/proc/cpuinfo,file,6,1
621,1494,proc,27,fstat64,/proc/cpuinfo,file,6,0
622,1494,proc,27,mmap,42.194.9.81:48080,net,6,1
623,1494,proc,27,read,/proc/cpuinfo,file,6,0
624,1494,proc,27,read,/proc/cpuinfo,file,6,0
625,1494,proc,27,read,/proc/cpuinfo,file,6,0
626,1494,proc,27,read,/proc/cpuinfo,file,6,0
627,1494,proc,27,read,/proc/cpuinfo,file,6,0
628,1494,proc,27,munmap,Memory Address,mem,5,1
629,1494,proc,27,read,sysinfo,file,1,0
630,1494,proc,27,send,42.194.9.81:48080,net,6,1
631,1494,proc,27,nanosleep,Sleep Duration,other,2,0
632,1494,proc,27,fcntl64,42.194.9.81:48080,net,6,0
633,1494,proc,27,fcntl64,42.194.9.81:48080,net,6,0
634,1494,proc,27,connect,42.194.9.81:48080,net,6,1
635,1494,proc,27,fcntl64,42.194.9.81:48080,net,6,0
636,1494,proc,27,read,uname,file,2,0
637,1494,proc,27,open,/proc/cpuinfo,file,6,1
638,1494,proc,27,fstat64,/proc/cpuinfo,file,6,0
639,1494,proc,27,mmap,42.194.9.81:48080,net,6,1
640,1494,proc,27,read,/proc/cpuinfo,file,6,0
641,1494,proc,27,read,/proc/cpuinfo,file,6,0
642,1494,proc,27,read,/proc/cpuinfo,file,6,0
643,1494,proc,27,read,/proc/cpuinfo,file,6,0
644,1494,proc,27,read,/proc/cpuinfo,file,6,0
645,1494,proc,27,munmap,Memory Address,mem,5,1
646,1494,proc,27,read,sysinfo,file,1,0
647,1494,proc,27,send,42.194.9.81:48080,net,6,1
648,1494,proc,27,nanosleep,Sleep Duration,other,2,0
649,1494,proc,27,fcntl64,42.194.9.81:48080,net,6,0
650,1494,proc,27,fcntl64,42.194.9.81:48080,net,6,0
651,1494,proc,27,connect,42.194.9.81:48080,net,6,1
652,1494,proc,27,fcntl64,42.194.9.81:48080,net,6,0
653,1494,proc,27,read,uname,file,2,0
654,1494,proc,27,open,/proc/cpuinfo,file,6,1
655,1494,proc,27,fstat64,/proc/cpuinfo,file,6,0
656,1494,proc,27,mmap,42.194.9.81:48080,net,6,1
657,1494,proc,27,read,/proc/cpuinfo,file,6,0
658,1494,proc,27,read,/proc/cpuinfo,file,6,0
659,1494,proc,27,read,/proc/cpuinfo,file,6,0
660,1494,proc,27,read,/proc/cpuinfo,file,6,0
661,1494,proc,27,read,/proc/cpuinfo,file,6,0
662,1494,proc,27,munmap,Memory Address,mem,5,1
663,1494,proc,27,read,sysinfo,file,1,0
664,1494,proc,27,send,42.194.9.81:48080,net,6,1
665,1494,proc,27,nanosleep,Sleep Duration,other,2,0
666,1494,proc,27,fcntl64,42.194.9.81:48080,net,6,0
667,1494,proc,27,fcntl64,42.194.9.81:48080,net,6,0
668,1494,proc,27,connect,42.194.9.81:48080,net,6,1
669,1494,proc,27,fcntl64,42.194.9.81:48080,net,6,0
670,1494,proc,27,read,uname,file,2,0
671,1494,proc,27,open,/proc/cpuinfo,file,6,1
672,1494,proc,27,fstat64,/proc/cpuinfo,file,6,0
673,1494,proc,27,mmap,42.194.9.81:48080,net,6,1
674,1494,proc,27,read,/proc/cpuinfo,file,6,0
675,1494,proc,27,read,/proc/cpuinfo,file,6,0
676,1494,proc,27,read,/proc/cpuinfo,file,6,0
677,1494,proc,27,read,/proc/cpuinfo,file,6,0
678,1494,proc,27,read,/proc/cpuinfo,file,6,0
679,1494,proc,27,munmap,Memory Address,mem,5,1
680,1494,proc,27,read,sysinfo,file,1,0
681,1494,proc,27,send,42.194.9.81:48080,net,6,1
682,1494,proc,27,nanosleep,Sleep Duration,other,2,0
683,1494,proc,27,fcntl64,42.194.9.81:48080,net,6,0
684,1494,proc,27,fcntl64,42.194.9.81:48080,net,6,0
685,1494,proc,27,connect,42.194.9.81:48080,net,6,1
686,1494,proc,27,fcntl64,42.194.9.81:48080,net,6,0
687,1494,proc,27,read,uname,file,2,0
688,1494,proc,27,open,/proc/cpuinfo,file,6,1
689,1494,proc,27,fstat64,/proc/cpuinfo,file,6,0
690,1494,proc,27,mmap,42.194.9.81:48080,net,6,1
691,1494,proc,27,read,/proc/cpuinfo,file,6,0
692,1494,proc,27,read,/proc/cpuinfo,file,6,0
693,1494,proc,27,read,/proc/cpuinfo,file,6,0
694,1494,proc,27,read,/proc/cpuinfo,file,6,0
695,1494,proc,27,read,/proc/cpuinfo,file,6,0
696,1494,proc,27,munmap,Memory Address,mem,5,1
697,1494,proc,27,read,sysinfo,file,1,0
698,1494,proc,27,send,42.194.9.81:48080,net,6,1
699,1494,proc,27,nanosleep,Sleep Duration,other,2,0
700,1494,proc,27,fcntl64,42.194.9.81:48080,net,6,0
701,1494,proc,27,fcntl64,42.194.9.81:48080,net,6,0
702,1494,proc,27,connect,42.194.9.81:48080,net,6,1
703,1494,proc,27,fcntl64,42.194.9.81:48080,net,6,0
704,1494,proc,27,read,uname,file,2,0
705,1494,proc,27,open,/proc/cpuinfo,file,6,1
706,1494,proc,27,fstat64,/proc/cpuinfo,file,6,0
707,1494,proc,27,mmap,42.194.9.81:48080,net,6,1
708,1494,proc,27,read,/proc/cpuinfo,file,6,0
709,1494,proc,27,read,/proc/cpuinfo,file,6,0
710,1494,proc,27,read,/proc/cpuinfo,file,6,0
711,1494,proc,27,read,/proc/cpuinfo,file,6,0
712,1494,proc,27,read,/proc/cpuinfo,file,6,0
713,1494,proc,27,munmap,Memory Address,mem,5,1
714,1494,proc,27,read,sysinfo,file,1,0
715,1494,proc,27,send,42.194.9.81:48080,net,6,1
716,1494,proc,27,nanosleep,Sleep Duration,other,2,0
717,1494,proc,27,fcntl64,42.194.9.81:48080,net,6,0
718,1494,proc,27,fcntl64,42.194.9.81:48080,net,6,0
719,1494,proc,27,connect,42.194.9.81:48080,net,6,1
720,1494,proc,27,fcntl64,42.194.9.81:48080,net,6,0
721,1494,proc,27,read,uname,file,2,0
722,1494,proc,27,open,/proc/cpuinfo,file,6,1
723,1494,proc,27,fstat64,/proc/cpuinfo,file,6,0
724,1494,proc,27,mmap,42.194.9.81:48080,net,6,1
725,1494,proc,27,read,/proc/cpuinfo,file,6,0
726,1494,proc,27,read,/proc/cpuinfo,file,6,0
727,1494,proc,27,read,/proc/cpuinfo,file,6,0
728,1494,proc,27,read,/proc/cpuinfo,file,6,0
729,1494,proc,27,read,/proc/cpuinfo,file,6,0
730,1494,proc,27,munmap,Memory Address,mem,5,1
731,1494,proc,27,read,sysinfo,file,1,0
732,1494,proc,27,send,42.194.9.81:48080,net,6,1
733,1494,proc,27,nanosleep,Sleep Duration,other,2,0
734,1494,proc,27,fcntl64,42.194.9.81:48080,net,6,0
735,1494,proc,27,fcntl64,42.194.9.81:48080,net,6,0
736,1494,proc,27,connect,42.194.9.81:48080,net,6,1
737,1494,proc,27,fcntl64,42.194.9.81:48080,net,6,0
738,1494,proc,27,read,uname,file,2,0
739,1494,proc,27,open,/proc/cpuinfo,file,6,1
740,1494,proc,27,fstat64,/proc/cpuinfo,file,6,0
741,1494,proc,27,mmap,42.194.9.81:48080,net,6,1
742,1494,proc,27,read,/proc/cpuinfo,file,6,0
743,1494,proc,27,read,/proc/cpuinfo,file,6,0
744,1494,proc,27,read,/proc/cpuinfo,file,6,0
745,1494,proc,27,read,/proc/cpuinfo,file,6,0
746,1494,proc,27,read,/proc/cpuinfo,file,6,0
747,1494,proc,27,munmap,Memory Address,mem,5,1
748,1494,proc,27,read,sysinfo,file,1,0
749,1494,proc,27,send,42.194.9.81:48080,net,6,1
750,1494,proc,27,nanosleep,Sleep Duration,other,2,0
751,1494,proc,27,fcntl64,42.194.9.81:48080,net,6,0
752,1494,proc,27,fcntl64,42.194.9.81:48080,net,6,0
753,1494,proc,27,connect,42.194.9.81:48080,net,6,1
754,1494,proc,27,fcntl64,42.194.9.81:48080,net,6,0
755,1494,proc,27,read,uname,file,2,0
756,1494,proc,27,open,/proc/cpuinfo,file,6,1
757,1494,proc,27,fstat64,/proc/cpuinfo,file,6,0
758,1494,proc,27,mmap,42.194.9.81:48080,net,6,1
759,1494,proc,27,read,/proc/cpuinfo,file,6,0
760,1494,proc,27,read,/proc/cpuinfo,file,6,0
761,1494,proc,27,read,/proc/cpuinfo,file,6,0
762,1494,proc,27,read,/proc/cpuinfo,file,6,0
763,1494,proc,27,read,/proc/cpuinfo,file,6,0
764,1494,proc,27,munmap,Memory Address,mem,5,1
765,1494,proc,27,read,sysinfo,file,1,0
766,1494,proc,27,send,42.194.9.81:48080,net,6,1
767,1494,proc,27,nanosleep,Sleep Duration,other,2,0
768,1494,proc,27,fcntl64,42.194.9.81:48080,net,6,0
769,1494,proc,27,fcntl64,42.194.9.81:48080,net,6,0
770,1494,proc,27,connect,42.194.9.81:48080,net,6,1
771,1494,proc,27,fcntl64,42.194.9.81:48080,net,6,0
772,1494,proc,27,read,uname,file,2,0
773,1494,proc,27,open,/proc/cpuinfo,file,6,1
774,1494,proc,27,fstat64,/proc/cpuinfo,file,6,0
775,1494,proc,27,mmap,42.194.9.81:48080,net,6,1
776,1494,proc,27,read,/proc/cpuinfo,file,6,0
777,1494,proc,27,read,/proc/cpuinfo,file,6,0
778,1494,proc,27,read,/proc/cpuinfo,file,6,0
779,1494,proc,27,read,/proc/cpuinfo,file,6,0
780,1494,proc,27,read,/proc/cpuinfo,file,6,0
781,1494,proc,27,munmap,Memory Address,mem,5,1
782,1494,proc,27,read,sysinfo,file,1,0
783,1494,proc,27,send,42.194.9.81:48080,net,6,1
784,1494,proc,27,nanosleep,Sleep Duration,other,2,0
785,1494,proc,27,fcntl64,42.194.9.81:48080,net,6,0
786,1494,proc,27,fcntl64,42.194.9.81:48080,net,6,0
787,1494,proc,27,connect,42.194.9.81:48080,net,6,1
788,1494,proc,27,fcntl64,42.194.9.81:48080,net,6,0
789,1494,proc,27,read,uname,file,2,0
790,1494,proc,27,open,/proc/cpuinfo,file,6,1
791,1494,proc,27,fstat64,/proc/cpuinfo,file,6,0
792,1494,proc,27,mmap,42.194.9.81:48080,net,6,1
793,1494,proc,27,read,/proc/cpuinfo,file,6,0
794,1494,proc,27,read,/proc/cpuinfo,file,6,0
795,1494,proc,27,read,/proc/cpuinfo,file,6,0
796,1494,proc,27,read,/proc/cpuinfo,file,6,0
797,1494,proc,27,read,/proc/cpuinfo,file,6,0
798,1494,proc,27,munmap,Memory Address,mem,5,1
799,1494,proc,27,read,sysinfo,file,1,0
800,1494,proc,27,send,42.194.9.81:48080,net,6,1
801,1494,proc,27,nanosleep,Sleep Duration,other,2,0
802,1494,proc,27,fcntl64,42.194.9.81:48080,net,6,0
803,1494,proc,27,fcntl64,42.194.9.81:48080,net,6,0
804,1494,proc,27,connect,42.194.9.81:48080,net,6,1
805,1494,proc,27,fcntl64,42.194.9.81:48080,net,6,0
806,1494,proc,27,read,uname,file,2,0
807,1494,proc,27,open,/proc/cpuinfo,file,6,1
808,1494,proc,27,fstat64,/proc/cpuinfo,file,6,0
809,1494,proc,27,mmap,42.194.9.81:48080,net,6,1
810,1494,proc,27,read,/proc/cpuinfo,file,6,0
811,1494,proc,27,read,/proc/cpuinfo,file,6,0
812,1494,proc,27,read,/proc/cpuinfo,file,6,0
813,1494,proc,27,read,/proc/cpuinfo,file,6,0
814,1494,proc,27,read,/proc/cpuinfo,file,6,0
815,1494,proc,27,munmap,Memory Address,mem,5,1
816,1494,proc,27,read,sysinfo,file,1,0
817,1494,proc,27,send,42.194.9.81:48080,net,6,1
818,1494,proc,27,nanosleep,Sleep Duration,other,2,0
819,1494,proc,27,fcntl64,42.194.9.81:48080,net,6,0
820,1494,proc,27,fcntl64,42.194.9.81:48080,net,6,0
821,1494,proc,27,connect,42.194.9.81:48080,net,6,1
822,1494,proc,27,fcntl64,42.194.9.81:48080,net,6,0
823,1494,proc,27,read,uname,file,2,0
824,1494,proc,27,open,/proc/cpuinfo,file,6,1
825,1494,proc,27,fstat64,/proc/cpuinfo,file,6,0
826,1494,proc,27,mmap,42.194.9.81:48080,net,6,1
827,1494,proc,27,read,/proc/cpuinfo,file,6,0
828,1494,proc,27,read,/proc/cpuinfo,file,6,0
829,1494,proc,27,read,/proc/cpuinfo,file,6,0
830,1494,proc,27,read,/proc/cpuinfo,file,6,0
831,1494,proc,27,read,/proc/cpuinfo,file,6,0
832,1494,proc,27,munmap,Memory Address,mem,5,1
833,1494,proc,27,read,sysinfo,file,1,0
834,1494,proc,27,send,42.194.9.81:48080,net,6,1
835,1494,proc,27,nanosleep,Sleep Duration,other,2,0
836,1494,proc,27,fcntl64,42.194.9.81:48080,net,6,0
837,1494,proc,27,fcntl64,42.194.9.81:48080,net,6,0
838,1494,proc,27,connect,42.194.9.81:48080,net,6,1
839,1494,proc,27,fcntl64,42.194.9.81:48080,net,6,0
840,1494,proc,27,read,uname,file,2,0
841,1494,proc,27,open,/proc/cpuinfo,file,6,1
842,1494,proc,27,fstat64,/proc/cpuinfo,file,6,0
843,1494,proc,27,mmap,42.194.9.81:48080,net,6,1
844,1494,proc,27,read,/proc/cpuinfo,file,6,0
845,1494,proc,27,read,/proc/cpuinfo,file,6,0
846,1494,proc,27,read,/proc/cpuinfo,file,6,0
847,1494,proc,27,read,/proc/cpuinfo,file,6,0
848,1494,proc,27,read,/proc/cpuinfo,file,6,0
849,1494,proc,27,munmap,Memory Address,mem,5,1
850,1494,proc,27,read,sysinfo,file,1,0
851,1494,proc,27,send,42.194.9.81:48080,net,6,1
852,1494,proc,27,nanosleep,Sleep Duration,other,2,0
853,1494,proc,27,fcntl64,42.194.9.81:48080,net,6,0
854,1494,proc,27,fcntl64,42.194.9.81:48080,net,6,0
855,1494,proc,27,connect,42.194.9.81:48080,net,6,1
856,1494,proc,27,fcntl64,42.194.9.81:48080,net,6,0
857,1494,proc,27,read,uname,file,2,0
858,1494,proc,27,open,/proc/cpuinfo,file,6,1
859,1494,proc,27,fstat64,/proc/cpuinfo,file,6,0
860,1494,proc,27,mmap,42.194.9.81:48080,net,6,1
861,1494,proc,27,read,/proc/cpuinfo,file,6,0
862,1494,proc,27,read,/proc/cpuinfo,file,6,0
863,1494,proc,27,read,/proc/cpuinfo,file,6,0
864,1494,proc,27,read,/proc/cpuinfo,file,6,0
865,1494,proc,27,read,/proc/cpuinfo,file,6,0
866,1494,proc,27,munmap,Memory Address,mem,5,1
867,1494,proc,27,read,sysinfo,file,1,0
868,1494,proc,27,send,42.194.9.81:48080,net,6,1
869,Pipe 0 : read end from Pipe 1,other,4,read,Pipe 1 : write end to Pipe 0,other,5,0
870,1495,proc,7,read,Pipe 0 : read end from Pipe 1,other,4,0
871,1495,proc,7,getppid,ID,other,5,0
872,Pipe 0 : read end from Pipe 1,other,4,read,Pipe 1 : write end to Pipe 0,other,5,0
873,1495,proc,7,read,Pipe 0 : read end from Pipe 1,other,4,0
874,1495,proc,7,mmap,42.194.9.81:48080,net,6,1
875,1495,proc,7,mprotect,Memory Address,mem,5,1
876,1495,proc,7,clone,1496,proc,18,1
877,1495,proc,7,kill,1494,proc,27,0
878,1495,proc,7,getppid,ID,other,5,0
879,1495,proc,7,getppid,ID,other,5,0
880,1495,proc,7,getppid,ID,other,5,0
881,1495,proc,7,getppid,ID,other,5,0
882,1495,proc,7,getppid,ID,other,5,0
883,1495,proc,7,getppid,ID,other,5,0
884,1495,proc,7,getppid,ID,other,5,0
885,1495,proc,7,getppid,ID,other,5,0
886,1495,proc,7,getppid,ID,other,5,0
887,1495,proc,7,getppid,ID,other,5,0
888,1495,proc,7,getppid,ID,other,5,0
889,1495,proc,7,getppid,ID,other,5,0
890,1495,proc,7,getppid,ID,other,5,0
891,1495,proc,7,getppid,ID,other,5,0
892,1495,proc,7,getppid,ID,other,5,0
893,1495,proc,7,getppid,ID,other,5,0
894,1495,proc,7,getppid,ID,other,5,0
895,1495,proc,7,getppid,ID,other,5,0
896,1495,proc,7,getppid,ID,other,5,0
897,1495,proc,7,getppid,ID,other,5,0
898,1495,proc,7,getppid,ID,other,5,0
899,1495,proc,7,getppid,ID,other,5,0
900,1495,proc,7,getppid,ID,other,5,0
901,1495,proc,7,getppid,ID,other,5,0
902,1495,proc,7,getppid,ID,other,5,0
903,1495,proc,7,getppid,ID,other,5,0
904,1495,proc,7,getppid,ID,other,5,0
905,1495,proc,7,getppid,ID,other,5,0
906,1495,proc,7,getppid,ID,other,5,0
907,1495,proc,7,getppid,ID,other,5,0
908,1495,proc,7,getppid,ID,other,5,0
909,1495,proc,7,getppid,ID,other,5,0
910,1495,proc,7,getppid,ID,other,5,0
911,1495,proc,7,getppid,ID,other,5,0
912,1495,proc,7,getppid,ID,other,5,0
913,1495,proc,7,getppid,ID,other,5,0
914,1495,proc,7,getppid,ID,other,5,0
915,1495,proc,7,getppid,ID,other,5,0
916,1495,proc,7,getppid,ID,other,5,0
917,1495,proc,7,getppid,ID,other,5,0
918,1495,proc,7,getppid,ID,other,5,0
919,1495,proc,7,getppid,ID,other,5,0
920,1495,proc,7,getppid,ID,other,5,0
921,1495,proc,7,getppid,ID,other,5,0
922,1495,proc,7,getppid,ID,other,5,0
923,1495,proc,7,getppid,ID,other,5,0
924,1495,proc,7,getppid,ID,other,5,0
925,1495,proc,7,getppid,ID,other,5,0
926,1495,proc,7,getppid,ID,other,5,0
927,1495,proc,7,getppid,ID,other,5,0
928,1495,proc,7,getppid,ID,other,5,0
929,1495,proc,7,getppid,ID,other,5,0
930,1495,proc,7,getppid,ID,other,5,0
931,1495,proc,7,getppid,ID,other,5,0
932,1495,proc,7,getppid,ID,other,5,0
933,1495,proc,7,getppid,ID,other,5,0
934,1495,proc,7,getppid,ID,other,5,0
935,1495,proc,7,getppid,ID,other,5,0
936,1495,proc,7,getppid,ID,other,5,0
937,1495,proc,7,getppid,ID,other,5,0
938,1495,proc,7,getppid,ID,other,5,0
939,1495,proc,7,getppid,ID,other,5,0
940,1495,proc,7,getppid,ID,other,5,0
941,1495,proc,7,getppid,ID,other,5,0
942,1495,proc,7,getppid,ID,other,5,0
943,1495,proc,7,getppid,ID,other,5,0
944,1495,proc,7,getppid,ID,other,5,0
945,1495,proc,7,getppid,ID,other,5,0
946,1495,proc,7,getppid,ID,other,5,0
947,1495,proc,7,getppid,ID,other,5,0
948,1495,proc,7,getppid,ID,other,5,0
949,1495,proc,7,getppid,ID,other,5,0
950,1495,proc,7,getppid,ID,other,5,0
951,1495,proc,7,getppid,ID,other,5,0
952,1495,proc,7,getppid,ID,other,5,0
953,1495,proc,7,getppid,ID,other,5,0
954,1495,proc,7,getppid,ID,other,5,0
955,1495,proc,7,getppid,ID,other,5,0
956,1495,proc,7,getppid,ID,other,5,0
957,1495,proc,7,getppid,ID,other,5,0
958,1495,proc,7,getppid,ID,other,5,0
959,1495,proc,7,getppid,ID,other,5,0
960,1495,proc,7,getppid,ID,other,5,0
961,1495,proc,7,getppid,ID,other,5,0
962,1495,proc,7,getppid,ID,other,5,0
963,1495,proc,7,getppid,ID,other,5,0
964,1495,proc,7,getppid,ID,other,5,0
965,1495,proc,7,getppid,ID,other,5,0
966,1495,proc,7,getppid,ID,other,5,0
967,1495,proc,7,getppid,ID,other,5,0
968,1495,proc,7,getppid,ID,other,5,0
969,1495,proc,7,getppid,ID,other,5,0
970,1495,proc,7,getppid,ID,other,5,0
971,1495,proc,7,getppid,ID,other,5,0
972,1495,proc,7,getppid,ID,other,5,0
973,1495,proc,7,getppid,ID,other,5,0
974,1495,proc,7,getppid,ID,other,5,0
975,1495,proc,7,getppid,ID,other,5,0
976,1495,proc,7,getppid,ID,other,5,0
977,1495,proc,7,getppid,ID,other,5,0
978,1495,proc,7,getppid,ID,other,5,0
979,1495,proc,7,getppid,ID,other,5,0
980,1495,proc,7,getppid,ID,other,5,0
981,1495,proc,7,getppid,ID,other,5,0
982,1495,proc,7,getppid,ID,other,5,0
983,1495,proc,7,getppid,ID,other,5,0
984,1495,proc,7,getppid,ID,other,5,0
985,1495,proc,7,getppid,ID,other,5,0
986,1495,proc,7,getppid,ID,other,5,0
987,1495,proc,7,getppid,ID,other,5,0
988,1495,proc,7,getppid,ID,other,5,0
989,1495,proc,7,getppid,ID,other,5,0
990,1495,proc,7,getppid,ID,other,5,0
991,1495,proc,7,getppid,ID,other,5,0
992,1495,proc,7,getppid,ID,other,5,0
993,1495,proc,7,getppid,ID,other,5,0
994,1495,proc,7,getppid,ID,other,5,0
995,1495,proc,7,getppid,ID,other,5,0
996,1495,proc,7,getppid,ID,other,5,0
997,1495,proc,7,getppid,ID,other,5,0
998,1495,proc,7,getppid,ID,other,5,0
999,1495,proc,7,getppid,ID,other,5,0
1000,1495,proc,7,getppid,ID,other,5,0
1001,1495,proc,7,getppid,ID,other,5,0
1002,1495,proc,7,getppid,ID,other,5,0
1003,1495,proc,7,getppid,ID,other,5,0
1004,1495,proc,7,getppid,ID,other,5,0
1005,1495,proc,7,getppid,ID,other,5,0
1006,1495,proc,7,getppid,ID,other,5,0
1007,1495,proc,7,getppid,ID,other,5,0
1008,1495,proc,7,getppid,ID,other,5,0
1009,1495,proc,7,getppid,ID,other,5,0
1010,1495,proc,7,getppid,ID,other,5,0
1011,1495,proc,7,getppid,ID,other,5,0
1012,1495,proc,7,getppid,ID,other,5,0
1013,1495,proc,7,getppid,ID,other,5,0
1014,1495,proc,7,getppid,ID,other,5,0
1015,1495,proc,7,getppid,ID,other,5,0
1016,1495,proc,7,getppid,ID,other,5,0
1017,1495,proc,7,getppid,ID,other,5,0
1018,1495,proc,7,getppid,ID,other,5,0
1019,1495,proc,7,getppid,ID,other,5,0
1020,1495,proc,7,getppid,ID,other,5,0
1021,1495,proc,7,getppid,ID,other,5,0
1022,1495,proc,7,getppid,ID,other,5,0
1023,1495,proc,7,getppid,ID,other,5,0
1024,1495,proc,7,getppid,ID,other,5,0
1025,1495,proc,7,getppid,ID,other,5,0
1026,1496,proc,18,getpid,ID,other,5,0
1027,1496,proc,18,open,/proc/net/dev,file,3,1
1028,1496,proc,18,lseek,/proc/net/dev,file,3,0
1029,1496,proc,18,read,/proc/net/dev,file,3,0
1030,1496,proc,18,open,/proc/net/dev,file,3,1
1031,1496,proc,18,lseek,/proc/net/dev,file,3,0
1032,1496,proc,18,read,/proc/net/dev,file,3,0
1033,1496,proc,18,open,/proc/net/dev,file,3,1
1034,1496,proc,18,lseek,/proc/net/dev,file,3,0
1035,1496,proc,18,read,/proc/net/dev,file,3,0
1036,1496,proc,18,open,/proc/net/dev,file,3,1
1037,1496,proc,18,lseek,/proc/net/dev,file,3,0
1038,1496,proc,18,read,/proc/net/dev,file,3,0
1039,1496,proc,18,open,/proc/net/dev,file,3,1
1040,1496,proc,18,lseek,/proc/net/dev,file,3,0
1041,1496,proc,18,read,/proc/net/dev,file,3,0
1042,1496,proc,18,open,/proc/net/dev,file,3,1
1043,1496,proc,18,lseek,/proc/net/dev,file,3,0
1044,1496,proc,18,read,/proc/net/dev,file,3,0
1045,1496,proc,18,open,/proc/net/dev,file,3,1
1046,1496,proc,18,lseek,/proc/net/dev,file,3,0
1047,1496,proc,18,read,/proc/net/dev,file,3,0
1048,1496,proc,18,open,/proc/net/dev,file,3,1
1049,1496,proc,18,lseek,/proc/net/dev,file,3,0
1050,1496,proc,18,read,/proc/net/dev,file,3,0
1051,1496,proc,18,open,/proc/net/dev,file,3,1
1052,1496,proc,18,lseek,/proc/net/dev,file,3,0
1053,1496,proc,18,read,/proc/net/dev,file,3,0
1054,1496,proc,18,open,/proc/net/dev,file,3,1
1055,1496,proc,18,lseek,/proc/net/dev,file,3,0
1056,1496,proc,18,read,/proc/net/dev,file,3,0
1057,1496,proc,18,open,/etc/mtab,file,3,1
1058,1496,proc,18,fstat64,/etc/mtab,file,3,0
1059,1496,proc,18,mmap,42.194.9.81:48080,net,6,1
1060,1496,proc,18,read,/etc/mtab,file,3,0
1061,1496,proc,18,munmap,Memory Address,mem,5,1
1062,1496,proc,18,open,/proc/cpuinfo,file,6,1
1063,1496,proc,18,fstat64,/proc/cpuinfo,file,6,0
1064,1496,proc,18,mmap,42.194.9.81:48080,net,6,1
1065,1496,proc,18,read,/proc/cpuinfo,file,6,0
1066,1496,proc,18,read,/proc/cpuinfo,file,6,0
1067,1496,proc,18,read,/proc/cpuinfo,file,6,0
1068,1496,proc,18,read,/proc/cpuinfo,file,6,0
1069,1496,proc,18,read,/proc/cpuinfo,file,6,0
1070,1496,proc,18,munmap,Memory Address,mem,5,1
1071,1496,proc,18,nanosleep,Sleep Duration,other,2,0
1072,1496,proc,18,open,/proc/stat,file,3,1
1073,1496,proc,18,fstat64,/proc/stat,file,3,0
1074,1496,proc,18,mmap,42.194.9.81:48080,net,6,1
1075,1496,proc,18,read,/proc/stat,file,3,0
1076,1496,proc,18,munmap,Memory Address,mem,5,1
1077,1496,proc,18,nanosleep,Sleep Duration,other,2,0
1078,1496,proc,18,open,/proc/stat,file,3,1
1079,1496,proc,18,fstat64,/proc/stat,file,3,0
1080,1496,proc,18,mmap,42.194.9.81:48080,net,6,1
1081,1496,proc,18,read,/proc/stat,file,3,0
1082,1496,proc,18,munmap,Memory Address,mem,5,1
1083,1496,proc,18,kill,1494,proc,27,0
1084,1496,proc,18,nanosleep,Sleep Duration,other,2,0
1085,1496,proc,18,nanosleep,Sleep Duration,other,2,0
1086,1496,proc,18,nanosleep,Sleep Duration,other,2,0
1087,1496,proc,18,nanosleep,Sleep Duration,other,2,0
1088,1496,proc,18,nanosleep,Sleep Duration,other,2,0
1089,1496,proc,18,nanosleep,Sleep Duration,other,2,0
1090,1496,proc,18,nanosleep,Sleep Duration,other,2,0
1091,1496,proc,18,nanosleep,Sleep Duration,other,2,0
1092,1496,proc,18,nanosleep,Sleep Duration,other,2,0
1093,1496,proc,18,nanosleep,Sleep Duration,other,2,0
1094,1496,proc,18,nanosleep,Sleep Duration,other,2,0
1095,1496,proc,18,nanosleep,Sleep Duration,other,2,0
1096,1496,proc,18,nanosleep,Sleep Duration,other,2,0
1097,1496,proc,18,nanosleep,Sleep Duration,other,2,0
1098,1496,proc,18,nanosleep,Sleep Duration,other,2,0
1099,1496,proc,18,nanosleep,Sleep Duration,other,2,0
1100,1496,proc,18,nanosleep,Sleep Duration,other,2,0
1101,1496,proc,18,nanosleep,Sleep Duration,other,2,0
1102,1496,proc,18,nanosleep,Sleep Duration,other,2,0
1103,1496,proc,18,nanosleep,Sleep Duration,other,2,0
1104,1496,proc,18,nanosleep,Sleep Duration,other,2,0
1105,1496,proc,18,nanosleep,Sleep Duration,other,2,0
1106,1496,proc,18,nanosleep,Sleep Duration,other,2,0
1107,1496,proc,18,nanosleep,Sleep Duration,other,2,0
1108,1496,proc,18,nanosleep,Sleep Duration,other,2,0
1109,1496,proc,18,nanosleep,Sleep Duration,other,2,0
1110,1496,proc,18,nanosleep,Sleep Duration,other,2,0
1111,1496,proc,18,nanosleep,Sleep Duration,other,2,0
1112,1496,proc,18,nanosleep,Sleep Duration,other,2,0
1113,1496,proc,18,nanosleep,Sleep Duration,other,2,0
1114,1496,proc,18,nanosleep,Sleep Duration,other,2,0
1115,1496,proc,18,nanosleep,Sleep Duration,other,2,0
1116,1496,proc,18,nanosleep,Sleep Duration,other,2,0
1117,1496,proc,18,nanosleep,Sleep Duration,other,2,0
1118,1496,proc,18,nanosleep,Sleep Duration,other,2,0
1119,1496,proc,18,nanosleep,Sleep Duration,other,2,0
1120,1496,proc,18,nanosleep,Sleep Duration,other,2,0
1121,1496,proc,18,nanosleep,Sleep Duration,other,2,0
1122,1496,proc,18,nanosleep,Sleep Duration,other,2,0
1123,1496,proc,18,nanosleep,Sleep Duration,other,2,0
1124,1496,proc,18,nanosleep,Sleep Duration,other,2,0
1125,1496,proc,18,nanosleep,Sleep Duration,other,2,0
1126,1496,proc,18,nanosleep,Sleep Duration,other,2,0
1127,1496,proc,18,nanosleep,Sleep Duration,other,2,0
1128,1496,proc,18,nanosleep,Sleep Duration,other,2,0
1129,1496,proc,18,nanosleep,Sleep Duration,other,2,0
1130,1496,proc,18,nanosleep,Sleep Duration,other,2,0
1131,1496,proc,18,nanosleep,Sleep Duration,other,2,0
1132,1496,proc,18,nanosleep,Sleep Duration,other,2,0
1133,1496,proc,18,nanosleep,Sleep Duration,other,2,0
1134,1496,proc,18,nanosleep,Sleep Duration,other,2,0
1135,1496,proc,18,nanosleep,Sleep Duration,other,2,0
1136,1496,proc,18,nanosleep,Sleep Duration,other,2,0
1137,1496,proc,18,nanosleep,Sleep Duration,other,2,0
1138,1496,proc,18,nanosleep,Sleep Duration,other,2,0
1139,1496,proc,18,nanosleep,Sleep Duration,other,2,0
1140,1496,proc,18,nanosleep,Sleep Duration,other,2,0
1141,1496,proc,18,nanosleep,Sleep Duration,other,2,0
1142,1496,proc,18,nanosleep,Sleep Duration,other,2,0
1143,1496,proc,18,nanosleep,Sleep Duration,other,2,0
1144,1496,proc,18,nanosleep,Sleep Duration,other,2,0
1145,1496,proc,18,nanosleep,Sleep Duration,other,2,0
1146,1496,proc,18,nanosleep,Sleep Duration,other,2,0
1147,1496,proc,18,nanosleep,Sleep Duration,other,2,0
1148,1496,proc,18,nanosleep,Sleep Duration,other,2,0
1149,1496,proc,18,nanosleep,Sleep Duration,other,2,0
1150,1496,proc,18,nanosleep,Sleep Duration,other,2,0
1151,1496,proc,18,nanosleep,Sleep Duration,other,2,0
1152,1496,proc,18,nanosleep,Sleep Duration,other,2,0
1153,1496,proc,18,nanosleep,Sleep Duration,other,2,0
1154,1496,proc,18,nanosleep,Sleep Duration,other,2,0
1155,1496,proc,18,nanosleep,Sleep Duration,other,2,0
1156,1496,proc,18,nanosleep,Sleep Duration,other,2,0
1157,1496,proc,18,nanosleep,Sleep Duration,other,2,0
1158,1496,proc,18,nanosleep,Sleep Duration,other,2,0
1159,1496,proc,18,nanosleep,Sleep Duration,other,2,0
1160,1496,proc,18,nanosleep,Sleep Duration,other,2,0
1161,1496,proc,18,nanosleep,Sleep Duration,other,2,0
1162,1496,proc,18,nanosleep,Sleep Duration,other,2,0
1163,1496,proc,18,nanosleep,Sleep Duration,other,2,0
1164,1496,proc,18,nanosleep,Sleep Duration,other,2,0
1165,1496,proc,18,nanosleep,Sleep Duration,other,2,0
1166,1496,proc,18,nanosleep,Sleep Duration,other,2,0
1167,1496,proc,18,nanosleep,Sleep Duration,other,2,0
1168,1496,proc,18,nanosleep,Sleep Duration,other,2,0
1169,1496,proc,18,nanosleep,Sleep Duration,other,2,0
1170,1496,proc,18,nanosleep,Sleep Duration,other,2,0
1171,1496,proc,18,nanosleep,Sleep Duration,other,2,0
1172,1496,proc,18,nanosleep,Sleep Duration,other,2,0
1173,1496,proc,18,nanosleep,Sleep Duration,other,2,0
1174,1496,proc,18,nanosleep,Sleep Duration,other,2,0
1175,1496,proc,18,nanosleep,Sleep Duration,other,2,0
1176,1496,proc,18,nanosleep,Sleep Duration,other,2,0
1177,1496,proc,18,nanosleep,Sleep Duration,other,2,0
1178,1496,proc,18,nanosleep,Sleep Duration,other,2,0
1179,1496,proc,18,nanosleep,Sleep Duration,other,2,0
1180,1496,proc,18,nanosleep,Sleep Duration,other,2,0
1181,1496,proc,18,nanosleep,Sleep Duration,other,2,0
1182,1496,proc,18,nanosleep,Sleep Duration,other,2,0
1183,1496,proc,18,nanosleep,Sleep Duration,other,2,0
1184,1496,proc,18,nanosleep,Sleep Duration,other,2,0
1185,1496,proc,18,nanosleep,Sleep Duration,other,2,0
1186,1496,proc,18,nanosleep,Sleep Duration,other,2,0
1187,1496,proc,18,nanosleep,Sleep Duration,other,2,0
1188,1496,proc,18,nanosleep,Sleep Duration,other,2,0
1189,1496,proc,18,nanosleep,Sleep Duration,other,2,0
1190,1496,proc,18,nanosleep,Sleep Duration,other,2,0
1191,1496,proc,18,nanosleep,Sleep Duration,other,2,0
1192,1496,proc,18,nanosleep,Sleep Duration,other,2,0
1193,1496,proc,18,nanosleep,Sleep Duration,other,2,0
1194,1496,proc,18,nanosleep,Sleep Duration,other,2,0
1195,1496,proc,18,nanosleep,Sleep Duration,other,2,0
1196,1496,proc,18,nanosleep,Sleep Duration,other,2,0
1197,1496,proc,18,nanosleep,Sleep Duration,other,2,0
1198,1496,proc,18,nanosleep,Sleep Duration,other,2,0
1199,1496,proc,18,nanosleep,Sleep Duration,other,2,0
1200,1496,proc,18,nanosleep,Sleep Duration,other,2,0
1201,1496,proc,18,nanosleep,Sleep Duration,other,2,0
1202,1496,proc,18,nanosleep,Sleep Duration,other,2,0
1203,1496,proc,18,nanosleep,Sleep Duration,other,2,0
1204,1496,proc,18,nanosleep,Sleep Duration,other,2,0
1205,1496,proc,18,nanosleep,Sleep Duration,other,2,0
1206,1496,proc,18,nanosleep,Sleep Duration,other,2,0
1207,1496,proc,18,nanosleep,Sleep Duration,other,2,0
1208,1496,proc,18,nanosleep,Sleep Duration,other,2,0
1209,1496,proc,18,nanosleep,Sleep Duration,other,2,0
1210,1496,proc,18,nanosleep,Sleep Duration,other,2,0
1211,1496,proc,18,nanosleep,Sleep Duration,other,2,0
1212,1496,proc,18,nanosleep,Sleep Duration,other,2,0
1213,1496,proc,18,nanosleep,Sleep Duration,other,2,0
1214,1496,proc,18,nanosleep,Sleep Duration,other,2,0
1215,1496,proc,18,nanosleep,Sleep Duration,other,2,0
1216,1496,proc,18,nanosleep,Sleep Duration,other,2,0
1217,1496,proc,18,nanosleep,Sleep Duration,other,2,0
1218,1496,proc,18,nanosleep,Sleep Duration,other,2,0
1219,1496,proc,18,nanosleep,Sleep Duration,other,2,0
1220,1496,proc,18,nanosleep,Sleep Duration,other,2,0
1221,1496,proc,18,nanosleep,Sleep Duration,other,2,0
1222,1496,proc,18,nanosleep,Sleep Duration,other,2,0
1223,1496,proc,18,nanosleep,Sleep Duration,other,2,0
1224,1496,proc,18,nanosleep,Sleep Duration,other,2,0
1225,1496,proc,18,nanosleep,Sleep Duration,other,2,0
1226,1496,proc,18,nanosleep,Sleep Duration,other,2,0
1227,1496,proc,18,nanosleep,Sleep Duration,other,2,0
1228,1496,proc,18,nanosleep,Sleep Duration,other,2,0
1229,1496,proc,18,nanosleep,Sleep Duration,other,2,0
1230,1496,proc,18,nanosleep,Sleep Duration,other,2,0
1231,1496,proc,18,nanosleep,Sleep Duration,other,2,0
1232,1496,proc,18,nanosleep,Sleep Duration,other,2,0
1233,1496,proc,18,nanosleep,Sleep Duration,other,2,0
1234,1496,proc,18,nanosleep,Sleep Duration,other,2,0
1235,1496,proc,18,nanosleep,Sleep Duration,other,2,0
1236,1496,proc,18,nanosleep,Sleep Duration,other,2,0
1237,1496,proc,18,nanosleep,Sleep Duration,other,2,0
1238,1496,proc,18,nanosleep,Sleep Duration,other,2,0
1239,1496,proc,18,nanosleep,Sleep Duration,other,2,0
1240,1496,proc,18,nanosleep,Sleep Duration,other,2,0
1241,1496,proc,18,nanosleep,Sleep Duration,other,2,0
1242,1496,proc,18,nanosleep,Sleep Duration,other,2,0
1243,1496,proc,18,nanosleep,Sleep Duration,other,2,0
1244,1496,proc,18,nanosleep,Sleep Duration,other,2,0
1245,1496,proc,18,nanosleep,Sleep Duration,other,2,0
1246,1496,proc,18,nanosleep,Sleep Duration,other,2,0
1247,1496,proc,18,nanosleep,Sleep Duration,other,2,0
1248,1496,proc,18,nanosleep,Sleep Duration,other,2,0
1249,1496,proc,18,nanosleep,Sleep Duration,other,2,0
1250,1496,proc,18,nanosleep,Sleep Duration,other,2,0
1251,1496,proc,18,nanosleep,Sleep Duration,other,2,0
1252,1496,proc,18,nanosleep,Sleep Duration,other,2,0
1253,1496,proc,18,nanosleep,Sleep Duration,other,2,0
1254,1496,proc,18,nanosleep,Sleep Duration,other,2,0
1255,1496,proc,18,nanosleep,Sleep Duration,other,2,0
1256,1496,proc,18,nanosleep,Sleep Duration,other,2,0
1257,1496,proc,18,nanosleep,Sleep Duration,other,2,0
1258,1496,proc,18,nanosleep,Sleep Duration,other,2,0
1259,1496,proc,18,nanosleep,Sleep Duration,other,2,0
1260,1496,proc,18,nanosleep,Sleep Duration,other,2,0
1261,1496,proc,18,nanosleep,Sleep Duration,other,2,0
1262,1496,proc,18,nanosleep,Sleep Duration,other,2,0
1263,1496,proc,18,nanosleep,Sleep Duration,other,2,0
1264,1496,proc,18,nanosleep,Sleep Duration,other,2,0
1265,1496,proc,18,nanosleep,Sleep Duration,other,2,0
1266,1496,proc,18,nanosleep,Sleep Duration,other,2,0
1267,1496,proc,18,nanosleep,Sleep Duration,other,2,0
1268,1496,proc,18,nanosleep,Sleep Duration,other,2,0
1269,1496,proc,18,nanosleep,Sleep Duration,other,2,0
1270,1496,proc,18,nanosleep,Sleep Duration,other,2,0
1271,1496,proc,18,nanosleep,Sleep Duration,other,2,0
1272,1496,proc,18,nanosleep,Sleep Duration,other,2,0
1273,1496,proc,18,nanosleep,Sleep Duration,other,2,0
1274,1496,proc,18,nanosleep,Sleep Duration,other,2,0
1275,1496,proc,18,nanosleep,Sleep Duration,other,2,0
1276,1496,proc,18,nanosleep,Sleep Duration,other,2,0
1277,1496,proc,18,nanosleep,Sleep Duration,other,2,0
1278,1496,proc,18,nanosleep,Sleep Duration,other,2,0
1279,1496,proc,18,nanosleep,Sleep Duration,other,2,0
1280,1496,proc,18,nanosleep,Sleep Duration,other,2,0
1281,1496,proc,18,nanosleep,Sleep Duration,other,2,0
1282,1496,proc,18,nanosleep,Sleep Duration,other,2,0
1283,1496,proc,18,nanosleep,Sleep Duration,other,2,0
1284,1496,proc,18,nanosleep,Sleep Duration,other,2,0
1285,1496,proc,18,nanosleep,Sleep Duration,other,2,0
1286,1496,proc,18,nanosleep,Sleep Duration,other,2,0
1287,1496,proc,18,nanosleep,Sleep Duration,other,2,0
1288,1496,proc,18,nanosleep,Sleep Duration,other,2,0
1289,1496,proc,18,nanosleep,Sleep Duration,other,2,0
1290,1496,proc,18,nanosleep,Sleep Duration,other,2,0
1291,1496,proc,18,nanosleep,Sleep Duration,other,2,0
1292,1496,proc,18,nanosleep,Sleep Duration,other,2,0
1293,1496,proc,18,nanosleep,Sleep Duration,other,2,0
1294,1496,proc,18,nanosleep,Sleep Duration,other,2,0
1295,1496,proc,18,nanosleep,Sleep Duration,other,2,0
1296,1496,proc,18,nanosleep,Sleep Duration,other,2,0
1297,1496,proc,18,nanosleep,Sleep Duration,other,2,0
1298,1496,proc,18,nanosleep,Sleep Duration,other,2,0
1299,1496,proc,18,nanosleep,Sleep Duration,other,2,0
1300,1496,proc,18,nanosleep,Sleep Duration,other,2,0
1301,1496,proc,18,nanosleep,Sleep Duration,other,2,0
1302,1496,proc,18,nanosleep,Sleep Duration,other,2,0
1303,1496,proc,18,nanosleep,Sleep Duration,other,2,0
1304,1496,proc,18,nanosleep,Sleep Duration,other,2,0
1305,1496,proc,18,nanosleep,Sleep Duration,other,2,0
1306,1496,proc,18,nanosleep,Sleep Duration,other,2,0
1307,1496,proc,18,nanosleep,Sleep Duration,other,2,0
1308,1496,proc,18,nanosleep,Sleep Duration,other,2,0
1309,1496,proc,18,nanosleep,Sleep Duration,other,2,0
1310,1496,proc,18,nanosleep,Sleep Duration,other,2,0
1311,1496,proc,18,nanosleep,Sleep Duration,other,2,0
1312,1496,proc,18,nanosleep,Sleep Duration,other,2,0
1313,1496,proc,18,nanosleep,Sleep Duration,other,2,0
1314,1496,proc,18,nanosleep,Sleep Duration,other,2,0
1315,1496,proc,18,nanosleep,Sleep Duration,other,2,0
1316,1496,proc,18,nanosleep,Sleep Duration,other,2,0
1317,1496,proc,18,nanosleep,Sleep Duration,other,2,0
1318,1496,proc,18,nanosleep,Sleep Duration,other,2,0
1319,1496,proc,18,nanosleep,Sleep Duration,other,2,0
1320,1496,proc,18,nanosleep,Sleep Duration,other,2,0
1321,1496,proc,18,nanosleep,Sleep Duration,other,2,0
1322,1496,proc,18,nanosleep,Sleep Duration,other,2,0
1323,1496,proc,18,nanosleep,Sleep Duration,other,2,0
1324,1496,proc,18,nanosleep,Sleep Duration,other,2,0
1325,1496,proc,18,nanosleep,Sleep Duration,other,2,0
1326,1496,proc,18,nanosleep,Sleep Duration,other,2,0
1327,1496,proc,18,nanosleep,Sleep Duration,other,2,0
1328,1496,proc,18,nanosleep,Sleep Duration,other,2,0
1329,1496,proc,18,nanosleep,Sleep Duration,other,2,0
1330,1496,proc,18,nanosleep,Sleep Duration,other,2,0
1331,1496,proc,18,nanosleep,Sleep Duration,other,2,0
1332,1496,proc,18,nanosleep,Sleep Duration,other,2,0
1333,1496,proc,18,nanosleep,Sleep Duration,other,2,0
1334,1496,proc,18,nanosleep,Sleep Duration,other,2,0
1335,1496,proc,18,nanosleep,Sleep Duration,other,2,0
1336,1496,proc,18,nanosleep,Sleep Duration,other,2,0
1337,1496,proc,18,nanosleep,Sleep Duration,other,2,0
1338,1496,proc,18,nanosleep,Sleep Duration,other,2,0
1339,1496,proc,18,nanosleep,Sleep Duration,other,2,0
1340,1496,proc,18,nanosleep,Sleep Duration,other,2,0
1341,1496,proc,18,nanosleep,Sleep Duration,other,2,0
1342,1496,proc,18,nanosleep,Sleep Duration,other,2,0
1343,1496,proc,18,nanosleep,Sleep Duration,other,2,0
1344,1496,proc,18,nanosleep,Sleep Duration,other,2,0
1345,1496,proc,18,nanosleep,Sleep Duration,other,2,0
1346,1496,proc,18,nanosleep,Sleep Duration,other,2,0
1347,1496,proc,18,nanosleep,Sleep Duration,other,2,0
1348,1496,proc,18,nanosleep,Sleep Duration,other,2,0
1349,1496,proc,18,nanosleep,Sleep Duration,other,2,0
1350,1496,proc,18,nanosleep,Sleep Duration,other,2,0
1351,1496,proc,18,nanosleep,Sleep Duration,other,2,0
1352,1496,proc,18,nanosleep,Sleep Duration,other,2,0
1353,1496,proc,18,nanosleep,Sleep Duration,other,2,0
1354,1496,proc,18,nanosleep,Sleep Duration,other,2,0
1355,1496,proc,18,nanosleep,Sleep Duration,other,2,0
1356,1496,proc,18,nanosleep,Sleep Duration,other,2,0
1357,1496,proc,18,nanosleep,Sleep Duration,other,2,0
1358,1496,proc,18,nanosleep,Sleep Duration,other,2,0
1359,1496,proc,18,nanosleep,Sleep Duration,other,2,0
1360,1496,proc,18,nanosleep,Sleep Duration,other,2,0
1361,1496,proc,18,nanosleep,Sleep Duration,other,2,0
1362,1496,proc,18,nanosleep,Sleep Duration,other,2,0
1363,1496,proc,18,nanosleep,Sleep Duration,other,2,0
1364,1496,proc,18,nanosleep,Sleep Duration,other,2,0
1365,1496,proc,18,nanosleep,Sleep Duration,other,2,0
1366,1496,proc,18,nanosleep,Sleep Duration,other,2,0
1367,1496,proc,18,nanosleep,Sleep Duration,other,2,0
1368,1496,proc,18,nanosleep,Sleep Duration,other,2,0
1369,1496,proc,18,nanosleep,Sleep Duration,other,2,0
1370,1496,proc,18,nanosleep,Sleep Duration,other,2,0
1371,1496,proc,18,nanosleep,Sleep Duration,other,2,0
1372,1496,proc,18,nanosleep,Sleep Duration,other,2,0
1373,1496,proc,18,nanosleep,Sleep Duration,other,2,0
1374,1496,proc,18,nanosleep,Sleep Duration,other,2,0
1375,1496,proc,18,nanosleep,Sleep Duration,other,2,0
1376,1496,proc,18,nanosleep,Sleep Duration,other,2,0
1377,1496,proc,18,nanosleep,Sleep Duration,other,2,0
