step,src_node,type,deg,edge,dst_node,type,deg,importance
1,malware,proc,20,mmap,Unknown,file,3,1
2,malware,proc,20,readlink,/proc/self/exe,file,1,0
3,malware,proc,20,mmap,Unknown,file,3,1
4,malware,proc,20,mprotect,Memory Address,mem,3,1
5,malware,proc,20,mmap,Unknown,file,3,1
6,malware,proc,20,mprotect,Memory Address,mem,3,1
7,malware,proc,20,brk,Memory Address,mem,3,1
8,malware,proc,20,munmap,Memory Address,mem,3,1
9,malware,proc,20,connect,8.8.8.8:53,net,4,1
10,8.8.8.8:53,net,4,getsockname,malware,proc,20,0
11,malware,proc,20,brk,Memory Address,mem,3,1
12,malware,proc,20,brk,Memory Address,mem,3,1
13,malware,proc,20,time,Timestamp,other,1,0
14,malware,proc,20,getpid,ID,other,2,0
15,malware,proc,20,getppid,ID,other,2,0
16,8.8.8.8:53,net,4,setsockopt,malware,proc,20,0
17,malware,proc,20,fcntl,8.8.8.8:53,net,4,1
18,malware,proc,20,fcntl,8.8.8.8:53,net,4,1
19,malware,proc,20,bind,5.182.210.244:38273,net,1,0
20,malware,proc,20,connect,0.0.0.0:38273,net,1,1
21,malware,proc,20,nanosleep,Sleep Duration,other,1,0
22,malware,proc,20,open,/proc/net/tcp,file,2,1
23,malware,proc,20,read,/proc/net/tcp,file,2,0
24,malware,proc,20,read,/proc/net/tcp,file,2,0
25,malware,proc,20,read,/proc/net/tcp,file,2,0
26,malware,proc,20,read,/proc/net/tcp,file,2,0
27,malware,proc,20,read,/proc/net/tcp,file,2,0
28,malware,proc,20,read,/proc/net/tcp,file,2,0
29,malware,proc,20,read,/proc/net/tcp,file,2,0
30,malware,proc,20,read,/proc/net/tcp,file,2,0
31,malware,proc,20,read,/proc/net/tcp,file,2,0
32,malware,proc,20,read,/proc/net/tcp,file,2,0
33,malware,proc,20,read,/proc/net/tcp,file,2,0
34,malware,proc,20,read,/proc/net/tcp,file,2,0
35,malware,proc,20,read,/proc/net/tcp,file,2,0
36,malware,proc,20,read,/proc/net/tcp,file,2,0
37,malware,proc,20,read,/proc/net/tcp,file,2,0
38,malware,proc,20,read,/proc/net/tcp,file,2,0
39,malware,proc,20,read,/proc/net/tcp,file,2,0
40,malware,proc,20,read,/proc/net/tcp,file,2,0
41,malware,proc,20,read,/proc/net/tcp,file,2,0
42,malware,proc,20,read,/proc/net/tcp,file,2,0
43,malware,proc,20,read,/proc/net/tcp,file,2,0
44,malware,proc,20,read,/proc/net/tcp,file,2,0
45,malware,proc,20,read,/proc/net/tcp,file,2,0
46,malware,proc,20,read,/proc/net/tcp,file,2,0
47,malware,proc,20,read,/proc/net/tcp,file,2,0
48,malware,proc,20,read,/proc/net/tcp,file,2,0
49,malware,proc,20,read,/proc/net/tcp,file,2,0
50,malware,proc,20,read,/proc/net/tcp,file,2,0
51,malware,proc,20,read,/proc/net/tcp,file,2,0
52,malware,proc,20,read,/proc/net/tcp,file,2,0
53,malware,proc,20,read,/proc/net/tcp,file,2,0
54,malware,proc,20,read,/proc/net/tcp,file,2,0
55,malware,proc,20,read,/proc/net/tcp,file,2,0
56,malware,proc,20,read,/proc/net/tcp,file,2,0
57,malware,proc,20,read,/proc/net/tcp,file,2,0
58,malware,proc,20,read,/proc/net/tcp,file,2,0
59,malware,proc,20,read,/proc/net/tcp,file,2,0
60,malware,proc,20,read,/proc/net/tcp,file,2,0
61,malware,proc,20,read,/proc/net/tcp,file,2,0
62,malware,proc,20,read,/proc/net/tcp,file,2,0
63,malware,proc,20,read,/proc/net/tcp,file,2,0
64,malware,proc,20,read,/proc/net/tcp,file,2,0
65,malware,proc,20,read,/proc/net/tcp,file,2,0
66,malware,proc,20,read,/proc/net/tcp,file,2,0
67,malware,proc,20,read,/proc/net/tcp,file,2,0
68,malware,proc,20,read,/proc/net/tcp,file,2,0
69,malware,proc,20,read,/proc/net/tcp,file,2,0
70,malware,proc,20,read,/proc/net/tcp,file,2,0
71,malware,proc,20,read,/proc/net/tcp,file,2,0
72,malware,proc,20,read,/proc/net/tcp,file,2,0
73,malware,proc,20,read,/proc/net/tcp,file,2,0
74,malware,proc,20,read,/proc/net/tcp,file,2,0
75,malware,proc,20,read,/proc/net/tcp,file,2,0
76,malware,proc,20,read,/proc/net/tcp,file,2,0
77,malware,proc,20,read,/proc/net/tcp,file,2,0
78,malware,proc,20,read,/proc/net/tcp,file,2,0
79,malware,proc,20,read,/proc/net/tcp,file,2,0
80,malware,proc,20,read,/proc/net/tcp,file,2,0
81,malware,proc,20,read,/proc/net/tcp,file,2,0
82,malware,proc,20,read,/proc/net/tcp,file,2,0
83,malware,proc,20,read,/proc/net/tcp,file,2,0
84,malware,proc,20,read,/proc/net/tcp,file,2,0
85,malware,proc,20,read,/proc/net/tcp,file,2,0
86,malware,proc,20,read,/proc/net/tcp,file,2,0
87,malware,proc,20,read,/proc/net/tcp,file,2,0
88,malware,proc,20,read,/proc/net/tcp,file,2,0
89,malware,proc,20,read,/proc/net/tcp,file,2,0
90,malware,proc,20,read,/proc/net/tcp,file,2,0
91,malware,proc,20,read,/proc/net/tcp,file,2,0
92,malware,proc,20,read,/proc/net/tcp,file,2,0
93,malware,proc,20,read,/proc/net/tcp,file,2,0
94,malware,proc,20,read,/proc/net/tcp,file,2,0
95,malware,proc,20,read,/proc/net/tcp,file,2,0
96,malware,proc,20,read,/proc/net/tcp,file,2,0
97,malware,proc,20,read,/proc/net/tcp,file,2,0
98,malware,proc,20,read,/proc/net/tcp,file,2,0
99,malware,proc,20,read,/proc/net/tcp,file,2,0
100,malware,proc,20,read,/proc/net/tcp,file,2,0
101,malware,proc,20,read,/proc/net/tcp,file,2,0
102,malware,proc,20,read,/proc/net/tcp,file,2,0
103,malware,proc,20,read,/proc/net/tcp,file,2,0
104,malware,proc,20,read,/proc/net/tcp,file,2,0
105,malware,proc,20,read,/proc/net/tcp,file,2,0
106,malware,proc,20,read,/proc/net/tcp,file,2,0
107,malware,proc,20,read,/proc/net/tcp,file,2,0
108,malware,proc,20,read,/proc/net/tcp,file,2,0
109,malware,proc,20,read,/proc/net/tcp,file,2,0
110,malware,proc,20,read,/proc/net/tcp,file,2,0
111,malware,proc,20,read,/proc/net/tcp,file,2,0
112,malware,proc,20,read,/proc/net/tcp,file,2,0
113,malware,proc,20,read,/proc/net/tcp,file,2,0
114,malware,proc,20,read,/proc/net/tcp,file,2,0
115,malware,proc,20,read,/proc/net/tcp,file,2,0
116,malware,proc,20,read,/proc/net/tcp,file,2,0
117,malware,proc,20,read,/proc/net/tcp,file,2,0
118,malware,proc,20,read,/proc/net/tcp,file,2,0
119,malware,proc,20,read,/proc/net/tcp,file,2,0
120,malware,proc,20,read,/proc/net/tcp,file,2,0
121,malware,proc,20,read,/proc/net/tcp,file,2,0
122,malware,proc,20,read,/proc/net/tcp,file,2,0
123,malware,proc,20,read,/proc/net/tcp,file,2,0
124,malware,proc,20,read,/proc/net/tcp,file,2,0
125,malware,proc,20,read,/proc/net/tcp,file,2,0
126,malware,proc,20,read,/proc/net/tcp,file,2,0
127,malware,proc,20,read,/proc/net/tcp,file,2,0
128,malware,proc,20,read,/proc/net/tcp,file,2,0
129,malware,proc,20,read,/proc/net/tcp,file,2,0
130,malware,proc,20,read,/proc/net/tcp,file,2,0
131,malware,proc,20,read,/proc/net/tcp,file,2,0
132,malware,proc,20,read,/proc/net/tcp,file,2,0
133,malware,proc,20,read,/proc/net/tcp,file,2,0
134,malware,proc,20,read,/proc/net/tcp,file,2,0
135,malware,proc,20,read,/proc/net/tcp,file,2,0
136,malware,proc,20,read,/proc/net/tcp,file,2,0
137,malware,proc,20,read,/proc/net/tcp,file,2,0
138,malware,proc,20,read,/proc/net/tcp,file,2,0
139,malware,proc,20,read,/proc/net/tcp,file,2,0
140,malware,proc,20,read,/proc/net/tcp,file,2,0
141,malware,proc,20,read,/proc/net/tcp,file,2,0
142,malware,proc,20,read,/proc/net/tcp,file,2,0
143,malware,proc,20,read,/proc/net/tcp,file,2,0
144,malware,proc,20,read,/proc/net/tcp,file,2,0
145,malware,proc,20,read,/proc/net/tcp,file,2,0
146,malware,proc,20,read,/proc/net/tcp,file,2,0
147,malware,proc,20,read,/proc/net/tcp,file,2,0
148,malware,proc,20,read,/proc/net/tcp,file,2,0
149,malware,proc,20,read,/proc/net/tcp,file,2,0
150,malware,proc,20,read,/proc/net/tcp,file,2,0
151,malware,proc,20,read,/proc/net/tcp,file,2,0
152,malware,proc,20,read,/proc/net/tcp,file,2,0
153,malware,proc,20,read,/proc/net/tcp,file,2,0
154,malware,proc,20,read,/proc/net/tcp,file,2,0
155,malware,proc,20,read,/proc/net/tcp,file,2,0
156,malware,proc,20,read,/proc/net/tcp,file,2,0
157,malware,proc,20,read,/proc/net/tcp,file,2,0
158,malware,proc,20,read,/proc/net/tcp,file,2,0
159,malware,proc,20,read,/proc/net/tcp,file,2,0
160,malware,proc,20,read,/proc/net/tcp,file,2,0
161,malware,proc,20,read,/proc/net/tcp,file,2,0
162,malware,proc,20,read,/proc/net/tcp,file,2,0
163,malware,proc,20,read,/proc/net/tcp,file,2,0
164,malware,proc,20,read,/proc/net/tcp,file,2,0
165,malware,proc,20,read,/proc/net/tcp,file,2,0
166,malware,proc,20,read,/proc/net/tcp,file,2,0
167,malware,proc,20,read,/proc/net/tcp,file,2,0
168,malware,proc,20,read,/proc/net/tcp,file,2,0
169,malware,proc,20,read,/proc/net/tcp,file,2,0
170,malware,proc,20,read,/proc/net/tcp,file,2,0
171,malware,proc,20,read,/proc/net/tcp,file,2,0
172,malware,proc,20,read,/proc/net/tcp,file,2,0
173,malware,proc,20,read,/proc/net/tcp,file,2,0
174,malware,proc,20,read,/proc/net/tcp,file,2,0
175,malware,proc,20,read,/proc/net/tcp,file,2,0
176,malware,proc,20,read,/proc/net/tcp,file,2,0
177,malware,proc,20,read,/proc/net/tcp,file,2,0
178,malware,proc,20,read,/proc/net/tcp,file,2,0
179,malware,proc,20,read,/proc/net/tcp,file,2,0
180,malware,proc,20,read,/proc/net/tcp,file,2,0
181,malware,proc,20,read,/proc/net/tcp,file,2,0
182,malware,proc,20,read,/proc/net/tcp,file,2,0
183,malware,proc,20,read,/proc/net/tcp,file,2,0
184,malware,proc,20,read,/proc/net/tcp,file,2,0
185,malware,proc,20,read,/proc/net/tcp,file,2,0
186,malware,proc,20,read,/proc/net/tcp,file,2,0
187,malware,proc,20,read,/proc/net/tcp,file,2,0
188,malware,proc,20,read,/proc/net/tcp,file,2,0
189,malware,proc,20,read,/proc/net/tcp,file,2,0
190,malware,proc,20,read,/proc/net/tcp,file,2,0
191,malware,proc,20,read,/proc/net/tcp,file,2,0
192,malware,proc,20,read,/proc/net/tcp,file,2,0
193,malware,proc,20,read,/proc/net/tcp,file,2,0
194,malware,proc,20,read,/proc/net/tcp,file,2,0
195,malware,proc,20,read,/proc/net/tcp,file,2,0
196,malware,proc,20,read,/proc/net/tcp,file,2,0
197,malware,proc,20,read,/proc/net/tcp,file,2,0
198,malware,proc,20,read,/proc/net/tcp,file,2,0
199,malware,proc,20,read,/proc/net/tcp,file,2,0
200,malware,proc,20,read,/proc/net/tcp,file,2,0
201,malware,proc,20,read,/proc/net/tcp,file,2,0
202,malware,proc,20,read,/proc/net/tcp,file,2,0
203,malware,proc,20,read,/proc/net/tcp,file,2,0
204,malware,proc,20,read,/proc/net/tcp,file,2,0
205,malware,proc,20,read,/proc/net/tcp,file,2,0
206,malware,proc,20,read,/proc/net/tcp,file,2,0
207,malware,proc,20,read,/proc/net/tcp,file,2,0
208,malware,proc,20,read,/proc/net/tcp,file,2,0
209,malware,proc,20,read,/proc/net/tcp,file,2,0
210,malware,proc,20,read,/proc/net/tcp,file,2,0
211,malware,proc,20,read,/proc/net/tcp,file,2,0
212,malware,proc,20,read,/proc/net/tcp,file,2,0
213,malware,proc,20,read,/proc/net/tcp,file,2,0
214,malware,proc,20,read,/proc/net/tcp,file,2,0
215,malware,proc,20,read,/proc/net/tcp,file,2,0
216,malware,proc,20,read,/proc/net/tcp,file,2,0
217,malware,proc,20,read,/proc/net/tcp,file,2,0
218,malware,proc,20,read,/proc/net/tcp,file,2,0
219,malware,proc,20,read,/proc/net/tcp,file,2,0
220,malware,proc,20,read,/proc/net/tcp,file,2,0
221,malware,proc,20,read,/proc/net/tcp,file,2,0
222,malware,proc,20,read,/proc/net/tcp,file,2,0
223,malware,proc,20,read,/proc/net/tcp,file,2,0
224,malware,proc,20,read,/proc/net/tcp,file,2,0
225,malware,proc,20,read,/proc/net/tcp,file,2,0
226,malware,proc,20,read,/proc/net/tcp,file,2,0
227,malware,proc,20,read,/proc/net/tcp,file,2,0
228,malware,proc,20,read,/proc/net/tcp,file,2,0
229,malware,proc,20,read,/proc/net/tcp,file,2,0
230,malware,proc,20,read,/proc/net/tcp,file,2,0
231,malware,proc,20,read,/proc/net/tcp,file,2,0
232,malware,proc,20,read,/proc/net/tcp,file,2,0
233,malware,proc,20,read,/proc/net/tcp,file,2,0
234,malware,proc,20,read,/proc/net/tcp,file,2,0
235,malware,proc,20,read,/proc/net/tcp,file,2,0
236,malware,proc,20,read,/proc/net/tcp,file,2,0
237,malware,proc,20,read,/proc/net/tcp,file,2,0
238,malware,proc,20,read,/proc/net/tcp,file,2,0
239,malware,proc,20,read,/proc/net/tcp,file,2,0
240,malware,proc,20,read,/proc/net/tcp,file,2,0
241,malware,proc,20,read,/proc/net/tcp,file,2,0
242,malware,proc,20,read,/proc/net/tcp,file,2,0
243,malware,proc,20,read,/proc/net/tcp,file,2,0
244,malware,proc,20,read,/proc/net/tcp,file,2,0
245,malware,proc,20,read,/proc/net/tcp,file,2,0
246,malware,proc,20,read,/proc/net/tcp,file,2,0
247,malware,proc,20,read,/proc/net/tcp,file,2,0
248,malware,proc,20,read,/proc/net/tcp,file,2,0
249,malware,proc,20,read,/proc/net/tcp,file,2,0
250,malware,proc,20,read,/proc/net/tcp,file,2,0
251,malware,proc,20,read,/proc/net/tcp,file,2,0
252,malware,proc,20,read,/proc/net/tcp,file,2,0
253,malware,proc,20,read,/proc/net/tcp,file,2,0
254,malware,proc,20,read,/proc/net/tcp,file,2,0
255,malware,proc,20,read,/proc/net/tcp,file,2,0
256,malware,proc,20,read,/proc/net/tcp,file,2,0
257,malware,proc,20,read,/proc/net/tcp,file,2,0
258,malware,proc,20,read,/proc/net/tcp,file,2,0
259,malware,proc,20,read,/proc/net/tcp,file,2,0
260,malware,proc,20,read,/proc/net/tcp,file,2,0
261,malware,proc,20,read,/proc/net/tcp,file,2,0
262,malware,proc,20,read,/proc/net/tcp,file,2,0
263,malware,proc,20,read,/proc/net/tcp,file,2,0
264,malware,proc,20,read,/proc/net/tcp,file,2,0
265,malware,proc,20,read,/proc/net/tcp,file,2,0
266,malware,proc,20,read,/proc/net/tcp,file,2,0
267,malware,proc,20,read,/proc/net/tcp,file,2,0
268,malware,proc,20,read,/proc/net/tcp,file,2,0
269,malware,proc,20,read,/proc/net/tcp,file,2,0
270,malware,proc,20,read,/proc/net/tcp,file,2,0
271,malware,proc,20,read,/proc/net/tcp,file,2,0
272,malware,proc,20,read,/proc/net/tcp,file,2,0
273,malware,proc,20,read,/proc/net/tcp,file,2,0
274,malware,proc,20,read,/proc/net/tcp,file,2,0
275,malware,proc,20,read,/proc/net/tcp,file,2,0
276,malware,proc,20,read,/proc/net/tcp,file,2,0
277,malware,proc,20,read,/proc/net/tcp,file,2,0
278,malware,proc,20,read,/proc/net/tcp,file,2,0
279,malware,proc,20,read,/proc/net/tcp,file,2,0
280,malware,proc,20,read,/proc/net/tcp,file,2,0
281,malware,proc,20,read,/proc/net/tcp,file,2,0
282,malware,proc,20,read,/proc/net/tcp,file,2,0
283,malware,proc,20,read,/proc/net/tcp,file,2,0
284,malware,proc,20,read,/proc/net/tcp,file,2,0
285,malware,proc,20,read,/proc/net/tcp,file,2,0
286,malware,proc,20,read,/proc/net/tcp,file,2,0
287,malware,proc,20,read,/proc/net/tcp,file,2,0
288,malware,proc,20,read,/proc/net/tcp,file,2,0
289,malware,proc,20,read,/proc/net/tcp,file,2,0
290,malware,proc,20,read,/proc/net/tcp,file,2,0
291,malware,proc,20,read,/proc/net/tcp,file,2,0
292,malware,proc,20,read,/proc/net/tcp,file,2,0
293,malware,proc,20,read,/proc/net/tcp,file,2,0
294,malware,proc,20,read,/proc/net/tcp,file,2,0
295,malware,proc,20,read,/proc/net/tcp,file,2,0
296,malware,proc,20,read,/proc/net/tcp,file,2,0
297,malware,proc,20,read,/proc/net/tcp,file,2,0
298,malware,proc,20,read,/proc/net/tcp,file,2,0
299,malware,proc,20,read,/proc/net/tcp,file,2,0
300,malware,proc,20,read,/proc/net/tcp,file,2,0
301,malware,proc,20,read,/proc/net/tcp,file,2,0
302,malware,proc,20,read,/proc/net/tcp,file,2,0
303,malware,proc,20,read,/proc/net/tcp,file,2,0
304,malware,proc,20,read,/proc/net/tcp,file,2,0
305,malware,proc,20,read,/proc/net/tcp,file,2,0
306,malware,proc,20,read,/proc/net/tcp,file,2,0
307,malware,proc,20,read,/proc/net/tcp,file,2,0
308,malware,proc,20,read,/proc/net/tcp,file,2,0
309,malware,proc,20,read,/proc/net/tcp,file,2,0
310,malware,proc,20,read,/proc/net/tcp,file,2,0
311,malware,proc,20,read,/proc/net/tcp,file,2,0
312,malware,proc,20,read,/proc/net/tcp,file,2,0
313,malware,proc,20,read,/proc/net/tcp,file,2,0
314,malware,proc,20,read,/proc/net/tcp,file,2,0
315,malware,proc,20,read,/proc/net/tcp,file,2,0
316,malware,proc,20,read,/proc/net/tcp,file,2,0
317,malware,proc,20,read,/proc/net/tcp,file,2,0
318,malware,proc,20,read,/proc/net/tcp,file,2,0
319,malware,proc,20,read,/proc/net/tcp,file,2,0
320,malware,proc,20,read,/proc/net/tcp,file,2,0
321,malware,proc,20,read,/proc/net/tcp,file,2,0
322,malware,proc,20,read,/proc/net/tcp,file,2,0
323,malware,proc,20,read,/proc/net/tcp,file,2,0
324,malware,proc,20,read,/proc/net/tcp,file,2,0
325,malware,proc,20,read,/proc/net/tcp,file,2,0
326,malware,proc,20,read,/proc/net/tcp,file,2,0
327,malware,proc,20,read,/proc/net/tcp,file,2,0
328,malware,proc,20,read,/proc/net/tcp,file,2,0
329,malware,proc,20,read,/proc/net/tcp,file,2,0
330,malware,proc,20,read,/proc/net/tcp,file,2,0
331,malware,proc,20,read,/proc/net/tcp,file,2,0
332,malware,proc,20,read,/proc/net/tcp,file,2,0
333,malware,proc,20,read,/proc/net/tcp,file,2,0
334,malware,proc,20,read,/proc/net/tcp,file,2,0
335,malware,proc,20,read,/proc/net/tcp,file,2,0
336,malware,proc,20,read,/proc/net/tcp,file,2,0
337,malware,proc,20,read,/proc/net/tcp,file,2,0
338,malware,proc,20,read,/proc/net/tcp,file,2,0
339,malware,proc,20,read,/proc/net/tcp,file,2,0
340,malware,proc,20,read,/proc/net/tcp,file,2,0
341,malware,proc,20,read,/proc/net/tcp,file,2,0
342,malware,proc,20,read,/proc/net/tcp,file,2,0
343,malware,proc,20,read,/proc/net/tcp,file,2,0
344,malware,proc,20,read,/proc/net/tcp,file,2,0
345,malware,proc,20,read,/proc/net/tcp,file,2,0
346,malware,proc,20,read,/proc/net/tcp,file,2,0
347,malware,proc,20,read,/proc/net/tcp,file,2,0
348,malware,proc,20,read,/proc/net/tcp,file,2,0
349,malware,proc,20,read,/proc/net/tcp,file,2,0
350,malware,proc,20,read,/proc/net/tcp,file,2,0
351,malware,proc,20,read,/proc/net/tcp,file,2,0
352,malware,proc,20,read,/proc/net/tcp,file,2,0
353,malware,proc,20,read,/proc/net/tcp,file,2,0
354,malware,proc,20,read,/proc/net/tcp,file,2,0
355,malware,proc,20,read,/proc/net/tcp,file,2,0
356,malware,proc,20,read,/proc/net/tcp,file,2,0
357,malware,proc,20,read,/proc/net/tcp,file,2,0
358,malware,proc,20,read,/proc/net/tcp,file,2,0
359,malware,proc,20,read,/proc/net/tcp,file,2,0
360,malware,proc,20,read,/proc/net/tcp,file,2,0
361,malware,proc,20,read,/proc/net/tcp,file,2,0
362,malware,proc,20,read,/proc/net/tcp,file,2,0
363,malware,proc,20,read,/proc/net/tcp,file,2,0
364,malware,proc,20,read,/proc/net/tcp,file,2,0
365,malware,proc,20,read,/proc/net/tcp,file,2,0
366,malware,proc,20,read,/proc/net/tcp,file,2,0
367,malware,proc,20,read,/proc/net/tcp,file,2,0
368,malware,proc,20,read,/proc/net/tcp,file,2,0
369,malware,proc,20,read,/proc/net/tcp,file,2,0
370,malware,proc,20,read,/proc/net/tcp,file,2,0
371,malware,proc,20,read,/proc/net/tcp,file,2,0
372,malware,proc,20,read,/proc/net/tcp,file,2,0
373,malware,proc,20,read,/proc/net/tcp,file,2,0
374,malware,proc,20,read,/proc/net/tcp,file,2,0
375,malware,proc,20,read,/proc/net/tcp,file,2,0
376,malware,proc,20,read,/proc/net/tcp,file,2,0
377,malware,proc,20,read,/proc/net/tcp,file,2,0
378,malware,proc,20,read,/proc/net/tcp,file,2,0
379,malware,proc,20,read,/proc/net/tcp,file,2,0
380,malware,proc,20,read,/proc/net/tcp,file,2,0
381,malware,proc,20,read,/proc/net/tcp,file,2,0
382,malware,proc,20,read,/proc/net/tcp,file,2,0
383,malware,proc,20,read,/proc/net/tcp,file,2,0
384,malware,proc,20,read,/proc/net/tcp,file,2,0
385,malware,proc,20,read,/proc/net/tcp,file,2,0
386,malware,proc,20,read,/proc/net/tcp,file,2,0
387,malware,proc,20,read,/proc/net/tcp,file,2,0
388,malware,proc,20,read,/proc/net/tcp,file,2,0
389,malware,proc,20,read,/proc/net/tcp,file,2,0
390,malware,proc,20,read,/proc/net/tcp,file,2,0
391,malware,proc,20,read,/proc/net/tcp,file,2,0
392,malware,proc,20,read,/proc/net/tcp,file,2,0
393,malware,proc,20,read,/proc/net/tcp,file,2,0
394,malware,proc,20,read,/proc/net/tcp,file,2,0
395,malware,proc,20,read,/proc/net/tcp,file,2,0
396,malware,proc,20,read,/proc/net/tcp,file,2,0
397,malware,proc,20,read,/proc/net/tcp,file,2,0
398,malware,proc,20,read,/proc/net/tcp,file,2,0
399,malware,proc,20,read,/proc/net/tcp,file,2,0
400,malware,proc,20,read,/proc/net/tcp,file,2,0
401,malware,proc,20,read,/proc/net/tcp,file,2,0
402,malware,proc,20,read,/proc/net/tcp,file,2,0
403,malware,proc,20,read,/proc/net/tcp,file,2,0
404,malware,proc,20,read,/proc/net/tcp,file,2,0
405,malware,proc,20,read,/proc/net/tcp,file,2,0
406,malware,proc,20,read,/proc/net/tcp,file,2,0
407,malware,proc,20,read,/proc/net/tcp,file,2,0
408,malware,proc,20,read,/proc/net/tcp,file,2,0
409,malware,proc,20,read,/proc/net/tcp,file,2,0
410,malware,proc,20,read,/proc/net/tcp,file,2,0
411,malware,proc,20,read,/proc/net/tcp,file,2,0
412,malware,proc,20,read,/proc/net/tcp,file,2,0
413,malware,proc,20,read,/proc/net/tcp,file,2,0
414,malware,proc,20,read,/proc/net/tcp,file,2,0
415,malware,proc,20,read,/proc/net/tcp,file,2,0
416,malware,proc,20,read,/proc/net/tcp,file,2,0
417,malware,proc,20,read,/proc/net/tcp,file,2,0
418,malware,proc,20,read,/proc/net/tcp,file,2,0
419,malware,proc,20,read,/proc/net/tcp,file,2,0
420,malware,proc,20,read,/proc/net/tcp,file,2,0
421,malware,proc,20,read,/proc/net/tcp,file,2,0
422,malware,proc,20,read,/proc/net/tcp,file,2,0
423,malware,proc,20,read,/proc/net/tcp,file,2,0
424,malware,proc,20,read,/proc/net/tcp,file,2,0
425,malware,proc,20,read,/proc/net/tcp,file,2,0
426,malware,proc,20,read,/proc/net/tcp,file,2,0
427,malware,proc,20,read,/proc/net/tcp,file,2,0
428,malware,proc,20,read,/proc/net/tcp,file,2,0
429,malware,proc,20,read,/proc/net/tcp,file,2,0
430,malware,proc,20,read,/proc/net/tcp,file,2,0
431,malware,proc,20,read,/proc/net/tcp,file,2,0
432,malware,proc,20,read,/proc/net/tcp,file,2,0
433,malware,proc,20,read,/proc/net/tcp,file,2,0
434,malware,proc,20,read,/proc/net/tcp,file,2,0
435,malware,proc,20,read,/proc/net/tcp,file,2,0
436,malware,proc,20,read,/proc/net/tcp,file,2,0
437,malware,proc,20,read,/proc/net/tcp,file,2,0
438,malware,proc,20,read,/proc/net/tcp,file,2,0
439,malware,proc,20,read,/proc/net/tcp,file,2,0
440,malware,proc,20,read,/proc/net/tcp,file,2,0
441,malware,proc,20,read,/proc/net/tcp,file,2,0
442,malware,proc,20,read,/proc/net/tcp,file,2,0
443,malware,proc,20,read,/proc/net/tcp,file,2,0
444,malware,proc,20,read,/proc/net/tcp,file,2,0
445,malware,proc,20,read,/proc/net/tcp,file,2,0
446,malware,proc,20,read,/proc/net/tcp,file,2,0
447,malware,proc,20,read,/proc/net/tcp,file,2,0
448,malware,proc,20,read,/proc/net/tcp,file,2,0
449,malware,proc,20,read,/proc/net/tcp,file,2,0
450,malware,proc,20,read,/proc/net/tcp,file,2,0
451,malware,proc,20,read,/proc/net/tcp,file,2,0
452,malware,proc,20,read,/proc/net/tcp,file,2,0
453,malware,proc,20,read,/proc/net/tcp,file,2,0
454,malware,proc,20,read,/proc/net/tcp,file,2,0
455,malware,proc,20,read,/proc/net/tcp,file,2,0
456,malware,proc,20,read,/proc/net/tcp,file,2,0
457,malware,proc,20,read,/proc/net/tcp,file,2,0
458,malware,proc,20,read,/proc/net/tcp,file,2,0
459,malware,proc,20,read,/proc/net/tcp,file,2,0
460,malware,proc,20,read,/proc/net/tcp,file,2,0
461,malware,proc,20,read,/proc/net/tcp,file,2,0
462,malware,proc,20,read,/proc/net/tcp,file,2,0
463,malware,proc,20,read,/proc/net/tcp,file,2,0
464,malware,proc,20,read,/proc/net/tcp,file,2,0
465,malware,proc,20,read,/proc/net/tcp,file,2,0
466,malware,proc,20,read,/proc/net/tcp,file,2,0
467,malware,proc,20,read,/proc/net/tcp,file,2,0
468,malware,proc,20,read,/proc/net/tcp,file,2,0
469,malware,proc,20,read,/proc/net/tcp,file,2,0
470,malware,proc,20,read,/proc/net/tcp,file,2,0
471,malware,proc,20,read,/proc/net/tcp,file,2,0
472,malware,proc,20,read,/proc/net/tcp,file,2,0
473,malware,proc,20,read,/proc/net/tcp,file,2,0
474,malware,proc,20,read,/proc/net/tcp,file,2,0
475,malware,proc,20,read,/proc/net/tcp,file,2,0
476,malware,proc,20,read,/proc/net/tcp,file,2,0
477,malware,proc,20,read,/proc/net/tcp,file,2,0
478,malware,proc,20,read,/proc/net/tcp,file,2,0
479,malware,proc,20,read,/proc/net/tcp,file,2,0
480,malware,proc,20,read,/proc/net/tcp,file,2,0
481,malware,proc,20,read,/proc/net/tcp,file,2,0
482,malware,proc,20,read,/proc/net/tcp,file,2,0
483,malware,proc,20,read,/proc/net/tcp,file,2,0
484,malware,proc,20,read,/proc/net/tcp,file,2,0
485,malware,proc,20,read,/proc/net/tcp,file,2,0
486,malware,proc,20,read,/proc/net/tcp,file,2,0
487,malware,proc,20,read,/proc/net/tcp,file,2,0
488,malware,proc,20,read,/proc/net/tcp,file,2,0
489,malware,proc,20,read,/proc/net/tcp,file,2,0
490,malware,proc,20,read,/proc/net/tcp,file,2,0
491,malware,proc,20,read,/proc/net/tcp,file,2,0
492,malware,proc,20,read,/proc/net/tcp,file,2,0
493,malware,proc,20,read,/proc/net/tcp,file,2,0
494,malware,proc,20,read,/proc/net/tcp,file,2,0
495,malware,proc,20,read,/proc/net/tcp,file,2,0
496,malware,proc,20,read,/proc/net/tcp,file,2,0
497,malware,proc,20,read,/proc/net/tcp,file,2,0
498,malware,proc,20,read,/proc/net/tcp,file,2,0
499,malware,proc,20,read,/proc/net/tcp,file,2,0
500,malware,proc,20,read,/proc/net/tcp,file,2,0
501,malware,proc,20,read,/proc/net/tcp,file,2,0
502,malware,proc,20,read,/proc/net/tcp,file,2,0
503,malware,proc,20,read,/proc/net/tcp,file,2,0
504,malware,proc,20,read,/proc/net/tcp,file,2,0
505,malware,proc,20,read,/proc/net/tcp,file,2,0
506,malware,proc,20,read,/proc/net/tcp,file,2,0
507,malware,proc,20,read,/proc/net/tcp,file,2,0
508,malware,proc,20,read,/proc/net/tcp,file,2,0
509,malware,proc,20,read,/proc/net/tcp,file,2,0
510,malware,proc,20,read,/proc/net/tcp,file,2,0
511,malware,proc,20,read,/proc/net/tcp,file,2,0
512,malware,proc,20,read,/proc/net/tcp,file,2,0
513,malware,proc,20,read,/proc/net/tcp,file,2,0
514,malware,proc,20,read,/proc/net/tcp,file,2,0
515,malware,proc,20,read,/proc/net/tcp,file,2,0
516,malware,proc,20,read,/proc/net/tcp,file,2,0
517,malware,proc,20,read,/proc/net/tcp,file,2,0
518,malware,proc,20,read,/proc/net/tcp,file,2,0
519,malware,proc,20,read,/proc/net/tcp,file,2,0
520,malware,proc,20,read,/proc/net/tcp,file,2,0
521,malware,proc,20,read,/proc/net/tcp,file,2,0
522,malware,proc,20,read,/proc/net/tcp,file,2,0
523,malware,proc,20,read,/proc/net/tcp,file,2,0
524,malware,proc,20,read,/proc/net/tcp,file,2,0
525,malware,proc,20,read,/proc/net/tcp,file,2,0
526,malware,proc,20,read,/proc/net/tcp,file,2,0
527,malware,proc,20,read,/proc/net/tcp,file,2,0
528,malware,proc,20,read,/proc/net/tcp,file,2,0
529,malware,proc,20,read,/proc/net/tcp,file,2,0
530,malware,proc,20,read,/proc/net/tcp,file,2,0
531,malware,proc,20,read,/proc/net/tcp,file,2,0
532,malware,proc,20,read,/proc/net/tcp,file,2,0
533,malware,proc,20,read,/proc/net/tcp,file,2,0
534,malware,proc,20,read,/proc/net/tcp,file,2,0
535,malware,proc,20,read,/proc/net/tcp,file,2,0
536,malware,proc,20,read,/proc/net/tcp,file,2,0
537,malware,proc,20,read,/proc/net/tcp,file,2,0
538,malware,proc,20,read,/proc/net/tcp,file,2,0
539,malware,proc,20,read,/proc/net/tcp,file,2,0
540,malware,proc,20,read,/proc/net/tcp,file,2,0
541,malware,proc,20,read,/proc/net/tcp,file,2,0
542,malware,proc,20,read,/proc/net/tcp,file,2,0
543,malware,proc,20,read,/proc/net/tcp,file,2,0
544,malware,proc,20,read,/proc/net/tcp,file,2,0
545,malware,proc,20,read,/proc/net/tcp,file,2,0
546,malware,proc,20,read,/proc/net/tcp,file,2,0
547,malware,proc,20,read,/proc/net/tcp,file,2,0
548,malware,proc,20,read,/proc/net/tcp,file,2,0
549,malware,proc,20,read,/proc/net/tcp,file,2,0
550,malware,proc,20,read,/proc/net/tcp,file,2,0
551,malware,proc,20,read,/proc/net/tcp,file,2,0
552,malware,proc,20,read,/proc/net/tcp,file,2,0
553,malware,proc,20,read,/proc/net/tcp,file,2,0
554,malware,proc,20,read,/proc/net/tcp,file,2,0
555,malware,proc,20,read,/proc/net/tcp,file,2,0
556,malware,proc,20,read,/proc/net/tcp,file,2,0
557,malware,proc,20,read,/proc/net/tcp,file,2,0
558,malware,proc,20,read,/proc/net/tcp,file,2,0
559,malware,proc,20,read,/proc/net/tcp,file,2,0
560,malware,proc,20,read,/proc/net/tcp,file,2,0
561,malware,proc,20,read,/proc/net/tcp,file,2,0
562,malware,proc,20,read,/proc/net/tcp,file,2,0
563,malware,proc,20,read,/proc/net/tcp,file,2,0
564,malware,proc,20,read,/proc/net/tcp,file,2,0
565,malware,proc,20,read,/proc/net/tcp,file,2,0
566,malware,proc,20,read,/proc/net/tcp,file,2,0
567,malware,proc,20,read,/proc/net/tcp,file,2,0
568,malware,proc,20,read,/proc/net/tcp,file,2,0
569,malware,proc,20,read,/proc/net/tcp,file,2,0
570,malware,proc,20,read,/proc/net/tcp,file,2,0
571,malware,proc,20,read,/proc/net/tcp,file,2,0
572,malware,proc,20,read,/proc/net/tcp,file,2,0
573,malware,proc,20,read,/proc/net/tcp,file,2,0
574,malware,proc,20,read,/proc/net/tcp,file,2,0
575,malware,proc,20,read,/proc/net/tcp,file,2,0
576,malware,proc,20,read,/proc/net/tcp,file,2,0
577,malware,proc,20,read,/proc/net/tcp,file,2,0
578,malware,proc,20,read,/proc/net/tcp,file,2,0
579,malware,proc,20,read,/proc/net/tcp,file,2,0
580,malware,proc,20,read,/proc/net/tcp,file,2,0
581,malware,proc,20,read,/proc/net/tcp,file,2,0
582,malware,proc,20,read,/proc/net/tcp,file,2,0
583,malware,proc,20,read,/proc/net/tcp,file,2,0
584,malware,proc,20,read,/proc/net/tcp,file,2,0
585,malware,proc,20,read,/proc/net/tcp,file,2,0
586,malware,proc,20,read,/proc/net/tcp,file,2,0
587,malware,proc,20,read,/proc/net/tcp,file,2,0
588,malware,proc,20,read,/proc/net/tcp,file,2,0
589,malware,proc,20,read,/proc/net/tcp,file,2,0
590,malware,proc,20,read,/proc/net/tcp,file,2,0
591,malware,proc,20,read,/proc/net/tcp,file,2,0
592,malware,proc,20,read,/proc/net/tcp,file,2,0
593,malware,proc,20,read,/proc/net/tcp,file,2,0
594,malware,proc,20,read,/proc/net/tcp,file,2,0
595,malware,proc,20,read,/proc/net/tcp,file,2,0
596,malware,proc,20,read,/proc/net/tcp,file,2,0
597,malware,proc,20,read,/proc/net/tcp,file,2,0
598,malware,proc,20,read,/proc/net/tcp,file,2,0
599,malware,proc,20,read,/proc/net/tcp,file,2,0
600,malware,proc,20,read,/proc/net/tcp,file,2,0
601,malware,proc,20,read,/proc/net/tcp,file,2,0
602,malware,proc,20,read,/proc/net/tcp,file,2,0
603,malware,proc,20,read,/proc/net/tcp,file,2,0
604,malware,proc,20,read,/proc/net/tcp,file,2,0
605,malware,proc,20,read,/proc/net/tcp,file,2,0
606,malware,proc,20,read,/proc/net/tcp,file,2,0
607,malware,proc,20,read,/proc/net/tcp,file,2,0
608,malware,proc,20,read,/proc/net/tcp,file,2,0
609,malware,proc,20,read,/proc/net/tcp,file,2,0
610,malware,proc,20,read,/proc/net/tcp,file,2,0
611,malware,proc,20,read,/proc/net/tcp,file,2,0
612,malware,proc,20,read,/proc/net/tcp,file,2,0
613,malware,proc,20,read,/proc/net/tcp,file,2,0
614,malware,proc,20,read,/proc/net/tcp,file,2,0
615,malware,proc,20,read,/proc/net/tcp,file,2,0
616,malware,proc,20,read,/proc/net/tcp,file,2,0
617,malware,proc,20,read,/proc/net/tcp,file,2,0
618,malware,proc,20,read,/proc/net/tcp,file,2,0
619,malware,proc,20,read,/proc/net/tcp,file,2,0
620,malware,proc,20,read,/proc/net/tcp,file,2,0
621,malware,proc,20,read,/proc/net/tcp,file,2,0
622,malware,proc,20,read,/proc/net/tcp,file,2,0
623,malware,proc,20,read,/proc/net/tcp,file,2,0
624,Unknown,file,3,setsockopt,malware,proc,20,0
625,malware,proc,20,fcntl,Unknown,file,3,1
626,malware,proc,20,fcntl,Unknown,file,3,1
627,malware,proc,20,bind,192.168.1.2:38273,net,1,0
