node_name,type,appearance,importance
malware,proc,26,False
Unknown,file,14,True
/proc/self/exe,file,2,True
Memory Address,mem,10,True
Timestamp,other,182,False
ID,other,4,True
1873,proc,139063,True
8.8.8.8:53,net,5,True
"""/""",file,1,False
1874,proc,9,True
status:0,other,3,True
//8.8.8.8:53,file,2,False
111.240.131.42:23,net,138874,True
/dev/watchdog,file,1,True
/dev/misc/watchdog,file,1,True
/dev/watchdog0,file,1,True
/bin/watchdog,file,1,True
/etc/watchdog,file,1,True
1875,proc,4,True
1876,proc,237,True
//Unknown,file,114,False
136.144.41.60:3074,net,15,True
Sleep Duration,other,56,False
255.255.255.255:3074,net,42,True
