node_name,type,appearance,importance
malware,proc,15,False
Memory Address,mem,6,True
8.8.8.8:53,net,98,True
127.0.0.1:46157,net,42,False
Timestamp,other,4768,False
ID,other,129,True
1879,proc,215,True
status:0,other,2,True
1880,proc,11,True
1881,proc,66500,True
1882,proc,60483,True
1883,proc,73506,True
1884,proc,69423,True
1885,proc,5242,True
62.171.150.168:23,net,8,True
Unknown,net,79,True
Sleep Duration,other,301,False
/dev/watchdog,file,1,True
/dev/misc/watchdog,file,1,True
/sbin/watchdog,file,1,True
/bin/watchdog,file,1,True
/dev/FTWDT101_watchdog,file,1,True
/dev/FTWDT101/watchdog,file,1,True
/dev/watchdog0,file,1,True
/etc/default/watchdog,file,1,True
/etc/watchdog,file,1,True
219.244.162.21:23,net,66334,True
195.236.162.21:80,net,60306,True
197.228.162.21:37215,net,73289,True
117.229.98.20:443,net,69334,True
/proc/,file,327,True
/proc/943/cmdline,file,2,True
/proc/945/cmdline,file,2,True
/proc/955/cmdline,file,2,True
/proc/959/cmdline,file,2,True
/proc/997/cmdline,file,2,True
/proc/1027/cmdline,file,2,True
/proc/1085/cmdline,file,3,True
/proc/1086/cmdline,file,2,True
/proc/1109/cmdline,file,3,True
/proc/1263/cmdline,file,3,True
/proc/1367/cmdline,file,3,True
/proc/1380/cmdline,file,3,True
/proc/1384/cmdline,file,3,True
/proc/1385/cmdline,file,3,True
/proc/1399/cmdline,file,3,True
/proc/1401/cmdline,file,3,True
/proc/1414/cmdline,file,3,True
/proc/1415/cmdline,file,6,True
/proc/1416/cmdline,file,6,True
/proc/1418/cmdline,file,6,True
/proc/1421/cmdline,file,6,True
/proc/1422/cmdline,file,6,True
/proc/1423/cmdline,file,6,True
/proc/1431/cmdline,file,6,True
/proc/1447/cmdline,file,6,True
/proc/1468/cmdline,file,6,True
/proc/1473/cmdline,file,6,True
/proc/1505/cmdline,file,6,True
/proc/1527/cmdline,file,6,True
/proc/1789/cmdline,file,6,True
/proc/1790/cmdline,file,6,True
/proc/1791/cmdline,file,6,True
/proc/1792/cmdline,file,6,True
/proc/1793/cmdline,file,6,True
/proc/1794/cmdline,file,6,True
/proc/1795/cmdline,file,6,True
/proc/1796/cmdline,file,6,True
/proc/1797/cmdline,file,6,True
/proc/1798/cmdline,file,6,True
/proc/1799/cmdline,file,6,True
/proc/1800/cmdline,file,6,True
/proc/1801/cmdline,file,6,True
/proc/1803/cmdline,file,6,True
/proc/1804/cmdline,file,6,True
/proc/1805/cmdline,file,6,True
/proc/1806/cmdline,file,6,True
/proc/1807/cmdline,file,6,True
/proc/1808/cmdline,file,6,True
/proc/1809/cmdline,file,6,True
/proc/1811/cmdline,file,6,True
/proc/1812/cmdline,file,6,True
/proc/1813/cmdline,file,6,True
/proc/1814/cmdline,file,6,True
/proc/1818/cmdline,file,6,True
/proc/1819/cmdline,file,6,True
/proc/1821/cmdline,file,6,True
/proc/1822/cmdline,file,6,True
/proc/1824/cmdline,file,6,True
/proc/1848/cmdline,file,6,True
/proc/1861/cmdline,file,6,True
/proc/1871/cmdline,file,6,True
/proc/1872/cmdline,file,6,True
/proc/1873/cmdline,file,6,True
/proc/1881/cmdline,file,6,True
/proc/1882/cmdline,file,6,True
/proc/1883/cmdline,file,6,True
/proc/1884/cmdline,file,6,True
/proc/1887/cmdline,file,3,True
/proc/1889/cmdline,file,2,True
